"","Intercept..Est","Intercept..SE","Intercept..t.val","Intercept..pval","UC_case_control.Est","UC_case_control.SE","UC_case_control.t.val","UC_case_control.pval","F1_SDC_AGE_CALC.Est","F1_SDC_AGE_CALC.SE","F1_SDC_AGE_CALC.t.val","F1_SDC_AGE_CALC.pval","A_HS_DENTAL_VISIT_LAST.Est","A_HS_DENTAL_VISIT_LAST.SE","A_HS_DENTAL_VISIT_LAST.t.val","A_HS_DENTAL_VISIT_LAST.pval","PM_BIOIMPED_BMI.Est","PM_BIOIMPED_BMI.SE","PM_BIOIMPED_BMI.t.val","PM_BIOIMPED_BMI.pval","PM_BIOIMPED_WEIGHT.Est","PM_BIOIMPED_WEIGHT.SE","PM_BIOIMPED_WEIGHT.t.val","PM_BIOIMPED_WEIGHT.pval","PM_WAIST_AVG.Est","PM_WAIST_AVG.SE","PM_WAIST_AVG.t.val","PM_WAIST_AVG.pval","PM_WAIST_HIP_RATIO.Est","PM_WAIST_HIP_RATIO.SE","PM_WAIST_HIP_RATIO.t.val","PM_WAIST_HIP_RATIO.pval","PM_STANDING_HEIGHT_AVG.Est","PM_STANDING_HEIGHT_AVG.SE","PM_STANDING_HEIGHT_AVG.t.val","PM_STANDING_HEIGHT_AVG.pval","A_SLE_LIGHT_EXP.Est","A_SLE_LIGHT_EXP.SE","A_SLE_LIGHT_EXP.t.val","A_SLE_LIGHT_EXP.pval","NUT_VEG_DAY_QTY.Est","NUT_VEG_DAY_QTY.SE","NUT_VEG_DAY_QTY.t.val","NUT_VEG_DAY_QTY.pval","NUT_JUICE_DAY_QTY.Est","NUT_JUICE_DAY_QTY.SE","NUT_JUICE_DAY_QTY.t.val","NUT_JUICE_DAY_QTY.pval","REFINED_GRAIN_SERVINGS_DAY_QTY.Est","REFINED_GRAIN_SERVINGS_DAY_QTY.SE","REFINED_GRAIN_SERVINGS_DAY_QTY.t.val","REFINED_GRAIN_SERVINGS_DAY_QTY.pval","PM_BIOIMPED_FFM.Est","PM_BIOIMPED_FFM.SE","PM_BIOIMPED_FFM.t.val","PM_BIOIMPED_FFM.pval","SALT_SEASONING.Est","SALT_SEASONING.SE","SALT_SEASONING.t.val","SALT_SEASONING.pval","NUTS_SEEDS_SERVINGS_PER_DAY.Est","NUTS_SEEDS_SERVINGS_PER_DAY.SE","NUTS_SEEDS_SERVINGS_PER_DAY.t.val","NUTS_SEEDS_SERVINGS_PER_DAY.pval","Intercept..pval.holm","UC_case_control.pval.holm","F1_SDC_AGE_CALC.pval.holm","A_HS_DENTAL_VISIT_LAST.pval.holm","PM_BIOIMPED_BMI.pval.holm","PM_BIOIMPED_WEIGHT.pval.holm","PM_WAIST_AVG.pval.holm","PM_WAIST_HIP_RATIO.pval.holm","PM_STANDING_HEIGHT_AVG.pval.holm","A_SLE_LIGHT_EXP.pval.holm","NUT_VEG_DAY_QTY.pval.holm","NUT_JUICE_DAY_QTY.pval.holm","REFINED_GRAIN_SERVINGS_DAY_QTY.pval.holm","PM_BIOIMPED_FFM.pval.holm","SALT_SEASONING.pval.holm","NUTS_SEEDS_SERVINGS_PER_DAY.pval.holm","UC_case_control.rab.all","UC_case_control.rab.win.0","UC_case_control.rab.win.1","UC_case_control.diff.btw","UC_case_control.diff.win","UC_case_control.effect","UC_case_control.overlap"
"7e464b9b7f9ca86103a675a09263efec",-51.4437061952395,98.5302588535582,-0.489602281010118,0.609938742555613,1.61174722050375,0.888513144260212,1.813676122685,0.109147562489807,-0.0277089954616689,0.0668504405740745,-0.370456296524514,0.690899949486752,-1.06249872096287,0.821501826450521,-1.29921324115294,0.218623761698592,0.484653323693356,1.70708699245412,0.253998502986642,0.689087506565823,-0.191349128041649,0.635165092437134,-0.271215959031826,0.687330014937324,-0.124915057381449,0.176285318006747,-0.723985437154912,0.495307373785106,11.4284464820155,16.0783439867064,0.706087043306879,0.502571699151836,0.282690636669923,0.54290336576836,0.485921513417943,0.617437994161223,0.336522009087432,0.766251830632514,0.428156433799964,0.67313111529862,-0.54960457836198,0.463216095921852,-1.19695979839809,0.265017935855653,-0.269901659215773,0.318044670798184,-0.836439585586575,0.479288980781752,0.430965744924635,0.481988930124961,0.880343153655752,0.408110449659437,0.164370179696393,0.231544394410407,0.72400671846555,0.491654982514081,0.555158341080151,0.380637316920969,1.44634717310277,0.18070136596068,-0.830333968339769,0.63722505810242,-1.37198918927955,0.226852407517127,1,0.989152538030083,1,1,1,1,1,1,1,1,1,0.996205539702855,1,1,1,1,2.02133386384769,1.77138856112953,2.24667244118598,0.611938120383644,2.37232494380321,0.203181303535246,0.386948537799156
"41f01f3e3cbf6beb908ae1ebb553208e",53.0374210780135,217.910275881269,0.260332627250732,0.60029407423742,-0.196308811240793,1.96504248179882,-0.101162585801469,0.657570917925367,0.0787203179217047,0.147846946895084,0.564759192648905,0.547209898008278,0.658240905678968,1.81683973757605,0.366856654389882,0.59089988052796,-0.162985427132451,3.77540668021464,-0.0521842209120866,0.61963246857739,-0.172113260509254,1.40473598804647,-0.118441797695138,0.619445367559003,0.60737724398826,0.389873960828229,1.60024597426416,0.200122785166134,-61.5952395138848,35.5589888286445,-1.78770270376202,0.157756930333384,-0.277622984769873,1.20068924600395,-0.2478562358835,0.603501582496331,-0.0532085417049415,1.69464842324047,-0.0263748180679771,0.619510877377467,0.0913618319444213,1.02445226907399,0.0889836981847019,0.63606085319524,-0.304786476970379,0.703390032286479,-0.439545794546066,0.597824850422719,-1.19863285805322,1.06597041312304,-1.16325976018565,0.337706824331288,0.123246461142357,0.512085357856654,0.250174043036498,0.619201274755278,-0.512570748135019,0.841820408329911,-0.626091045625358,0.540780032773411,-1.60890156641486,1.40929182390493,-1.18963533734102,0.344882780183069,1,1,0.996493787389193,1,1,1,0.96201927811105,0.940690794742092,1,1,1,1,0.986634047523809,1,0.994325915564295,0.983063531804326,-4.17274467225126,-4.4274058888593,-3.77010570904375,0.7911046018357,6.38265636030263,0.118921718346921,0.444444448397068
"bc6f21affc11d8c4a5d6454f728e4add",65.4419360625083,166.672825771609,0.401898364548265,0.548808220834685,-0.991617201696359,1.50300017692198,-0.691236481662034,0.45558037524558,0.0306688073746663,0.113083553866617,0.277087200243237,0.593014521731064,0.236315327490238,1.38964448469123,0.187089344896671,0.543432511507687,-0.919032187527333,2.88769172212533,-0.327639840226019,0.562772342316218,0.176150045463038,1.07443908114892,0.169150372053562,0.56005238230841,0.21237383841428,0.29820252616915,0.746194527337037,0.475981450473395,-20.6826134053426,27.1979700162489,-0.7850210972352,0.453015293251164,-0.454374690915277,0.918370043338847,-0.506452676270534,0.521724634448352,-1.13163452100553,1.29618413013616,-0.895830986085149,0.389710011386448,0.455890247627461,0.783571834160464,0.585602386888677,0.465226176932405,0.186164291969857,0.538001266010276,0.370141388233168,0.539299893187737,-0.916238391588022,0.815327777570948,-1.16267502513214,0.367386051940884,0.273587142939858,0.391678241354432,0.70280035801756,0.474402341832897,0.586183890629038,0.643882376272175,0.95018460109377,0.427272632886974,-0.896570313601923,1.07792369899547,-0.853667794159257,0.453936278444327,0.999240438266038,1,0.996973685700663,1,1,1,0.991823129387448,0.997644503428673,0.99934273592232,0.988168574774237,0.999103681511157,1,0.969906874910249,0.994859903566464,0.989515152977104,0.988682420481481,-4.51677507659318,-4.21828653891978,-4.7684118506427,-0.591904201383719,5.0616394365967,-0.113581622208219,0.43750000446972
"c2ba82ad21732bcd0ef11c61560cf91c",14.7763614581838,194.169146325982,0.0728482829307834,0.7122619539876,-2.64320599727828,1.7509528618699,-1.52340866078963,0.180218116303074,0.152260476873164,0.131739154335075,1.17290628921756,0.303605472063968,-3.10617149575449,1.61889667400759,-1.93028135361749,0.0886467991432584,0.477091291821038,3.36407950091399,0.145143660037568,0.706721910362658,-0.0843938718609057,1.25169125920883,-0.0627427971454412,0.715346772455237,-0.175892089304705,0.347397541683595,-0.54130475643835,0.563989170181752,-11.8474399870121,31.6848688165354,-0.356504618601245,0.656581018099046,-0.125097730537747,1.06987522711596,-0.114287026121717,0.700218129794684,-1.09341245081974,1.5100179940232,-0.706623559547295,0.49932097320814,-0.817696090862137,0.912839111112842,-0.895592176504613,0.417673112582934,0.199503696256711,0.626756317713472,0.324829752416222,0.692658622141271,0.33697750523076,0.94983389052121,0.378780430948557,0.654043293131242,0.424432799015308,0.456294116369428,0.925163194576057,0.393898530106317,-0.0927087580985362,0.750104828164551,-0.125261348045319,0.757022602971674,-0.850220572135634,1.2557507408274,-0.668579506493515,0.524273125167821,1,0.99945101166424,0.997777864057497,0.987236715269161,1,1,1,1,1,1,1,1,1,1,1,1,-0.872191294229032,0.984524595750415,-1.87858407560938,-2.28146974089066,5.70380269350242,-0.365560726352005,0.326286778613706
"250a576e3788b3f444938c7b08afb2e3",-14.4264369485273,93.9404086170778,-0.154314433649896,0.869550451728212,0.132148642202969,0.847123399498048,0.155727633646546,0.861596113532209,-0.00263824065033577,0.063736336195908,-0.0417862155809779,0.90773928042452,0.181459265562126,0.783233680235589,0.23209266778781,0.817878779693739,0.605085410835725,1.62756549593949,0.372801334664467,0.716073862195125,0.0843647863958942,0.605577099026301,0.139015394556976,0.876190123907723,-0.209901440094238,0.168073391863897,-1.25053706102664,0.232708013996227,8.31052648422435,15.3293640103188,0.543010094400102,0.598631813257897,0.119089996761211,0.517613214592958,0.230957333433537,0.81808024524414,-0.514259575061896,0.730557403489483,-0.705444890245808,0.494051352039099,0.1358916145916,0.441638029121395,0.308196985900016,0.763697806189227,0.106381509359314,0.303229146872239,0.351470958951885,0.731847560993675,0.214617831475387,0.459536365495012,0.467551067730786,0.649996256148942,-0.160831564766556,0.220758326193335,-0.729635824321687,0.479393451549716,-1.04206630754518,0.362906030112116,-2.87456858630696,0.0106927836726731,0.62326558595777,0.60754110499346,1.02675789544278,0.322541359552553,1,1,1,1,1,1,1,1,1,1,1,1,1,1,0.602849180512576,1,7.24297926108544,7.25985217553333,7.23747939499621,0.221814199222378,3.02335260031224,0.0701272536057569,0.469669119790181
"eedb6e6a512baecd8df273d5495ca5c0",-190.783650732891,178.57689873531,-1.0946927338577,0.364594833436993,0.218101120011792,1.61034715257746,0.143554219018315,0.602732065504599,-0.146584458007031,0.121160184655054,-1.26774763557108,0.323869569325116,1.71753720323243,1.48889539294688,1.21878674348958,0.338663080880473,2.69956244611452,3.09393585819079,0.892657955105377,0.439670089292156,-0.49562298953569,1.15117745261311,-0.431870775546799,0.56480767185044,-0.142650021321317,0.319500686880373,-0.484150028366372,0.543210163924559,20.6737449725879,29.1404979480764,0.748755077193354,0.454981410344836,1.18093446038406,0.983961683445574,1.23452655490014,0.315354999592103,-0.479996487150685,1.38875993178888,-0.348970091632393,0.562969264314946,0.38823752960765,0.839535943744403,0.496831945044622,0.551991821997694,-0.246604199021492,0.576426283978866,-0.469468800553703,0.545833487828597,1.1696253425341,0.873559953743665,1.41414662030246,0.264803357678877,-0.869951922315464,0.419652605752419,-2.17453069546186,0.11324733125954,0.224475695767741,0.689869613553962,0.330842264837947,0.550018640822663,1.48765480635193,1.15491094813305,1.35823554496483,0.280446135431837,0.993779888625405,1,0.973165672030433,0.97702818579231,0.994157007679114,1,0.998887535719975,0.989765090556458,0.993273685134204,1,1,0.992220705266719,0.954994507917476,0.802219456220473,1,0.975024004869237,-4.33742773643851,-4.5278544002111,-4.17484516599039,0.311048248669239,5.5489875119741,0.05598536358567,0.474264707698881
"ed32eeb458a2b9bdee12e2db96fcb98b",342.937745677201,205.052148991734,1.68398264369151,0.126349318043234,-0.693109689915134,1.84909216476071,-0.369119121997902,0.708460551207348,0.0376833073075661,0.139123013176405,0.278107220574413,0.741979547540553,-0.00676283392839735,1.70963434861848,-0.00488727278774125,0.81341420948915,-4.67972316308415,3.55263307324511,-1.32282283065843,0.225316263725391,1.46372098658423,1.32184740692036,1.11169090241258,0.307475378465754,0.0902816285921469,0.366868855451802,0.252264532047067,0.754884450550074,-51.5057642447264,33.4607766696577,-1.56193480773805,0.158915608211998,-1.7789094175205,1.12984075289098,-1.58467591283228,0.147615844967469,-0.517682190896323,1.59465311842498,-0.331001353825369,0.630050750947576,0.628207045644167,0.964002906533588,0.656747584174104,0.540617964299823,-1.23018862159366,0.661885434802965,-1.87999144467192,0.0950270757880538,0.882315220342688,1.0030712094164,0.883551531169574,0.404756848238034,0.206728897271403,0.481868983328355,0.435948503058619,0.653239041879241,-0.533356108755003,0.792147516196988,-0.688470095695075,0.528064843089104,0.668586751990685,1.32613441876252,0.509116469217291,0.61413274506389,1,1,1,1,1,1,1,1,1,1,1,0.981552170960171,1,1,1,1,2.20819438325739,2.13532557070551,3.32793556944088,1.35614654084195,6.4948498543038,0.186804020832752,0.408088241990818
"645dd8b575c7e7c0952933bbe90b4bb9",107.389502924964,188.336561977183,0.597972475776629,0.537041293695426,-0.216946836660756,1.69835655369805,-0.145612029364475,0.592195811273672,0.131808827858028,0.127781884376187,1.06398042534214,0.393548907056761,-0.0357692602862878,1.57026715906248,-0.0197308983246067,0.62093878403405,-1.64642316372002,3.26302700201592,-0.528198142153742,0.555662830735493,0.251182532313793,1.21409210926081,0.219616049716461,0.59934799718273,0.35909461762627,0.33696217899712,1.10694616131698,0.344156092758136,-38.4799163637726,30.7330972634854,-1.29645616573311,0.298151445170811,-0.663035610472688,1.03773759030332,-0.668302362368121,0.514432209271819,-0.526497696889705,1.46465905062259,-0.366831189240374,0.577668497409374,0.260190092298295,0.885418631530007,0.316879385123671,0.576918239678693,-0.18225221094624,0.607929386873136,-0.305769377315674,0.601681169726798,-1.55035449618899,0.921302136693998,-1.76303956904627,0.196976273637792,0.403122180874327,0.442587644605283,0.935430859992706,0.435351214461596,-0.158928990121734,0.727572671210191,-0.242257221905818,0.604118903510808,-1.88436419409716,1.2180296494206,-1.61000825341028,0.211262058436114,1,1,0.99097031005918,1,1,1,0.991392338102191,0.993368249612218,1,1,1,1,0.915073069558268,0.994231171694165,1,0.949024789835979,-4.32501239504329,-4.46991759705807,-4.12299258986459,0.425209353717422,5.54664555642853,0.0751216102619515,0.463728193563181
"0f898170dbe4592000abdcde0dd2ba2e",-79.3992930407192,114.87011022391,-0.682252130192919,0.506489406000872,-0.608835735666743,1.0358604960965,-0.56365425919535,0.58514543607521,0.123253253285634,0.0779366416632889,1.60497261222342,0.130920598016821,-0.863119133917387,0.957736297980981,-0.912077225667464,0.377241379030259,2.12150405915756,1.99018325199423,1.06893825496463,0.301891810881358,-0.797000299036071,0.740498249244157,-1.07885856607327,0.297617340337525,0.213022434895455,0.20551974739444,1.0329966823093,0.31914404806606,-27.9781146631893,18.744710177976,-1.52247579078843,0.152678000896881,0.43872369428656,0.632936218704464,0.684578383559877,0.505052642554071,-0.335527373589495,0.893323870942525,-0.373822304206132,0.71497814003656,-0.433698847887688,0.540033940995892,-0.77720855936962,0.454855213581313,0.102099616584014,0.370787886034212,0.2421449638959,0.793468458374175,-0.249734837445754,0.561919984524218,-0.4596835447801,0.65538892202339,0.336063154857394,0.269942760905387,1.28278402047697,0.226888917698429,-0.836959580636635,0.443760638191667,-1.89985446572636,0.0758951929687568,-1.080261721069,0.742899831111312,-1.45850942146282,0.164500640169562,1,1,1,1,1,1,1,1,1,1,1,1,1,1,1,1,7.15460126770918,6.95318062372432,7.59060382425202,0.588136344879657,2.10251818161263,0.2124722190128,0.364554647553227
"b5c3abd1c966bb0457d8dfe34c35b160",-188.994377344912,211.163985043907,-0.920578075586559,0.400195625271491,-2.72900679132783,1.90420667203091,-1.45189211944572,0.183322784659905,0.0972849727505889,0.143269748783905,0.673978936308304,0.527088868290756,-0.118862238506153,1.76059214105957,-0.0762195357888087,0.751167564757808,3.38508006944686,3.65852375034344,0.950329053482888,0.385138339876054,-1.06439720793612,1.36124672400537,-0.803463217492188,0.455220320929856,-0.172591296615715,0.377803841055198,-0.464290630956894,0.644637294553233,15.5351637201293,34.458117015462,0.474460111651116,0.634708161379603,0.922766095677499,1.1635170712358,0.818359693179636,0.448050271051496,-2.5453912290222,1.64218375132897,-1.57880928694466,0.185828531618527,-1.66508523220201,0.99273622021756,-1.70751120062168,0.159793165097379,0.346973050441996,0.681613758952352,0.521321314217843,0.60598708708057,1.34116911584467,1.0329690027863,1.32444704009026,0.230792847583314,0.352583693823182,0.496231691737956,0.705459659385446,0.520307075638242,0.540207882472363,0.815758464787084,0.683054925847451,0.525713071523234,1.85285886544272,1.36566151560337,1.3605678880211,0.223384287237254,1,1,1,1,1,1,1,1,1,0.989758300397802,0.97449876408465,1,1,1,1,1,1.94764790428998,2.37237216476097,0.760225685779041,-1.01664744092185,6.88015981048756,-0.145697608180041,0.40220386389469
"ca39c1dfb5e738c293917a0ab7391c33",143.940402260533,262.161925543943,0.553853118745187,0.58961022110425,-0.514296474924087,2.36408915880919,-0.221127965661037,0.703300984517309,0.0134344416809016,0.17787064023051,0.0716119224319977,0.720646203371423,1.4265771068662,2.18579046849177,0.660642191768225,0.527453744849763,-1.37522828175386,4.54208908227818,-0.304426824938939,0.692516597736915,0.474112540892556,1.68999965705055,0.280682487232947,0.701271647102357,0.178630384080958,0.469046757326226,0.397553806548368,0.664664889202872,-27.7177600754137,42.7800522210909,-0.660936724278214,0.529237163489541,-0.760042282704136,1.44451657196657,-0.52975988927801,0.601514601497938,-1.74531796372104,2.03878542193575,-0.862095849442557,0.439651220600046,1.76616639376641,1.23249065883719,1.46290845036078,0.204003798660385,-0.740387552489588,0.846229414959363,-0.89142766819163,0.432385288891604,-1.20394322744853,1.28244000860921,-0.960738145418141,0.382886651282122,-0.126614446256394,0.616075964823739,-0.214935250590256,0.674942592453138,0.067501885857371,1.01277123493802,0.0712328289534165,0.721700373335973,-2.50405732619918,1.69548065924875,-1.49962769119708,0.191711377330878,1,1,1,1,1,1,1,1,1,1,1,0.995976930342319,1,1,1,1,-3.41900853028342,-3.97947226318105,-2.76072560101161,1.38094385563085,7.51376740700514,0.170831532535621,0.425551475948099
"7d669e880492b330a9c9c649f65c2ba6",207.327150055227,154.843025034007,1.3553025264019,0.274481042476221,-0.58747597219831,1.39632296352949,-0.412759286902855,0.622373022340367,0.180928074751558,0.105057315019649,1.7558806393527,0.144038205395245,-2.18081827834875,1.29101282548763,-1.73741779277339,0.170483106403984,-3.35355937550918,2.68273439026142,-1.2659340073389,0.298572600050688,0.911927586312402,0.998179497885473,0.92363849552822,0.433397878433027,0.0252985076975991,0.277037249539925,0.0825439609688028,0.635133131856192,-26.548809014137,25.2675619592066,-1.06529778666532,0.351208825599837,-1.19682243767361,0.853187644433767,-1.42056792046584,0.255517642482906,-0.481767738839265,1.20418593002305,-0.384756073602545,0.552414760666299,0.0604673502830504,0.727956897419559,0.0746047713682153,0.651545746933904,-0.340038889178569,0.499815990492114,-0.683671289725144,0.539334454943258,0.718742529188019,0.757458925225976,0.968858774492191,0.414252391179437,0.489402261389476,0.36387841539584,1.38202155510172,0.268992389275602,-0.590803030325157,0.598182063851773,-0.997243320031987,0.3950114207588,0.235023648797977,1.00141679086319,0.255156863818963,0.602000160399064,0.992718304222934,1,0.973247368595597,0.959056512477804,0.998313583726955,1,1,0.998821936116909,0.984408235152158,1,1,0.998684430105827,0.999390733652124,0.983636554155271,0.991522455690645,1,-1.8866557059472,-1.95305516325976,-1.85264277446776,-0.124959444561101,5.22662181419651,-0.0210740099618575,0.488521580237671
"494975433cf1f940b003816db0232f8b",-264.242698840071,163.683298645339,-1.70326600718581,0.192189383666652,-1.67681128097046,1.47604161436749,-1.1916216530679,0.327587864234063,0.0491868995485632,0.111055230711632,0.445772220083789,0.537165312364592,-0.306543876772791,1.36471912650147,-0.235436163021835,0.61118570947126,4.41770304902201,2.83589663977981,1.64460742846289,0.20351714369319,-1.58100282257003,1.05516740465487,-1.57880727264606,0.213255282492184,0.0288365696785746,0.292853816582101,0.11548305815887,0.58330518768234,8.62278770886667,26.7101336292035,0.325259638107841,0.565143687442645,1.3924347541101,0.901897699129132,1.63399569220238,0.214408693781034,-2.44482174943657,1.27293512358848,-2.01644726727482,0.152868658825114,0.177904546155335,0.769517298019016,0.235376660884251,0.584209107140117,-0.327972966208408,0.528351406345032,-0.664112975420152,0.524389955237447,-0.299069880549656,0.80070365095303,-0.381778277380733,0.541714327393702,0.25476083671092,0.384652904609355,0.666718003743398,0.47379586259023,0.128342393712506,0.632333380081092,0.225589916831828,0.547395074108538,-0.825669833325368,1.05858952065368,-0.79062750857324,0.421317131582476,0.923125277171281,0.975029693249402,1,1,0.929490260720958,0.938627840464698,0.99843667640897,1,0.924382147717374,0.846884859326251,0.998143969215693,0.990137314136878,1,0.990110001325224,0.997166373287203,0.990905815507506,-4.70992355616887,-4.46693072685185,-4.87063423895524,-0.473554336034327,5.17387179987956,-0.0817064935466572,0.465992649464002
"b67b924653e2ba692fd3ea7c8f75c2ee",-3.79516083520409,155.911215545816,-0.0375534971853566,0.574660213677803,0.576280813391468,1.40595555073021,0.419101715250373,0.518285794034895,0.0165684349068792,0.105782056912772,0.167146610628792,0.547657273084911,-0.442875515018694,1.29991892668597,-0.360655524986839,0.521445809344996,-0.169700040016082,2.70124133573573,-0.0448527735067427,0.557853300627699,0.146606074340722,1.00506547720866,0.132513930086729,0.538846775165133,0.0205944813822209,0.278948401568318,0.0856881047752624,0.533640796355946,-4.8283530845783,25.4418711987442,-0.211967519275729,0.551174741301468,0.0380568495656128,0.859073391927895,0.0600074111702965,0.573337583912572,-0.574096800926315,1.21249305257263,-0.523714928321711,0.463375467710724,0.395520431365653,0.732978735830807,0.562440084880024,0.508978587179511,-0.0564368877854582,0.503263990158724,-0.167663600325288,0.555615193686203,-0.214114967497344,0.762684284500854,-0.296830082136549,0.480649004028895,-0.208066666679662,0.366388644517834,-0.587129533384855,0.522342069783866,0.00814207458587242,0.602308645625802,0.000396693443418682,0.508073847878089,-0.980788225268833,1.00832510277541,-0.982938152687532,0.399891694904794,1,1,0.997089660584293,0.997967728943836,1,1,0.994150790787999,0.994346637254805,1,0.997205842217489,0.996505895471695,0.987709282384978,1,1,1,0.987495860764661,-4.72511528395293,-5.13606568246108,-4.24022027880865,0.910927034381754,4.55728104102563,0.172622972335825,0.411386599633458
"632a77028290d1ecbd9bfe2958610b8c",-54.93103738732,53.9018552415249,-1.02025000305166,0.331532515908099,0.37150880560586,0.486069025285794,0.765472654868407,0.467551834325181,0.0148781855990556,0.0365711286317786,0.406994844055487,0.688101866916121,-0.780273510498666,0.449409887330111,-1.73933190531665,0.106389559958221,0.706543726751896,0.933877136045189,0.756857527576296,0.469360818769314,-0.324384364472624,0.347472718181941,-0.934143304833218,0.374201633505796,-0.0399156596897719,0.0964384525420611,-0.416533626584002,0.682995922462216,11.9571729069943,8.79580121049882,1.36423498193209,0.205328782496266,0.276318895964614,0.297000119275805,0.931376761828494,0.374344616058898,0.072300123907877,0.419184885271573,0.172822028853,0.819694970275697,-0.464214344571649,0.253406488914571,-1.83396444289573,0.0903112504930354,0.0608289837094106,0.173989168456173,0.349670101579327,0.726021262449393,0.142538687484099,0.263676334984832,0.542982254708377,0.606506077176827,0.256634060976953,0.126668422215818,2.02968370348068,0.0626610923734242,0.392976398844593,0.208231032729654,1.891066687313,0.0813787845216848,-0.810104816389431,0.348599640737354,-2.32927333297263,0.035501454397152,1,1,1,1,1,1,1,1,1,1,1,1,1,0.999410817248764,0.999840189250664,0.973272937457355,8.50894424538844,8.38245277081309,8.61226190538706,0.161747068769311,2.15480908393495,0.0664934986434754,0.475665750107021
"5b239eddc0c4c102c7f721bae475cf22",-264.975011009221,139.680316242021,-1.90766909154452,0.078266052715645,0.529068273778164,1.25959069243811,0.431458850556368,0.668293532352075,-0.0288365953940441,0.0947697772131445,-0.319269224573346,0.63603650508112,-1.28355896151431,1.16459284941646,-1.10075671330101,0.290785626503724,4.61610693508484,2.42003272632244,1.91928646885693,0.0738041249595735,-1.44977286463717,0.900434668596303,-1.61264188471725,0.127031968988306,-0.287842992596715,0.249908903665876,-1.19594509999179,0.264411628107332,29.4772870275915,22.7932840006951,1.33241485425039,0.238592413049069,1.46885046599708,0.769640866691418,1.92049802467478,0.0766786241988026,-2.12830916647915,1.08626831258865,-1.98204831949159,0.0768850309845242,-1.76355298047226,0.656673102451941,-2.71520490476747,0.0175040546163367,0.50746825026138,0.450872460024757,1.13633856717902,0.28336254497023,0.369413349685772,0.683286200283607,0.536885321564699,0.603631433600058,0.183379150601597,0.328246313484085,0.54704385115087,0.600872445347298,1.19524846886203,0.53960622269405,2.23017878563651,0.0407482601893035,-0.373851457944695,0.903354955814896,-0.427502744565601,0.66410982109923,1,1,1,1,1,1,1,1,1,0.998923029956249,0.736263531889034,1,1,1,1,1,4.38207137939115,4.25590872181625,4.50954000479423,0.618574474335313,3.68750951669142,0.131314320307929,0.410845594717696
"51c79d7c5c2260b32f6ad5b82272898e",-65.4324986586575,160.552378523426,-0.420616003516205,0.525996489145956,-1.54159578943506,1.44780801674666,-1.08597301158268,0.357151429796208,-0.0463649119292445,0.108930975767136,-0.46026508208823,0.508098069676686,0.587358508859194,1.3386148958971,0.411041457166924,0.510829760645423,0.943911053107731,2.78165185166377,0.35182978057169,0.529019108819335,-0.243309276033724,1.03498425288214,-0.249462036715398,0.552155862439317,0.132161023473376,0.287252133852683,0.497007870838399,0.499781181614078,-16.8305536556179,26.1992244800676,-0.683763316812917,0.467009609981737,0.459220118422659,0.884646277160736,0.537072263741724,0.500679276114147,-0.596323925227903,1.24858652953328,-0.4807684935999,0.47581333710884,0.447036824281358,0.754798037028635,0.576646365992374,0.489657659081693,-0.177356004935182,0.518245145881949,-0.355511915081428,0.570040616535919,-0.342590224797802,0.785387860073905,-0.450258391079537,0.491059553632783,-0.29427106080469,0.377295296783997,-0.786306449727046,0.462730239721263,-0.63043697396966,0.62023816132733,-1.06742126005901,0.362937967580271,0.18593701019691,1.03834091093913,0.19078089723184,0.540984359398033,1,0.974668666678691,1,1,1,1,0.997779341701286,0.993349662511437,1,0.995713466195514,0.998818656433475,0.992574252588495,0.9963945930534,0.997160844358239,0.972284792476332,1,-4.15960923419543,-3.39990625650037,-4.70189202345388,-1.24693980424647,4.72081433415992,-0.222547144963379,0.391544125659118
"20f887a0f58476d52027e0798805c1d2",-205.816428704421,206.458782793361,-1.00618374636084,0.379143983630538,-0.580074819508201,1.86177672112388,-0.302379766173211,0.674268217199428,0.110830128101337,0.140077380803764,0.798597932067555,0.468555437780076,0.264800845405684,1.72136224064504,0.151898548390018,0.705162862577719,3.31495953673459,3.57700372134695,0.935560073260512,0.408886845509361,-1.27162106296558,1.33091512580216,-0.964438646038414,0.397470671465074,0.0207150609558065,0.369385532967157,0.0568195088975329,0.710746511445564,-4.63677653437484,33.6903136909649,-0.142300164505746,0.68153587517507,1.03248897271151,1.1375913285435,0.91652335680695,0.417827380828874,-0.417791974403964,1.60559225263682,-0.262180159554491,0.672745841084939,-0.767110738168834,0.970615853922163,-0.79662589081309,0.473792545965776,-1.11411008314451,0.666425891608595,-1.68724694941241,0.152720275041785,0.997652332867679,1.00995216080141,0.992160320394858,0.363702202762659,0.534603076361335,0.485174548294331,1.11277886507133,0.326482196081307,0.911597733414961,0.797581555672489,1.15671157538554,0.318464157060914,0.90898657173002,1.33523154604504,0.6887514168982,0.518022226254927,1,1,1,1,1,1,1,1,1,1,1,0.976750159392761,1,0.996466350522522,1,1,-2.35288608709894,-1.99611311300761,-2.68589312430957,-0.412328646870497,6.1903252468553,-0.0701209360526648,0.470156108624337
"3a4c1eb8dbc9f93fbbfbd8702754c0df",76.6546877840663,193.408842404443,0.393338775782603,0.611216590125483,2.39334293027929,1.74409669366552,1.40200088456232,0.234959133697386,-0.125401188075212,0.131223306181254,-0.960506962268159,0.392987792957832,1.4244882016936,1.61255759535836,0.885735026492394,0.440263189750939,-1.6534548101065,3.35090684766134,-0.485988534361222,0.588413580304344,0.620379326641934,1.24679003885049,0.490546473755792,0.58863038885537,0.212124598196357,0.346037244652512,0.635232360421456,0.535716661109665,-19.3939913246635,31.5608010618457,-0.64819810113438,0.541812542199338,-0.248535293658361,1.06568593985727,-0.226090710675733,0.639060440412735,3.01969974529152,1.50410524926341,2.04726670186561,0.0964641974763597,0.700420526641067,0.909264726772971,0.770135714314421,0.481911855734803,0.160202356544914,0.624302141572597,0.261747546756918,0.681175034098078,-1.03407700157967,0.94611464652473,-1.12084668835984,0.351973128500604,-0.694453527909747,0.454507415379,-1.54371043339732,0.172215584647717,0.685642263100735,0.747167658932412,0.930996350854777,0.402582635820145,2.06086456698415,1.2508336248448,1.65642303822345,0.144606054896845,1,0.994262320779274,1,1,1,1,1,1,1,0.935819874631034,1,1,1,0.994331647206644,1,0.996975674639399,-1.3704011277345,-1.97782298665977,-0.95698490697647,0.823574129469267,6.41070235435391,0.12425321837804,0.430670344728466
"969732ae717bf5a9282f4781499aadb4",-19.3566135283499,117.962726710673,-0.115076424448896,0.786551084185413,-1.79981630789271,1.06374868425938,-1.69628992448629,0.111880473192353,-0.0680933070050024,0.0800349085010333,-0.854176837044665,0.423935909652374,0.961417966642286,0.983521169775169,1.02143703875165,0.337057496265701,0.430458844806727,2.04376441009359,0.170624270613697,0.79246013709904,0.0407598952865786,0.760434480606415,0.0949753517214835,0.806448050761753,0.0587694297801061,0.211052899211815,0.280564587156432,0.773792004396617,4.73979832505457,19.2493688713734,0.216656712220355,0.777003463002781,0.166143363845456,0.64997658700584,0.210711139877849,0.774619857890806,-0.624404681003524,0.917374584621749,-0.663293630029033,0.525418638013794,-0.73346663145287,0.554573126742996,-1.2834204719447,0.234395810164876,0.68141763055411,0.380770506641142,1.78070874293658,0.0964870242448425,0.474890353790283,0.577048402221338,0.815942362787691,0.432793666284385,-0.413378147806857,0.277210355854423,-1.51872682904618,0.153267351070067,-0.559334059271706,0.45570788419999,-1.27374893946643,0.247710096855125,0.681834736572277,0.762900719603804,0.927803095813386,0.393623627402104,1,1,1,1,1,1,1,1,1,1,1,1,1,1,1,1,4.93287532349185,5.30316614709282,4.54681221090902,-0.827299045526306,3.10756410228011,-0.209771536729583,0.385110302656501
"81b95cf5e2e0e3f7579b7dfa4b2ebed0",5.53049192256241,84.0174998497071,0.0667471921210224,0.887978055693226,0.0979131574988373,0.757641904455925,0.130000527093417,0.864866748388093,0.034130573170494,0.0570038782627467,0.599084142997827,0.562364486721288,0.351371906904948,0.700500844952851,0.503363816462625,0.626180113026797,0.256071813364118,1.45564604011767,0.175484548133434,0.832450977047803,0.12802608873345,0.54161009703314,0.237555367848452,0.807190370819785,-0.079595855416027,0.150319829171976,-0.531274791031108,0.607666790865236,-13.2611233780399,13.7101259978864,-0.968455502756427,0.353809917085068,0.0343305496009217,0.46293782217341,0.0734912376947933,0.880473001403546,-0.499770335534486,0.653388754014017,-0.765229281096711,0.461287932358505,-0.0343019312152191,0.394987882121967,-0.0842335730013798,0.865579665892204,-0.101629690977071,0.271199105654451,-0.376191929587482,0.712685695466164,0.127415501625087,0.410995620386234,0.310460035390209,0.760507940325949,-0.100148259265854,0.197439663195144,-0.508394116960852,0.622937203696251,-0.441808077941684,0.324572330259798,-1.36278183449527,0.196269790630473,-0.335475490796603,0.543366645396935,-0.617185492437514,0.550767528124072,1,1,1,1,1,1,1,1,1,1,1,1,1,1,1,1,3.99263231923767,3.87335112296142,4.44054747441679,0.606708503342536,2.52217184690848,0.203869513706488,0.416896241083561
"26de4690cd2c89c490c37a8d1418d67a",38.0879498482471,235.141993235422,0.159219755740844,0.730215163183429,-1.58318414514021,2.12043238481427,-0.756287581524782,0.485806870827071,0.00309683182899311,0.159538257872813,0.0210850934074993,0.787572161496068,0.937836937132284,1.96051019418527,0.480630449929537,0.640811105591626,-1.27496623728497,4.0739549728426,-0.309005399554472,0.69305500786346,0.333638156168858,1.5158184663983,0.216727128421652,0.730188263510828,0.240421447574799,0.420704071384358,0.578784034969978,0.571034343701177,-10.0311271994956,38.3708913073901,-0.270528100565802,0.721774536623903,-0.300095407729299,1.29563629535092,-0.229188254137425,0.715465531404753,0.176609378595867,1.82865634244412,0.0937232305645504,0.738026075832227,-0.0185845168121713,1.10546300558979,-0.019736093422741,0.761757216881175,-0.0328043389789577,0.75901209130628,-0.0474428471917717,0.791553552173176,0.187817704066349,1.15026428495878,0.155176126012446,0.740636133505324,0.0798240567277699,0.552579593899906,0.148718328298154,0.79045355602466,0.428658785757887,0.90838914301043,0.467095294861512,0.629148173545349,0.945288289009018,1.52073456464231,0.627592759446924,0.554653054232768,1,1,1,1,1,1,1,1,1,1,1,1,1,1,1,1,1.12912440113263,2.17808259523272,-1.16940285068491,-1.23545554332563,6.47112598645502,-0.187442898229188,0.397058831097046
"c5bd025300b4ef0c652dd11cef56ac29",134.53909938165,169.532820176534,0.80590171791918,0.466472433990916,1.59739807441055,1.52879065642395,1.07409408449356,0.378851028711628,-0.168444218491225,0.115023992146524,-1.48548477719596,0.202616243582355,2.88096447115585,1.41348985620067,2.0724732477777,0.0914932123717758,-2.44810131329411,2.93724258400214,-0.850275453404429,0.454287950333138,1.5038936103225,1.09287573839219,1.40146702581691,0.244180419869741,-0.722264352812882,0.303319482412196,-2.4147221513053,0.0472712440323783,42.048554050628,27.6646690219907,1.54196887940686,0.191732577022321,-0.629153506230234,0.934128660098599,-0.683902167636984,0.514419783022871,1.90127701089821,1.31842578436371,1.46706501192313,0.207820023049531,0.829823295921113,0.797017403653757,1.05698475589288,0.345926187858386,0.711344107948048,0.547233008518441,1.32932797790108,0.256249133721289,1.11364453534091,0.829318257850127,1.34436357387745,0.238488464881846,-0.852280098223327,0.398399178457517,-2.17758376237409,0.072442722730882,-1.22781709273879,0.654930967936971,-1.89518673514983,0.118698966583956,1.39086316909921,1.09642014995435,1.29206035672618,0.273550709666478,0.999550503528739,0.992763881621791,0.997217616218376,0.921825156136713,1,0.989492297915724,0.803474972880271,0.99969724241117,1,0.996127507811843,1,0.99272280279523,1,0.917107956113295,0.951890089194559,0.996844910752,-0.44781644101505,-0.447321525228785,-0.450772785788483,-0.408763160506034,5.30893118745407,-0.0672789589463502,0.462316179138612
"95251fbafeb9956f566a3da93d145d63",152.127807512976,85.2403541892182,1.77816913026609,0.0984532811256153,0.764270608403668,0.768669198678162,1.0274020701183,0.342814634122679,0.066610718630465,0.057833555889756,1.12979823598854,0.294261263508161,-0.0743828620793113,0.710696464908386,-0.0947540181324756,0.851065529394703,-2.21414887760119,1.47683261529706,-1.49682462848861,0.158724834256345,0.875531215392032,0.549493100677199,1.58546931123483,0.138113134337224,-0.162183410801323,0.152507697839174,-1.03128250852618,0.343270827956145,-8.92627546271894,13.9096735576418,-0.644071376640645,0.539247603186844,-0.862076457246057,0.46967576993169,-1.8269543256323,0.0907149746833758,1.31930719796926,0.662898668908689,1.99771115603354,0.0659750713453922,0.523044481155047,0.400736834977873,1.31256234674785,0.214977869261035,-0.189396950222116,0.27514634288258,-0.676916860938928,0.516268021879208,-0.0586743068478236,0.416977561991356,-0.15910242400429,0.826350368471427,0.111059906581138,0.200313349621921,0.537962237849599,0.606179573887851,0.28465680475247,0.329296401831237,0.875493229080865,0.401505986267797,-0.0360014610270246,0.551275215176539,-0.0775227354793382,0.8632953062235,1,1,1,1,1,1,1,1,1,0.999551829148579,1,1,1,1,1,1,3.16827879986826,3.18301925722411,3.142629086639,0.270085593373233,2.32981929795675,0.100122363473608,0.446280995554391
"cb3f42ad378ddeda014d895db355586b",84.6507967771521,90.2973371161209,0.939523373169425,0.365430851365919,0.515023283678664,0.814271390868995,0.634120528475519,0.541111253977644,-0.0517506136091225,0.0612645987041412,-0.847655695803195,0.415010552025019,-0.116281114134692,0.752859357395596,-0.153177093584303,0.855807213337714,-1.53190516524914,1.56444742394593,-0.98141851995139,0.345113937625445,0.592473495546218,0.582092416517759,1.0203011970832,0.327123576509164,-0.149753810431919,0.161555393986494,-0.928608693419073,0.372177207234142,15.7304736488268,14.7348810825148,1.06959581109509,0.306569009916315,-0.434207422169357,0.49753983000413,-0.874564796777473,0.398772773705842,0.578983461381945,0.702225901682691,0.826873346963535,0.426708360405987,0.266857441007048,0.424511012736047,0.631695541350243,0.5414543787378,-0.11277388758158,0.291469718959458,-0.388809684522279,0.705573087126847,0.2389931854047,0.441715239725672,0.541939561507667,0.600168432405334,-0.159132649257688,0.212197171535895,-0.752519186998903,0.467699087033452,-0.0937137789701508,0.348832292992066,-0.268506542241641,0.787323704222711,0.04651581915232,0.583980257027772,0.0815399766058834,0.897580005767244,1,1,1,1,1,1,1,1,1,1,1,1,1,1,1,1,4.91517192785045,4.81299082371044,5.00174742288284,0.140105050733458,2.25316257314672,0.0597359795873416,0.469237835044032
"1e2270e7a0c8c2e951edc6813b58451a",103.649752098753,127.996123500473,0.804893116995816,0.438207738113796,-0.250832932194432,1.15422652358552,-0.183474867172566,0.782423389178987,0.0105064297438888,0.086842329933362,0.122739581698181,0.815552935389213,-1.0918562524342,1.06717520544124,-1.03759863549752,0.319449468773631,-1.80895171281284,2.21759812726116,-0.817074986325374,0.429815958216093,0.649684828129996,0.825113732174436,0.795439831258116,0.446828888166573,-0.27640346961549,0.22900414144296,-1.22800729159663,0.261342463629208,21.8934348542743,20.8866365170545,1.07449592452343,0.310024985520033,-0.642214846886697,0.705260770267427,-0.90566361524526,0.384370429170253,0.680301922125559,0.995402479271584,0.716685265673823,0.502496882271508,-0.0907242902760816,0.601742706361307,-0.169225026718174,0.844964117797024,-0.00380511472740982,0.413157190854995,0.00853582310254298,0.871400058641439,0.278512529990478,0.626129631079391,0.451655952322673,0.662730709943038,0.21264622204113,0.300788663783425,0.683247076700632,0.515218057735423,-0.201729416942112,0.494468416021477,-0.377053069917189,0.692865759015905,-0.483188234988387,0.827789738741033,-0.581043460401174,0.5762786568805,1,1,1,1,1,1,1,1,1,1,1,1,1,1,1,1,3.07843537380459,3.12655372517667,2.95565009724767,-0.29654027573772,2.74192648495563,-0.0820046053289712,0.453627184186746
"820d3c5095323f85949bc959fd15d1b7",163.445921896482,208.71437864003,0.785107563000387,0.474925337628315,-1.36076435155458,1.88211693519845,-0.715273644034008,0.500605380149305,-0.0568153860601012,0.141607749016142,-0.407619881449903,0.630874772341704,-1.62527899803611,1.74016840363835,-0.947206496093939,0.405452939117185,-3.15356452566845,3.61608306991342,-0.875627996556829,0.428154220274882,1.09819547646032,1.34545559043831,0.82131582409453,0.454610598664649,-0.173556182453059,0.373421130110119,-0.468471194706027,0.62514182456862,6.83208153633795,34.0583858582332,0.20350788574669,0.715030532124659,-0.90434713790961,1.15001969919043,-0.787781690344915,0.47314283146264,0.210877606940668,1.62313360964518,0.132081276472331,0.676847950363252,-0.733258405336364,0.981219990298426,-0.761976963046672,0.498081588237799,-0.225635805981944,0.673706703075596,-0.323235835187884,0.667206429129161,0.941403683732449,1.0209860527406,0.929403962522164,0.396238380041069,0.0594614786318099,0.490475159298792,0.113624787895572,0.660295429268591,-0.106425927895882,0.806295264142597,-0.135212011053805,0.714715651605976,0.827238519228177,1.34981916827574,0.620257748331872,0.569444987879796,1,1,1,1,1,1,1,1,1,1,0.996008299102813,1,1,1,1,1,-1.12979828857093,-0.223744882480758,-2.88767441587737,-1.79541856272438,5.45682013070246,-0.30781992240214,0.362718100423965
"92fb114641e27921122496428e2ef0dd",-87.2973243938247,191.334537514598,-0.453439376379561,0.565854551650195,0.13109169644776,1.72539130121782,0.0816401525498033,0.61448032484335,0.0667624668050218,0.129815939577487,0.528458508398951,0.566424505273506,0.648373367227498,1.59526295637689,0.411301278670092,0.556821691071266,1.49539036653983,3.31496845739384,0.448851150330526,0.567011862947892,-0.35410175963075,1.23341824756088,-0.281373855397802,0.598664623681606,0.00493748297285389,0.342326004050854,0.0144459303323499,0.559869315679847,-5.41274618294006,31.2223122773821,-0.180122996406468,0.582367360693662,0.438800506681951,1.05425648539902,0.412838102027848,0.577030066076757,-0.23263608318199,1.48797375892098,-0.168578850334435,0.62503449618082,0.641813761824172,0.899512885825781,0.72885203445425,0.457318767476151,-0.201414868311169,0.617606517065956,-0.346780668789088,0.575161444922432,-0.958370372465419,0.935967591130357,-1.06416671792396,0.392840543842898,-0.0828763048309372,0.449632834969591,-0.192285037315905,0.59567016746486,-0.689065503852042,0.739154304893428,-0.986037975281463,0.391588660249214,0.0997480415417896,1.23741846619879,0.0793253088290234,0.607732375531186,1,1,0.993318215013226,1,1,1,1,1,1,1,1,1,0.974285234988901,1,0.989763053686328,1,-4.53080678925416,-4.64227208214202,-4.41782575292273,0.358170572467253,5.60098074654542,0.0596579843232813,0.476584023687598
"5431c93e93b57f0b74748eb702ea1e72",-51.0808906670381,80.401485670427,-0.637098472380508,0.537012112637513,0.544758294890889,0.725033889765768,0.753772007703374,0.46804590217543,-0.00585690355922176,0.0545504985211359,-0.106030067577715,0.874633094338543,-0.875732982473386,0.670352114123222,-1.31039820823345,0.2132824036673,0.823536058137444,1.39299675002341,0.593151306316772,0.565575769243605,-0.393489573218952,0.518299836741932,-0.761868942019347,0.462239577335557,0.198631037514482,0.143850240875667,1.38647324955518,0.191255333639542,-9.01277820871896,13.1200583322601,-0.691548797731107,0.507354356081106,0.330481779056922,0.443013523877238,0.748209740755796,0.469537349316968,-0.559370336357449,0.625267672057005,-0.894413560027165,0.388585118677492,-0.363679962322616,0.377988069166906,-0.964653703602498,0.354007221996653,0.18591372625384,0.259527015754027,0.71784643301807,0.487247523204817,-0.421520285964883,0.393306853241327,-1.07432440806808,0.305617133371978,0.0207460929926953,0.188942092772994,0.110507574766252,0.87469935320685,0.101189407445147,0.310603119672469,0.325795156745961,0.747364980765032,-1.17789805306877,0.519980785334234,-2.27052391962184,0.0379755584075072,1,1,1,1,1,1,1,1,1,1,1,1,1,1,1,0.996442160394921,4.89780024461808,4.60477537964369,5.4070454064327,0.92758696160511,2.44800978485439,0.361834676575611,0.361799826859712
"7c821085a5548386a8d91fe359fa3ff3",-103.50327306681,100.385841119762,-1.02854326182944,0.321460264165707,-0.439855816922763,0.905246168743876,-0.447773420615463,0.658936759803132,0.0637301656307445,0.0681094090722851,0.933663865517005,0.368651058059667,0.969339738471627,0.836972852697202,1.22832818036006,0.262969134975928,1.81186480571957,1.73923590170212,1.03969637893339,0.316744961228771,-0.460238099563727,0.647126911023136,-0.696041550802118,0.500861272297457,0.0738322633450032,0.179605231236363,0.382031371819392,0.699568911224396,-5.90241464830166,16.3811412219801,-0.352979631021821,0.727108080186818,0.607530557379394,0.553127654930935,1.09915730414734,0.290226670695374,-0.416455110174453,0.780682355071521,-0.534774548965504,0.603301472060097,-0.105171229630385,0.471939665544158,-0.16004648541787,0.768770373656476,0.406725655119551,0.324034283104703,1.24363221450825,0.234590850250683,-0.437359705124945,0.491066041274905,-0.930513888382445,0.377742048960491,-0.205887173671638,0.235904980458856,-0.91049717220589,0.386177740945911,-0.693976520990388,0.387805712329164,-1.79530525703128,0.0923686216619087,-0.451820133261021,0.649225671225267,-0.663598613379136,0.524319094644879,1,1,1,1,1,1,1,1,1,1,1,1,1,1,1,1,6.0211725703206,5.90641106222275,6.07147998475066,0.0820483772207141,2.15132286234247,0.0252793478701484,0.481617648354657
"3a8a7409bdc33da14a01ec3e3313b9a7",-100.195221085396,178.872404319887,-0.593912339898634,0.493153032624168,0.127596041939386,1.61301192377723,0.0613469161012466,0.568917086104902,0.0655803356022853,0.121360678176038,0.582980756850889,0.489836245333644,-0.573955330301253,1.49135918813306,-0.418341292224423,0.542651274818416,1.75916909588823,3.09905564317358,0.60610084455254,0.507860918009115,-0.573620537963415,1.15308239870914,-0.532223247948507,0.513521114456266,-0.021836484970596,0.320029390413237,-0.0690357334008783,0.546081227494215,-1.18127130694306,29.1887190782561,-0.0547312594830338,0.543591087420318,0.51545944053086,0.985589924133631,0.556094025175414,0.500201377048142,0.323033568724416,1.39105802475828,0.229917495919564,0.590337656484216,-0.0543182212217748,0.840925191522734,-0.086413808866471,0.576074078259551,-0.13730505665461,0.577380143001051,-0.261459509957757,0.607824664379295,-0.225459836372931,0.875005503793094,-0.276047879155376,0.550099221454893,0.0855927700105019,0.42034703873597,0.225319562512509,0.542874609521037,-0.0818586771860546,0.691011196395185,-0.125920760944278,0.548724356317831,-0.478533682409827,1.15682207234497,-0.439085116872866,0.551190641120228,1,0.997814528182897,0.997017561882797,1,0.994573012933585,0.997560166214819,1,1,0.999561441679743,0.999774445721969,1,0.995869753560699,0.998842326765693,1,1,0.992552472322712,-4.76708853692811,-4.79336595463283,-4.7294001182483,0.120069231330374,4.93096701871377,0.0209838710093748,0.492194674561461
"564e9f4d70915c0026898422d57b1431",-49.8040014868757,167.891637558866,-0.29482795652578,0.549100463638688,0.191036795602091,1.51399101675086,0.112217809334372,0.546116448675636,-0.0227173675369948,0.113910488717931,-0.213451382883442,0.584610233404946,0.0376014150719441,1.39980639962965,0.0284013337511151,0.590168308316099,0.512834636682075,2.90880825802491,0.166380663622498,0.546667598296147,-0.0777690583287636,1.08229602489924,-0.0523386074668481,0.542453941108341,-0.259073383858372,0.300383162107864,-0.931390417546358,0.412606607621191,30.5932066237452,27.3968579050922,1.19420338296948,0.343427003959027,0.196338012520458,0.925085716566939,0.205534125854524,0.547927658532388,-0.120391000759791,1.30566260684015,-0.126293515755144,0.554413942645053,0.42909800065702,0.789301781938189,0.586851594456509,0.481621162971404,0.183491210305873,0.541935454331238,0.358208979825748,0.494687441725865,-0.177140845670996,0.821289943875989,-0.237882013994669,0.579267939093909,-0.0175561442581056,0.39454242785373,-0.0567088824283436,0.598438802791242,0.340413455127286,0.648590830851824,0.519958388732741,0.522391837310822,-0.0360512618183118,1.08580612436395,-0.0248551865434839,0.574825583269065,0.992969503203768,0.994073708390615,0.993227430892719,1,0.993160921524732,0.991905646538436,0.977740941181548,0.973702537532952,0.993210287826066,1,0.998018196217598,1,1,1,0.996425510419514,1,-4.4019312893659,-4.29202946676365,-4.5257272465835,-0.0836180454536049,4.76710261070855,-0.0167475225256899,0.493566176923592
"386a607b118090dd71bfc8b4b4081447",28.3940479656816,64.1343650318788,0.443919833723459,0.669215640317698,0.0280424651230261,0.57834239950897,0.0440752925351818,0.841633152278971,-0.0261262921257907,0.0435136435061216,-0.60162520040152,0.563790587845231,-0.632813913536139,0.534724039345504,-1.18590509287367,0.261019661602588,-0.200836793433941,1.11116058750992,-0.181197631733888,0.838116013387508,-0.0120995213678977,0.413435531052591,-0.0282535967607657,0.868470496790747,0.0859339068900842,0.114745937606935,0.74719606256035,0.47706390599802,-6.67982452784685,10.4655604719778,-0.63608127934748,0.54270919947983,-0.14914683360918,0.353381418483568,-0.423120049411574,0.683555212872533,0.400460143355634,0.498761245366973,0.801633479034398,0.444507600799096,0.0184992474829296,0.301512149974637,0.0668646697557571,0.841819477323641,-0.0684892031641761,0.207018567197013,-0.331644354814611,0.743785040385257,-0.083065909353316,0.31373158200977,-0.266498073934606,0.775430952031036,0.147902216689682,0.150714642232629,0.980537488757996,0.350587970170472,-0.0502572691534451,0.247760768237166,-0.204181026051109,0.819834556193322,0.00295336849130101,0.414776384019667,0.00439908909653187,0.872278770300632,1,1,1,1,1,1,1,1,1,1,1,1,1,1,1,1,4.94548666071446,4.97765979392288,4.90627508871188,-0.0593464472221488,1.74383792047158,-0.0319184885988731,0.483930212333312
"afce1dc2c06acb90ad5d3da0fffbcd02",-0.739996009106958,205.370319066901,0.000432709223826872,0.648263706385731,1.07350539862208,1.85196131680786,0.587513202287713,0.560886643650322,0.077450176893478,0.139338884015981,0.571147249987258,0.559988222083338,-0.58219927965343,1.71228711032755,-0.360257470096549,0.597137925978049,0.238261410495427,3.55814553208796,0.0622367757947254,0.646784377035678,0.0733780302895695,1.32389845730382,0.058765702743548,0.637593510075249,-0.268432649744677,0.36743810913624,-0.731428437771225,0.495396653077198,20.8429707016212,33.5126962319762,0.623398419746103,0.528993358504643,-0.065031307127285,1.13159387529931,-0.0627122786134387,0.641996870087439,-0.959576590643296,1.59712746899896,-0.598122409661712,0.536365172308584,-0.356879424045195,0.965498705913116,-0.380050128219975,0.628609919960512,0.437977998189486,0.662912452269393,0.671427948650945,0.502848465038975,0.752217003537098,1.00462762930113,0.745646327067241,0.476197579076808,-0.0295508176099407,0.482616677470552,-0.0542873312567667,0.670093961038008,-0.0650981730271872,0.793376655398947,-0.0828446505498293,0.678188268038068,0.625711578829785,1.32819212110689,0.469477201368778,0.587906034555292,1,1,1,1,1,1,1,1,1,1,0.997402745554839,1,1,1,0.999812878720962,1,-2.64698161105458,-3.47009773410822,-1.73956028145319,1.50825103046198,5.70755116740022,0.236313162916161,0.380514714803338
"1c6bf8efe709f63c28e0225da6870395",3.53378828534769,55.5829712658121,0.0636649995488821,0.860923528285512,0.505449262835571,0.50122877115458,1.01194872031144,0.339640114908082,0.00769313995578721,0.037711725928359,0.203650853487131,0.804184921629935,-0.77464216259155,0.463426291026763,-1.6760698063234,0.118780227056148,0.359864393784981,0.963003328661124,0.374459587279691,0.711115130727393,-0.201655507555182,0.358309858238083,-0.564028591153494,0.589037026403105,0.0641436805504744,0.0994462196624962,0.646196313882924,0.539229446368559,-9.37021078021898,9.07012873216125,-1.03507901174984,0.330002817012085,0.0244332554942412,0.306263096542404,0.080080270954401,0.853401003423601,0.557734599296716,0.432258617606228,1.29330956067763,0.224185320528444,0.0998195826629398,0.261309847848392,0.383595039790545,0.709041994580677,-0.0780644575937741,0.179415623219807,-0.434469540086148,0.673321288617691,0.0503654336933226,0.271899994634061,0.185635010890117,0.806462751348228,0.160292498242413,0.130619015630535,1.23073841351933,0.245054978797753,0.158597742000254,0.214725438614333,0.74120128638888,0.47869368638783,-0.491465492652607,0.359471927776054,-1.36970377622255,0.197063712868512,1,1,1,1,1,1,1,1,1,1,1,1,1,1,1,1,8.13744207165615,7.87396098521759,8.29909635891129,0.423102801075843,1.58284161389357,0.253779574464758,0.394857675314991
"f2d099ef5556f02539ded15181a3d994",120.533838149433,119.743416693162,1.0239904193673,0.325220496892417,-0.42503858973677,1.07980635500644,-0.383100559227174,0.709200213611194,-0.0934470705781454,0.0812430643634077,-1.13443719917663,0.278972326461123,0.93481357587374,0.99836777720295,0.929346161723043,0.370152560633167,-1.81465452998888,2.07461577232554,-0.885640964828673,0.391569483285125,0.414983117536974,0.77191351385457,0.547144592294725,0.594228634843804,0.220846919694981,0.214238818983943,1.0431933923057,0.317196031079552,-11.0773371424753,19.5399450497501,-0.599939764861876,0.565753150203483,-0.578768049911871,0.659788218438981,-0.894938627996935,0.388553251376487,0.757349151467021,0.931222685446277,0.828649291407037,0.424276740762512,0.598291543922768,0.562944608471887,1.07533101509292,0.304768679880314,-0.270874528932326,0.386518375020499,-0.710600038076254,0.49082135604575,0.232827986664082,0.585759156354436,0.358946357579214,0.712849368016954,-0.131805656634866,0.281394946338863,-0.446958671133035,0.664357959192916,-0.0721517715720481,0.462586959370287,-0.192406971183704,0.787041240554215,0.785562106899362,0.774416981620736,0.994137247938507,0.34147853041007,1,1,1,1,1,1,1,1,1,1,1,1,1,1,1,1,4.41769912105183,4.52922207255315,4.18147157725223,-0.236114863503821,2.3062977923637,-0.0686495478401296,0.460973372823446
"304a3df568087b761af6bca76a3816aa",-1.53131786838838,168.160905524389,-0.0156403633251229,0.591895313018157,0.609692832551826,1.51641918581769,0.399531736710398,0.580750163528356,-0.131265533260545,0.114093180637521,-1.17539309697866,0.317365786199401,2.38523787467345,1.40205143712428,1.74786127503235,0.173073728532026,-0.109153117106462,2.91347346287443,-0.0307879578394046,0.593678933574973,0.417942119239601,1.08403183290585,0.3912054181083,0.54618443916978,-0.230585500060903,0.300864922629795,-0.806887920809209,0.466613365785072,17.8349045126901,27.4407975336352,0.688106015956564,0.48859108104713,0.104894841799681,0.926569387537429,0.122351654134558,0.592271458322147,-0.120084179400801,1.30775665463738,-0.0998064655513371,0.564996792684777,0.528859078469444,0.79056767991915,0.69332719370254,0.475605848198632,-0.00415617726401756,0.54280462124958,-0.015623655433642,0.54112158922576,0.247321593241444,0.822607145110709,0.318296318076601,0.554072078985521,-0.713524198670229,0.395175202888897,-1.85742651319795,0.147220746542541,-0.734336401781926,0.649631053795739,-1.16167416007489,0.364003768398544,1.20964962906033,1.08754756193827,1.1421472224465,0.335877617537051,1,0.993828958977745,0.994304775805341,0.941880092103033,1,0.994848926417659,0.98808980944553,0.979153651146791,1,1,1,0.994976646321419,0.996053066394241,0.92615071691943,0.971878881939473,0.991428327471496,-4.29241715012749,-4.60319192254094,-3.98753197604356,0.342226191051934,5.12978924914856,0.0567954899850956,0.476584023687598
"2ddd18d49a8163e0fc79e28ea6273254",175.285927704991,168.099424352639,1.05174309436866,0.376137620421711,-0.716229962029972,1.51586476903385,-0.473470462279591,0.583304999740632,-0.00407264993445185,0.114051467122644,-0.0322704521884742,0.706962463142741,3.77199824924258,1.40153883423992,2.74427423579884,0.0302792104873379,-2.7795785572505,2.91240827021385,-0.963574724270813,0.410792636365556,1.46668667822906,1.08363550091005,1.36895895286563,0.257991415399867,-0.249234747067331,0.3007549236504,-0.838528777323347,0.446572026565626,-4.99254384820695,27.4307649259915,-0.183391061229745,0.713762383228439,-0.819952632349088,0.926230625258074,-0.892124529463175,0.43861769828754,0.226750242450805,1.30727852679166,0.186796467525176,0.633556321601968,1.74371039545401,0.790278641113383,2.24163440831117,0.0584711374772286,0.222308371279561,0.542606166893962,0.413442610728203,0.629161217603531,-0.0850440784708581,0.822306392382161,-0.102062933970548,0.707398244229172,-0.92962880373126,0.395030723204724,-2.39102232419218,0.0419824022755989,-0.428754340772297,0.649393542715098,-0.669647418798078,0.521793943978774,1.13744894066633,1.08714994455965,1.07595174311063,0.340458217734053,0.999772915969588,1,1,0.658634602590357,1,0.985577668512547,1,1,1,1,0.932390103752673,1,1,0.872995392964147,1,1,0.0396348403682856,0.448842393396952,-0.387964787470359,-0.905750340134637,5.25260059182515,-0.164058901295475,0.413223146782951
"42604f7f8bfc866837a5370b4b667382",-51.7073258355808,189.11429656598,-0.282256439423868,0.688056605169026,-1.20533643487823,1.70536990586957,-0.70976488481113,0.50014954421596,-0.0443767847852285,0.12830955882377,-0.338585842321321,0.682308524589852,1.50394350277838,1.57675156692484,0.951848294110452,0.390425589744011,0.70356337397436,3.27650165046974,0.224104637618381,0.701048067980148,-0.297766324393286,1.2191056946074,-0.256000818856208,0.683119084796642,-0.113059781292156,0.338353662089786,-0.333866827578222,0.648443245656719,32.7412726638724,30.860009385655,1.06907383881729,0.342038947140361,0.219980638967946,1.04202292082863,0.219064579566166,0.704734467487352,-1.14825269102366,1.47070735049864,-0.795802665403897,0.46847312586108,0.227977264119798,0.889074961921069,0.253090939964293,0.694224092416523,-0.199924584758244,0.610439827261095,-0.341464006793557,0.624948822185781,-0.0399609968743382,0.92510664778264,-0.0412652779090242,0.694346969385153,-0.0362513664166509,0.444415307360564,-0.0706229438923718,0.734909320236213,0.248075445209774,0.730577177750624,0.348581802886486,0.615961745639037,0.676874781545056,1.22305949481328,0.547312091655173,0.582236322238527,1,1,1,1,1,1,1,1,1,1,1,1,1,1,1,1,-0.922546621561394,-0.44098852208333,-1.64555297869445,-0.580276077429759,5.03348440011042,-0.115039750203383,0.445362721975689
"de4edf45ab75f6490e1ada65b0e0306f",-82.2999965372154,180.057718554091,-0.471706882709608,0.520541435736749,-0.267061278611005,1.62370069379999,-0.188002953572504,0.579539796716405,0.0167132007701705,0.122164885733161,0.139889271569373,0.546870872802131,0.160936879017851,1.50124181525336,0.0953243647548766,0.608200304516294,1.12864251140104,3.11959181688025,0.370818834246664,0.538946779620185,-0.264627021226345,1.16072340395864,-0.235227100631404,0.571309632414295,-0.0488375794249213,0.322150094237076,-0.15671126974571,0.591955540198136,13.5196156599218,29.3821407764391,0.485125925531065,0.540965862581653,0.444653789160231,0.992121025287023,0.463035555914614,0.51871047194317,-0.275802406831537,1.40027599710912,-0.204438965673864,0.580781421225152,0.352219090457877,0.846497658685584,0.418245319593625,0.580248389058963,-0.108039505464079,0.581206204962078,-0.199705755071815,0.6172894148623,-0.339266820773764,0.880803807240717,-0.39943714312424,0.497529459261816,-0.288678221722845,0.42313250656827,-0.705666643995303,0.507032633374285,0.0369474591987547,0.695590244852636,0.0888307986666801,0.573535946747974,-0.173013044593847,1.1644878588815,-0.153306198934636,0.559521798345322,0.993311284272151,1,1,1,0.994840765597449,0.99702235729108,0.999612502733752,0.997964827785139,0.993528818769306,1,1,1,0.996117384634904,0.995318640052379,1,1,-4.53016144771968,-4.64561402943837,-4.46071084416614,-0.158644742035469,5.13229800249705,-0.0196636809324473,0.490808824176672
"e1a9800482df461df81429b3b8f859a1",-292.651573645178,209.496532752335,-1.42302157799043,0.213434476910798,0.992818603341393,1.88917014116489,0.529809060540956,0.578721576265085,0.0151146197320408,0.142138422005464,0.112260287042859,0.758406403608149,0.397742761682971,1.74668965953782,0.228328862271541,0.72041428608769,4.13052640984285,3.62963428886632,1.15888003745383,0.300120032033425,-1.3673503354632,1.35049766578473,-1.03148238642793,0.34782720958711,-0.163659208106069,0.374820520389028,-0.440938492517917,0.673080070152666,36.0922338627491,34.186019166159,1.06516506757149,0.33698970056392,1.43024904447953,1.15432938136381,1.26339771078802,0.266728245032153,-0.972685427810632,1.62921627934852,-0.593853457012965,0.578168470805511,-0.166559662192965,0.984897098006524,-0.168174846280738,0.759097818368767,0.698302154002666,0.676231409191828,1.06172740840608,0.373731495994125,-0.370112234355523,1.02481218319199,-0.381026311256995,0.644962581991571,0.341909594539105,0.492313207857444,0.708555858231095,0.514233418483391,0.142048921675023,0.809316843971887,0.171100333078254,0.682214888373136,-0.653491789521918,1.35487759606694,-0.511340153943757,0.602692989804798,0.997914821994683,1,1,1,1,1,1,1,1,1,1,0.998461782974989,1,1,1,1,-0.933911256277425,-1.27670371060918,-0.772674751878614,0.371228007543519,6.18360309123195,0.0526183829652522,0.470588237371839
"c38ee4acf990375c9b9df651cf77bf7c",28.0852333532886,164.855463199813,0.164281938198588,0.703998346092731,1.994113926038,1.48661180494656,1.34276006275793,0.233799981605448,-0.110986709607669,0.111850516523358,-0.977962776082422,0.355733659048363,1.06938749006779,1.37449211739387,0.76146280749352,0.473111070183243,-0.881849659881759,2.85620498857785,-0.30240604100078,0.67287433439842,0.0855546550800905,1.06272364185811,0.0656185245883557,0.705125046519347,0.157855288309095,0.29495099366908,0.557976709548209,0.575133976019721,15.4595013717593,26.9014095391133,0.580123148718942,0.582383385911399,-0.246038081189487,0.908356345328412,-0.268986213924594,0.682588525971081,1.61816609237813,1.28205083328131,1.2518009413158,0.244274759399453,1.13044470718839,0.775027945154418,1.46577994502576,0.177753368572078,0.230238284601317,0.532135022608573,0.421421346538122,0.680819442720396,-0.623262545273051,0.806437628982879,-0.802966096991749,0.461935294441354,0.0506387183258362,0.387407470923025,0.162649006846931,0.722891858092628,1.25113261478175,0.636861629333622,2.00053463363126,0.0844237434728545,-0.558060847272939,1.06617026422446,-0.569289732647055,0.567012760360442,1,1,1,1,1,1,1,1,1,1,1,1,1,1,0.983773118980547,1,2.39245089658189,1.87612090582679,2.75612785156994,0.814258811730854,4.56322379294602,0.159569213175832,0.391544125659118
"321b7763c5946d79f50284281735d5b0",94.0144800920515,186.829744468946,0.509405019187748,0.599085792858663,-0.286952878544512,1.68476857394799,-0.171253415843494,0.632791352660227,-0.136796268972882,0.12675954448322,-1.09348979401319,0.345123188567943,-1.9499911042055,1.55770397949158,-1.28443290997047,0.270944331145476,-1.66893772136431,3.23692062009586,-0.520062082167826,0.587946645395801,0.266513194711801,1.20437856650712,0.221125142691137,0.697593390323841,0.223455969248876,0.334266257899292,0.675766691531338,0.511067842083376,-3.28062188762756,30.4872120856271,-0.118972960840945,0.696368831908713,-0.464818310173037,1.02943500076038,-0.456931289977106,0.615272493933331,-0.359179204488447,1.45294080601885,-0.253500730704384,0.685079384376369,-0.300432491708131,0.878334694762218,-0.349055198679809,0.657410703229802,-0.127939486526946,0.603065548252022,-0.217955060229792,0.647780020893328,-0.813606835621575,0.913931108066455,-0.928671589205254,0.40380698357467,0.0479787104215508,0.439046649671428,0.129218114925682,0.713514091695144,-0.395731268883892,0.721751606898593,-0.563982061579675,0.534622718125733,-0.178947313647833,1.20828460373201,-0.157254437763151,0.689697374235637,1,1,1,0.998970756606442,1,1,1,1,1,1,1,1,0.991992354756364,1,1,1,-1.88470376355159,-1.86679293483282,-1.90462881574578,0.0110793720649216,5.53173536695932,0.00208062987654772,0.498161764835292
"01491b7ad3b35c7e644dd24ae831bee2",105.154810275675,192.257251034256,0.564350112997387,0.574636322215937,0.932323926591831,1.73371202522831,0.544611010515634,0.577480791566395,-0.171687378282436,0.130441978786462,-1.3412299692768,0.247217236428815,2.2190008455019,1.6029561345996,1.41010241480994,0.231654445147436,-2.87205106852038,3.33095493977496,-0.884761915369395,0.449867005783616,0.84033340472456,1.23936642454556,0.697848076717778,0.531431573390805,-0.0068461804357421,0.343976876058445,-0.0213614101398523,0.64964530290352,24.1108940617699,31.3728823209694,0.777230904167804,0.473834334911229,-0.511259737330682,1.05934065224574,-0.497213003918159,0.596070554452886,3.68736965187758,1.49514953346795,2.50812660064577,0.0385165122137882,0.150348734540675,0.903850799469807,0.182172927697613,0.675794286260679,0.370585831151669,0.620584933250134,0.586598197800045,0.555181125732306,0.218835127049652,0.940481308107522,0.248079878559499,0.647561589743688,-0.452499528624207,0.451801195690546,-1.03003649599378,0.370534498945635,0.325599226783951,0.74271888700755,0.445294545968519,0.592898746229124,1.71863942100191,1.24338593429455,1.41808109865541,0.222626998103778,0.99591066764603,1,0.991930232136,0.999544687965354,0.993517783267427,0.995606380308772,1,1,0.997619015591118,0.792879097407175,1,1,1,0.998651750694175,1,0.990846858844891,-0.607575643430719,1.36115271779444,-2.17995501490953,-1.37928072098233,6.56777892958687,-0.224940098601504,0.371323539112849
"a67690654fca1914946ee270222b7247",75.019484622977,128.352554899547,0.575352617729065,0.577364905249588,2.65008226765835,1.1574407035419,2.29300806465164,0.0371700181993777,0.00298242002745606,0.0870841601725168,0.0536982224585507,0.866264002318891,-0.520026380919612,1.07014697318803,-0.520104891387559,0.608230485120107,-1.48929108113838,2.22377348305685,-0.661023047005648,0.522578259161615,0.506114183947734,0.82741143021334,0.599174396127787,0.564758044407702,-0.147214045438415,0.229641850338324,-0.632579842962109,0.547062263300448,14.5496030707861,20.9447996306874,0.687712537106647,0.509529022022299,-0.413746418636758,0.707224713207134,-0.576875339158322,0.576047660064965,1.39641552751451,0.998174381174749,1.40746920476879,0.185751721245014,-0.465370348848599,0.603418382068083,-0.795806659867898,0.449042232117154,0.421281662193002,0.414307711601613,1.01510897551284,0.33500660305895,0.268018507221934,0.627873217168595,0.423235509165546,0.680164200585993,-0.0348608283922979,0.301626271371264,-0.0889807828636754,0.805304406354301,0.273348921984197,0.495845364514139,0.534563320794891,0.60604541779245,-0.704058890177395,0.830094888667841,-0.861606739739187,0.414745827494431,1,0.986137084539391,1,1,1,1,1,1,1,1,1,1,1,1,1,1,2.70878717690282,1.94599873795985,3.04695897466532,1.15198753034145,3.00748413018794,0.317896456690913,0.331496799399833
"95c08da59378a0eb674c2b7dab943428",168.427327870859,171.802165727243,0.974899226189429,0.349812833283016,0.177117675020317,1.54925486076214,0.115133011898016,0.789283227532646,0.102422096114667,0.116563689206543,0.895858611776852,0.40153902990111,-0.161818772548151,1.43241065815985,-0.13369689305881,0.818474884876289,-2.50834621318293,2.97656015320447,-0.835728445184807,0.419356418321749,0.760647019963657,1.10750483906907,0.678116946642338,0.51581426407467,-0.054254905420463,0.307379679824938,-0.17207759603414,0.749221852205698,-14.4331443772569,28.0349848905731,-0.525559935052758,0.613585315978339,-0.997265880019434,0.946632791843575,-1.04750954563908,0.316267052894645,1.47910065574191,1.33607407030959,1.11686835748924,0.293636382004921,0.00584896522949188,0.807686180926122,0.00344215514345418,0.839793538205077,-0.279380724058345,0.554558202494389,-0.515982830308444,0.610779567079468,0.106698483332069,0.840419410397548,0.137294206568902,0.849173579862953,0.393282442935937,0.403732101027302,0.987718356537077,0.359174021977866,0.123151598014745,0.663697793596815,0.201174604208912,0.792218571199759,0.36008237055025,1.11109669568995,0.314300108021218,0.74436943497398,1,1,1,1,1,1,1,1,1,1,1,1,1,1,1,1,2.64914612232493,2.75776684461021,2.52831831715704,0.065378404843508,3.22547543397376,0.0147164244875592,0.489439853818597
"6a49b0df18b1abfe220ecc00d5cbf296",305.637770608124,132.264504086549,2.32590330542311,0.0431645058144724,0.0232809498571552,1.1927173618271,0.0206426540481257,0.834902011762807,0.0879770932827589,0.0897383247885173,0.999664434207283,0.35237395245774,-1.74075533386158,1.10276307954456,-1.61488165387937,0.155518490286314,-5.27092936931804,2.29154999810892,-2.31297949134866,0.0415919864170674,1.41638148731768,0.85262940483233,1.6657483854049,0.133497246488738,0.296876413879966,0.236640910469505,1.28386762153712,0.252579324383429,-34.515857394911,21.5831585005308,-1.62585739710156,0.142138992053521,-1.77362033795314,0.728779618320036,-2.45181332826419,0.0338641310063412,2.46424325023231,1.02859689564654,2.40897001406943,0.0324083007762083,-0.391883989707922,0.621809461630158,-0.644443285757625,0.555256429608815,-0.284474755665219,0.426935046654172,-0.675943262864854,0.526391602591782,-0.727752263629183,0.647009635009013,-1.17219370229427,0.293287426009307,0.526749819134569,0.310819283913887,1.73293139409709,0.125412888513421,0.393423288519725,0.510957816869356,0.791300199566962,0.455612350968762,-0.374415337729242,0.855394650152137,-0.469710275635697,0.634563914914755,0.919076674984903,1,1,0.999439042497303,0.944164253477849,1,0.999243072184271,1,0.869121061478294,0.938813084125041,1,1,1,0.99756997763195,1,1,2.07980609505215,2.2485902907016,1.91377843933907,-0.466351433516929,3.22672198593002,-0.108600671708394,0.414522065022173
"5c4a1032c65d0d99d6d6bee379b63a2c",91.8036922235192,230.371382304511,0.40370454229033,0.659707220059657,0.711413999562897,2.07741260015537,0.339817044920652,0.695781971292053,0.0715036593111624,0.156301511656477,0.475358072271317,0.641769532061394,0.11220842817417,1.92073494505239,0.0499378166582095,0.798237976053077,-1.24676978387206,3.99130170509548,-0.317441802389217,0.697465949139353,0.396887522740882,1.48506521792245,0.269179745435572,0.718058823633437,-0.168702377692,0.412168737418658,-0.405038142398687,0.672099730448658,12.1089787002793,37.5924144773645,0.311883010531082,0.702818118745344,-0.53672090124847,1.26935014974146,-0.428601688638787,0.645103397041656,-0.225336466838282,1.79155617238896,-0.116939885138065,0.816444838220576,0.211255097434491,1.0830351362602,0.203136766276022,0.76480965430033,0.47857973284827,0.743613092047762,0.640164353401051,0.517374992799709,-0.363737748599042,1.12692747771412,-0.332138306968701,0.697599507466696,0.0823420648283344,0.541368741195185,0.166798473278285,0.773750809105522,-0.695565379033408,0.889959550254417,-0.783569427856031,0.471960001984925,-1.85754472360584,1.48988157731634,-1.26771070616299,0.243642038406204,1,1,1,1,1,1,1,1,1,1,1,1,1,1,1,1,0.674015299599829,0.365334639548974,0.946891884850422,0.652016594715897,5.85859356347041,0.0956963654023591,0.455463731345542
"c4228a5878f56464e576996e95eefc5e",-104.8057370489,177.349263481858,-0.612415215714308,0.490040181601688,-3.10964219441695,1.59927674566145,-2.00345008004601,0.123715408761917,-0.102032838739908,0.120327263291481,-0.870727295107602,0.42124581686671,1.9012491498807,1.47865991184027,1.28927564193195,0.274413730945445,2.21127793789483,3.07266645123876,0.746249585413252,0.460826846597642,-0.539779206119836,1.1432636293033,-0.495512743606555,0.512300105744737,-0.0115063576061721,0.317304264445589,-0.0291543073555159,0.623820274080827,2.12658474633635,28.9401702302274,0.0736963677925842,0.606501884943033,0.670557784422718,0.977197392771931,0.710485452119847,0.473430285602191,-0.865284726877364,1.37921283659953,-0.659701472795616,0.512644167429414,1.0878443823447,0.833764514582067,1.34154273102746,0.257999764187387,-0.104611466712137,0.572463614494514,-0.208009735844061,0.6344813229709,-0.253257448189828,0.867554624931178,-0.298799990992519,0.580000236506079,-0.450926107973629,0.416767684261044,-1.09765126490113,0.345599257128748,-0.795385297437189,0.68512707258768,-1.20614855072612,0.349486362021418,1.22332591480214,1.14697145873343,1.07742378770691,0.366440740237121,1,0.885444711930631,0.995122266041433,0.997767188351139,1,1,1,1,1,1,0.995978570851898,0.996348523555923,1,1,0.980066549027941,0.997591498491636,-2.73159081140695,-0.540379663407144,-4.01347970647709,-2.5489384698608,5.15944067565033,-0.443628347159879,0.289522076831928
"f55e6f0203460ecfb665c9dbc579b714",50.0721713568909,162.688313629773,0.301148576581098,0.738057974831024,-0.259213804458289,1.46706917001427,-0.166012314998972,0.784425861846615,-0.0847124022323675,0.110380157009105,-0.749183968017927,0.481021695963428,-1.16568508133885,1.3564233804323,-0.893904889165036,0.413814793825985,-1.29269212446818,2.8186580168682,-0.449949500492931,0.655083317718201,0.344465962178376,1.04875333696907,0.316498000499769,0.735032459680251,-0.0820387772710836,0.29107364009701,-0.273373435278799,0.730330681191595,21.9924953077664,26.5477701935642,0.822375782768981,0.453908835536698,-0.274789558285747,0.8964153151374,-0.300258982871071,0.73987359103392,0.465208376859834,1.26519730681523,0.368584466173567,0.690859859497698,-0.450980572362974,0.764839617479312,-0.601984343157166,0.55603476573926,-0.310328261987584,0.525139705844019,-0.612618706243788,0.564821792028603,0.0316697449458989,0.795836397291839,0.0222484981234626,0.817858007750558,0.0143429402425228,0.382314707130151,0.0568430497029433,0.807168798212752,-0.335430023326438,0.628489602229412,-0.529754978584794,0.605552700744422,0.0776424044418778,1.05215465088137,0.0464839219947772,0.808027577883298,1,1,1,1,1,1,1,1,1,1,1,1,1,1,1,1,2.15242437746604,2.1244019079596,2.20471310079439,-0.0621291716890093,3.08990269818947,-0.0119841859587855,0.488970589012121
"b73c9d186b67a61bce0ba79c990aef39",83.9187043928775,252.439983958534,0.333244248938395,0.706983666337411,-0.231265898302418,2.27641991905611,-0.0982651007837513,0.80016554534398,-0.11198139556755,0.171274533757411,-0.644694959484576,0.539469198253016,-0.00119309897649123,2.10473320890485,-0.00323635847764802,0.815028804011376,-1.80760675522177,4.37365148539216,-0.414125995492577,0.671293902266295,0.682472448994232,1.62732816914811,0.42070558825041,0.671458252429594,-0.313516596608209,0.451652754874917,-0.703070754290223,0.508013699142397,32.9364580966417,41.1936083930969,0.803556804815346,0.451163294236748,-0.463063548500619,1.39094851206361,-0.333478287580665,0.709114706518225,0.174455260992009,1.96317965753607,0.0897523419439758,0.777452415576183,-0.583208911799238,1.18678531026334,-0.498670588759865,0.626349758572943,0.750668807141077,0.814848073359052,0.926355918480653,0.384119293887674,0.774726750004929,1.23488235192576,0.631043188419382,0.544353873875884,-0.10041995011308,0.593229571207412,-0.168323582007008,0.790809577750738,0.0552654090864879,0.975213901755408,0.0602340138828014,0.770296070762727,1.27311874934162,1.63260591535065,0.782661545428405,0.465799921739874,1,1,1,1,1,1,1,1,1,1,1,1,1,1,1,1,1.21443898439,1.63209000820437,0.831496836310895,-0.78873197737607,6.31978462728831,-0.114053411648438,0.431066181417424
"6960eba3db7d4d863d042ab497d7481a",-75.0435259255016,200.85591185568,-0.389468365298553,0.656176341364168,0.62888459977651,1.81125189218659,0.333753258267456,0.678334104251958,0.0163733494289272,0.136275965938708,0.135482413712182,0.733924796335157,0.240737311140819,1.67464797477152,0.155446347821072,0.686652285845686,1.26697022612234,3.47993112446755,0.378981897004609,0.660341100671954,-0.880990571279245,1.29479679952906,-0.698552647678035,0.503744703660401,0.64598338521777,0.359361161809583,1.8178573191415,0.123690620915552,-28.103021309135,32.7760271834764,-0.869221742590093,0.444388811238553,0.392014370112869,1.10671941644842,0.369602337039474,0.660190609965218,-0.586590581708243,1.56201974848683,-0.377542320436143,0.674172336410878,0.142171500174154,0.944275316183761,0.160893744441835,0.723462778597261,-0.451147419345448,0.648340450002803,-0.713621324398129,0.501225957044248,-0.605976282947658,0.982544115797744,-0.615804996730647,0.556864498994412,0.116198748296519,0.472007899050536,0.254507120751465,0.715751784838796,-0.149903682437374,0.775936816426009,-0.174350677444197,0.688354615722913,1.02494445479604,1.29899608091639,0.80209096184702,0.462137824401807,1,1,1,1,1,1,0.979611727443422,0.998385541205479,1,1,1,1,1,1,1,1,-0.635067891784877,-1.29367870204358,-0.562220209477073,1.38048620970884,5.72428254752811,0.212376077331381,0.432506891883026
"d2a7d567b64364c09cf4bea1e3f5aef5",-116.998068328778,176.057911389,-0.709227247076163,0.460149766212911,-0.180019058871876,1.58763176145332,-0.125958960773405,0.561977568101333,0.00393885293121357,0.119451111565622,0.0589313965919581,0.581372592657373,-1.36021886626557,1.46789318783876,-0.993764345973517,0.390186216921113,1.99836265105513,3.05029311754364,0.703113130287483,0.463550694038989,-0.676390222517696,1.13493906199806,-0.640378292636173,0.480757175759851,-0.0494899042924292,0.31499384308877,-0.163426472672968,0.560259521978713,1.11924481667173,28.7294450844853,0.0270782568208941,0.566866857106021,0.650641569856007,0.970082021252947,0.715790426301432,0.459659028110164,-0.630900899809262,1.36917022718536,-0.489432239583712,0.512613225056321,-0.549721382442168,0.827693536165139,-0.734234964552593,0.45527639433757,0.114318305167026,0.568295274169051,0.218769002121016,0.567568503059136,0.0371711427459704,0.861237606982648,0.0457222381655516,0.553984436099746,0.103858105158092,0.413733029305394,0.284864962183729,0.571886388399775,0.0444793667047294,0.680138383817904,0.0509032837569104,0.527506353089384,-0.48096545020127,1.13861989321461,-0.435976461514262,0.530660186190792,0.986780813517354,0.992882817654799,1,0.976641833297682,0.989893161136237,0.992072956033455,1,1,0.985814475318474,0.996060775945509,0.974050556498022,1,0.994891796969538,0.992412518689357,1,0.994394817427397,-4.97822264997941,-5.01672500823976,-4.90641997990047,0.132865808268612,4.84597996126101,0.0240676296707231,0.486685033075869
"6545176af2fa076f03140433793c0d00",-120.75531472416,106.728865460108,-1.12989234241575,0.28466396639397,1.39757150720266,0.962445455199989,1.54257263153199,0.18204341794134,-0.0375049185937216,0.0724130004426724,-0.4735286295542,0.64987639004901,-1.69794399321328,0.88985819108405,-1.9848066207272,0.0776593221006916,1.59742337234106,1.84913203381639,0.861043409330555,0.410419114704308,-0.816498320963532,0.688016559425002,-1.20124984632665,0.252943708278541,0.24765633444765,0.190953847143527,1.34772763077587,0.221873124118348,-3.3197909197494,17.4162072864234,-0.243276538277177,0.68306242240004,0.659803922820051,0.588077824590415,1.12268015727653,0.287835449142086,-0.100635895431179,0.830010897075661,-0.103795152483152,0.760058685371273,-1.54275369916802,0.501759854849041,-3.1076992155614,0.00734977060173473,0.298942585184849,0.344508857227039,0.835974476615851,0.425972568809841,0.262781820813724,0.522094758251115,0.477692067797199,0.643458984373844,0.285243323568278,0.250810977324233,1.18968417357815,0.293084030392277,0.668822700172634,0.412309776300639,1.64260289169959,0.125106563602094,-0.637696601582897,0.690247932821365,-1.03574905534741,0.369860479839693,1,1,1,0.994247540831467,1,1,1,1,1,1,0.402845572459451,1,1,1,1,1,3.04234865921633,2.54609318935278,3.49438262958642,1.24641628957849,2.81782708156534,0.399598101964368,0.287419669289748
"ebc68f0a3a40711c1b0df994d93a6cac",-160.653560391824,164.582674987483,-1.02873362520019,0.375453295649913,-0.0843053712225805,1.48415189146338,-0.0704040609654174,0.529101213875386,0.0256138466045312,0.111665436199913,0.23762331878528,0.545324268884654,-0.792495262467338,1.3722177296345,-0.60795856629856,0.491325583708928,2.38441337331811,2.85147879365679,0.88111728445161,0.417935383291072,-0.90768561327859,1.06096514094563,-0.90539547871558,0.401004538625857,0.148028871375787,0.294462934900955,0.53983746392501,0.496397179808381,-4.61061540599126,26.8568954703957,-0.175336040445914,0.5723251837465,0.868409438564413,0.906853277739437,1.01020017556966,0.386902537421526,-0.527707261770653,1.27992940916749,-0.44276235265876,0.508166069264584,-0.560875966810392,0.773745497587554,-0.776458093986812,0.462954131782452,0.0777025250993021,0.53125449272671,0.16663638276565,0.523149928737997,-0.324830496464417,0.805103207454491,-0.41869842312778,0.50524110419589,0.0842458716441414,0.386766423369093,0.226599520730605,0.564721240063592,0.0549696555174117,0.635807807142984,0.0464577605131297,0.524564256008216,-0.241045759478017,1.0644060601467,-0.229016556986157,0.565559536337047,0.975592208233581,0.98788178037609,0.999855961638841,0.992717519265634,0.983760957047881,0.988144147605108,0.995005690359493,0.988794585445637,0.974059603589912,0.983222546416837,0.995555639046388,0.998119437254297,0.99608084767234,0.997960624481275,0.997220287077636,0.992209688444602,-4.9709770259384,-4.97758267713516,-4.96040987183978,-0.0393734866698514,4.72839959854884,-0.00791712995527544,0.494485294505919
"719ab97ff4cf3c7b809b054134f4dc70",-36.3161855341018,134.57676502103,-0.306110999897387,0.752261095668243,1.72022810038769,1.21356856284037,1.40156183094476,0.182384601932212,-0.0836926307190575,0.0913071389171999,-0.91259196663307,0.376717599713343,-0.0642959668471416,1.12204169103922,-0.115070827353611,0.782943367680247,0.0207267056899469,2.33161109822516,0.0394810610019725,0.878687270847969,-0.00158347152678147,0.867535155078766,-0.0454866900279185,0.840876190778195,-0.111810316146859,0.240777889899908,-0.427694213805941,0.680893654142183,31.1911294574331,21.9604773782458,1.42253174870804,0.175173999110519,0.204297849771109,0.741520214543678,0.310471283031877,0.751166730827633,1.10998605862692,1.04657892669528,1.05155777986163,0.310031817270028,-0.488358589782236,0.632679995162548,-0.808259990790767,0.440707435047327,0.5234505210451,0.434398766695741,1.19052946428419,0.253195523769807,0.331996091560882,0.658320720425284,0.512349539076841,0.617471692068045,-0.169499264338186,0.316253056889038,-0.487734809448861,0.642589134236451,0.763990979920069,0.519890431158231,1.49741935962172,0.157644302751417,-0.301410598358848,0.870348742686413,-0.387195483945187,0.703246766195879,1,1,1,1,1,1,1,1,1,1,1,1,1,1,1,1,5.20213338132299,4.96070617467599,5.56644966696068,0.310245227939325,2.98252269489634,0.0807203885180369,0.455463731345542
"3fae853851bfe19cdb50e15749f373b6",-91.1402529529638,59.2701034435392,-1.53974122138443,0.148039066630564,0.509982602161848,0.534478104330538,0.955977836519713,0.363855596918981,0.00359625421939885,0.0402133575428892,0.0889526265961346,0.854225507472782,-0.953654006704438,0.494167972349951,-1.93279633805881,0.0738547005159241,1.50805835825862,1.02688477435398,1.47015586459761,0.16663874520939,-0.556553085962633,0.38207857332869,-1.45801515109231,0.170109097282819,-0.0269861846980231,0.106043048657431,-0.25615759433017,0.784017944598601,7.94636217933867,9.67180156005933,0.824389030484441,0.434626046657694,0.512253545663466,0.32657925619338,1.57065112887901,0.140535577108955,0.179303976926984,0.460932771250405,0.38964380015773,0.706588038113949,-0.253903147937212,0.278644004810803,-0.911610638884017,0.384120878415418,0.07143345175561,0.191317274076094,0.374965976287716,0.712781331846951,0.126397652748478,0.289936655800387,0.436738270085348,0.673588279779828,0.194430053463054,0.139283712111966,1.39754697317649,0.187095988572331,0.194624110200614,0.228969388803776,0.850871813398941,0.415113356822316,-0.80745342283057,0.383317729497487,-2.1099803747416,0.0532279432122705,1,1,1,0.999839584471448,1,1,1,1,1,1,1,1,1,1,1,0.99677754789195,9.06241487528927,8.84384303896012,9.2364087650626,0.353009246837287,2.05242773667453,0.153956241576214,0.425551475948099
"a99fb503372ef5103fa41e0c743bbad2",-93.29782491306,130.303423751465,-0.770950810445518,0.494678451105574,1.42301055022301,1.17503299080295,1.23428853640444,0.261158656177155,0.110592700535827,0.0884077783561126,1.28806822729097,0.292061372092002,-1.03846464733242,1.08641245694565,-0.932326281260202,0.405164594111229,1.92482380842106,2.25757328100565,0.910260153449066,0.441610168562194,-0.965841091980078,0.839987503889376,-1.20322119821522,0.312532873459837,0.276667798885801,0.233132245471265,1.20257259891409,0.299685789256008,-26.2588917036229,21.2631459015594,-1.25773722984377,0.282937915594435,0.487907621479195,0.717974033042507,0.737073174065652,0.504783336542781,1.67564825217666,1.01334593199071,1.66071878497295,0.126805961941079,0.210175183346558,0.612589918444376,0.363273404561467,0.624964936890887,-0.252072478571541,0.42060489836432,-0.6039991832264,0.56477751885171,0.50943240706099,0.637416449894164,0.802388243842285,0.450990871362011,0.401433180138531,0.306210779238668,1.31131419666478,0.252982162733635,1.03130023962067,0.503381866438512,2.05699660858828,0.0647418528496033,0.973041481328071,0.842711749031126,1.14717488671509,0.29572535220634,1,1,0.992082317830679,1,0.994289653013669,0.986364813241653,1,0.997223185555773,0.999699618025452,1,1,1,1,1,0.987514907047295,1,1.27752503650149,0.552786023990381,1.7275269243709,1.15979446139939,3.77336411598317,0.240772142771821,0.358126732605286
