"","Intercept..Est","Intercept..SE","Intercept..t.val","Intercept..pval","Crohn_case_control.Est","Crohn_case_control.SE","Crohn_case_control.t.val","Crohn_case_control.pval","A_SMK_CIG_CUR_FREQ.Est","A_SMK_CIG_CUR_FREQ.SE","A_SMK_CIG_CUR_FREQ.t.val","A_SMK_CIG_CUR_FREQ.pval","F1_SDC_AGE_CALC.Est","F1_SDC_AGE_CALC.SE","F1_SDC_AGE_CALC.t.val","F1_SDC_AGE_CALC.pval","SDC_GENDER.Est","SDC_GENDER.SE","SDC_GENDER.t.val","SDC_GENDER.pval","PM_BIOIMPED_WEIGHT.Est","PM_BIOIMPED_WEIGHT.SE","PM_BIOIMPED_WEIGHT.t.val","PM_BIOIMPED_WEIGHT.pval","PM_WAIST_AVG.Est","PM_WAIST_AVG.SE","PM_WAIST_AVG.t.val","PM_WAIST_AVG.pval","PM_WAIST_HIP_RATIO.Est","PM_WAIST_HIP_RATIO.SE","PM_WAIST_HIP_RATIO.t.val","PM_WAIST_HIP_RATIO.pval","PM_STANDING_HEIGHT_AVG.Est","PM_STANDING_HEIGHT_AVG.SE","PM_STANDING_HEIGHT_AVG.t.val","PM_STANDING_HEIGHT_AVG.pval","A_SLE_LIGHT_EXP.Est","A_SLE_LIGHT_EXP.SE","A_SLE_LIGHT_EXP.t.val","A_SLE_LIGHT_EXP.pval","NUT_VEG_DAY_QTY.Est","NUT_VEG_DAY_QTY.SE","NUT_VEG_DAY_QTY.t.val","NUT_VEG_DAY_QTY.pval","REFINED_GRAIN_SERVINGS_DAY_QTY.Est","REFINED_GRAIN_SERVINGS_DAY_QTY.SE","REFINED_GRAIN_SERVINGS_DAY_QTY.t.val","REFINED_GRAIN_SERVINGS_DAY_QTY.pval","PM_BIOIMPED_FFM.Est","PM_BIOIMPED_FFM.SE","PM_BIOIMPED_FFM.t.val","PM_BIOIMPED_FFM.pval","Intercept..pval.holm","Crohn_case_control.pval.holm","A_SMK_CIG_CUR_FREQ.pval.holm","F1_SDC_AGE_CALC.pval.holm","SDC_GENDER.pval.holm","PM_BIOIMPED_WEIGHT.pval.holm","PM_WAIST_AVG.pval.holm","PM_WAIST_HIP_RATIO.pval.holm","PM_STANDING_HEIGHT_AVG.pval.holm","A_SLE_LIGHT_EXP.pval.holm","NUT_VEG_DAY_QTY.pval.holm","REFINED_GRAIN_SERVINGS_DAY_QTY.pval.holm","PM_BIOIMPED_FFM.pval.holm","Crohn_case_control.rab.all","Crohn_case_control.rab.win.0","Crohn_case_control.rab.win.1","Crohn_case_control.diff.btw","Crohn_case_control.diff.win","Crohn_case_control.effect","Crohn_case_control.overlap","A_SMK_CIG_CUR_FREQ.rab.all","A_SMK_CIG_CUR_FREQ.rab.win.0","A_SMK_CIG_CUR_FREQ.rab.win.1","A_SMK_CIG_CUR_FREQ.diff.btw","A_SMK_CIG_CUR_FREQ.diff.win","A_SMK_CIG_CUR_FREQ.effect","A_SMK_CIG_CUR_FREQ.overlap","SDC_GENDER.rab.all","SDC_GENDER.rab.win.1","SDC_GENDER.rab.win.2","SDC_GENDER.diff.btw","SDC_GENDER.diff.win","SDC_GENDER.effect","SDC_GENDER.overlap"
"7e464b9b7f9ca86103a675a09263efec",-1.94257772294117,8.74617915905641,-0.222891074312621,0.706369344540008,0.335428835496028,0.471712760285937,0.722026581013368,0.495583423384371,-0.133005403545384,1.27106689013469,-0.110844728404067,0.835445926671813,0.0199167024323768,0.0304425702627261,0.653350715801387,0.528234140883463,0.154965804725105,1.1482662407935,0.134823961617222,0.768133692112679,-0.16447318962561,0.0624054798761584,-2.65155816685504,0.0154875201633223,0.222837363409154,0.0780387404631295,2.87132370153822,0.00856677134338192,-21.1123615040806,7.61834882424075,-2.78432386503854,0.0099404551421011,0.055873168638537,0.0458789532790162,1.2266622111129,0.259321034746908,-0.334427824014552,0.42695472715954,-0.775255560275756,0.466855158981393,-0.149994669865343,0.157298167931704,-0.965018372254186,0.367452116829741,-0.307297024171836,0.288832836285332,-1.05782090973816,0.332697798683743,0.0756899207296797,0.0722508171381791,1.05343650647514,0.304843585648868,1,1,1,1,1,0.561615261782154,0.391620213758235,0.467474181217777,1,1,1,0.996722052529618,1,1.89574635001972,1.79655861446831,1.99367177335634,0.433263770836684,2.54920039076442,0.127167047943031,0.427662037552532,1.89574635001972,1.92749939238344,1.51587273608382,-0.353821936007132,1.88797486242288,-0.189498534396231,0.416342521040547,1.89574635001972,1.91300069945552,1.89149346979356,-0.214688383156521,2.46786099410687,-0.0670717284446289,0.460060061268368
"41f01f3e3cbf6beb908ae1ebb553208e",-0.539021594055701,15.3201387584832,-0.0337669614354867,0.605143393529848,0.751140426909142,0.826269941457194,0.921566110990124,0.415354505687966,-0.342270877610488,2.2264489183272,-0.15032338387813,0.630870826711727,-0.0210944678872483,0.0533243593697608,-0.404124009481142,0.558555171822495,-0.00919064900886485,2.01134664871605,-0.00524795329434905,0.584939205609099,-0.0656295780622606,0.109311802743316,-0.601011935733398,0.536414599895032,0.0699976292525821,0.13669561424367,0.513353488170701,0.568274021501565,-5.52844669072289,13.3445884168793,-0.414319262742159,0.587352401447582,-0.0220615092979356,0.0803633126587272,-0.277484614815723,0.595103891683888,0.257618609506296,0.747870075003147,0.354574505969097,0.570611728949432,-0.16906087571415,0.275529430091034,-0.629222935921314,0.492357797994229,0.317166672379986,0.505930538287182,0.631563095755383,0.452730077315446,0.0727660321759815,0.126557268475863,0.577625104651113,0.511760269709006,0.994377032544093,0.98808170051866,1,1,1,1,1,1,0.997455396171564,1,0.999555670383347,1,0.997111163065707,-4.57541486244851,-4.85590867716688,-4.2453373271546,0.850177707551818,5.62089931333553,0.13853186169465,0.432581018997614,-4.57541486244851,-4.56155706635416,-4.91214233308304,-0.0995146613834752,5.30355816271928,-0.0174139026245607,0.494163431489425,-4.57541486244851,-4.48973858269532,-4.60024832921041,-0.328841400562271,5.89084297148502,-0.0474258673445522,0.478966346788002
"bc6f21affc11d8c4a5d6454f728e4add",7.8517655658514,14.5547080013517,0.551838351722636,0.50136583150789,-1.05224036571323,0.784987519877665,-1.35621732196529,0.266326060505119,-1.08906319520137,2.11521020775572,-0.513664154226932,0.547835806039626,-0.036724785040318,0.0506601468969236,-0.744192555504092,0.472704766345794,0.0480128893571526,1.91085496176392,0.0163980572856201,0.571465574286202,0.00839590263628645,0.103850323754368,0.0925161273098758,0.565565977381291,-0.00943916456624979,0.129865974567648,-0.0804873114990087,0.561964653753502,0.842031943940773,12.6778608776209,0.0734569695518155,0.543518320945291,-0.074539997209153,0.0763481694394855,-0.986709515652549,0.389365747249577,0.403590881585358,0.710504698176604,0.568730044732541,0.530507800242524,0.0735270045679347,0.261763321075225,0.280240539933648,0.596228808370729,-0.0737755998277095,0.480653039102478,-0.15777484001486,0.576799564022512,0.0270923011224236,0.120234164791418,0.216174940435652,0.562961085409165,0.991542125092024,0.953994016539117,0.989664643306295,0.98868348017172,1,1,1,1,0.978078855316699,0.990831172625387,1,1,1,-4.57098556386818,-4.05855825767689,-4.95850563733322,-1.1461886875977,5.39104112389746,-0.192583045400009,0.413483796918554,-4.57098556386818,-4.55007496441473,-4.99987437966438,-0.539720832848033,4.95503131398864,-0.0715869198009622,0.447470884135442,-4.57098556386818,-4.83951766873905,-4.47940588842106,0.464900565816504,5.2921883956563,0.0846867308000631,0.468468469420094
"c2ba82ad21732bcd0ef11c61560cf91c",-1.82239586463386,14.9431324421753,-0.125149644171413,0.722000713150123,0.814662197329938,0.805936640837953,1.0193005255929,0.344941492226908,0.194049279380965,2.17165925105468,0.0872631512841714,0.766665154514485,-0.0348952374200493,0.052012124499542,-0.672467920924936,0.519767681811085,1.76006866343763,1.96185033521623,0.900050961965279,0.393952847418421,-0.10598127478074,0.106621798381677,-0.997322231300424,0.347199523530265,0.118808586836524,0.133331734138281,0.892543592202716,0.403133270077339,-9.69701112706938,13.0161975190549,-0.747051053856857,0.475152234520521,0.0104529393336955,0.0783856885033984,0.139023026059607,0.717081329920492,0.501694125333193,0.729466080985944,0.690219155652848,0.516435907124077,-0.0509045712426594,0.268749051850953,-0.18596857963049,0.745689188287757,-0.250027800955127,0.493480324124356,-0.50939288281287,0.589003506594187,0.0880685809366043,0.123442878303407,0.714377294744674,0.491275149869075,1,1,1,1,1,1,1,1,1,1,1,1,1,1.31311746109655,1.0679366262269,1.7661988010757,0.978878416373643,4.92148347176857,0.170265522360683,0.396990741491297,1.31311746109655,1.27981358772429,1.97730447848392,0.233180762585456,4.18573504678644,0.03771689968335,0.460937549975292,1.31311746109655,1.19432910418727,1.34212184970642,0.447818428945526,5.40889774815463,0.070958423943007,0.461861863015007
"250a576e3788b3f444938c7b08afb2e3",6.33873901200099,12.0482001251064,0.528706920905844,0.6019876244369,0.134588182951489,0.649802574831369,0.208919487355696,0.818810413936092,-6.54954478459898,1.75094381057608,-3.74121582146973,0.000975687722322588,-0.00968206257222406,0.0419358181644551,-0.233047509048534,0.791310353638434,-1.9095864167797,1.58178116574007,-1.21358527919251,0.242819651521075,-0.00208731006866432,0.0859659625966744,-0.0133744923601218,0.86260377607834,0.0683198758158077,0.107501383805687,0.628789078808443,0.537638532820287,-4.14426190337254,10.4945702103848,-0.390112002692334,0.701020673318082,0.0611772839126353,0.0632000329039256,0.97005477911206,0.339401194189885,-0.583151313513418,0.588146652798879,-0.991366294460517,0.339167590892035,0.307699176239274,0.216684311181915,1.43058605623935,0.177272854254029,-0.102043424239696,0.397878405070679,-0.255416618642128,0.79697736605521,-0.172204429915054,0.0995282955279825,-1.7400024993873,0.0928159519592821,1,1,0.0536389278900233,1,1,1,1,1,1,1,1,1,1,7.2248214934273,7.27810832105789,7.16264337259314,-0.0956359775231856,3.70602904592206,-0.0195508581262484,0.490162037105703,7.2248214934273,7.2818715661158,3.2318814551174,-5.19062091949119,6.72716310832454,-0.772682111364426,0.190662110902671,7.2248214934273,7.43684539962688,7.17547060048996,0.106239142846659,3.83056207325014,0.026019139183409,0.488288288640537
"eedb6e6a512baecd8df273d5495ca5c0",-8.43852957945175,13.6035904926278,-0.622122896702419,0.489737315441923,-0.0562148113045284,0.733690346879347,-0.0874507962403244,0.562841878254215,-0.580971712809878,1.97698596697803,-0.297066033798033,0.557502784968237,-0.0215706855855183,0.0473496199730093,-0.466092111213032,0.488706045964984,-2.42809426527175,1.78598487776109,-1.37983214334599,0.265877065550604,-0.0580158941088837,0.0970639381257285,-0.607630524750948,0.491480986392732,0.162992911856279,0.121379524534621,1.36735399161121,0.291235762239041,-5.57603435817798,11.8493911169943,-0.488911237888504,0.51989519006103,0.0743094049728177,0.0713589878835132,1.05781785981436,0.358973350606337,0.449725796268099,0.664074810445188,0.697453527373151,0.463303126515433,-0.0680827133752779,0.244657675411072,-0.289795996660248,0.498607361866299,0.411128036157012,0.449243441529705,0.940443461659323,0.362242959013013,-0.19556426813594,0.112377131914545,-1.76367704881871,0.150530302759288,0.99438582214384,1,0.994002164181734,0.999543006282904,0.955930463601618,0.981294865337487,0.916372115469131,0.978848429093137,0.976330742415156,0.991999309739712,1,0.988107128600218,0.897485465221465,-4.87329964188031,-4.97581365990937,-4.71729579852185,0.346971515193705,5.15506151340376,0.0594919252714917,0.469039352068697,-4.87329964188031,-4.867090264636,-5.06595134900216,-0.145389620791864,5.1225104110496,-0.0317825724492511,0.488281264909271,-4.87329964188031,-4.74942359125292,-4.89625569163635,-0.0740898162641459,5.26605631974091,-0.009796839554221,0.493990384796277
"ed32eeb458a2b9bdee12e2db96fcb98b",14.4387261485542,15.0522609602062,0.961194913914683,0.379215972695337,-0.655844652474151,0.811822332581756,-0.80626274936318,0.444581833332605,-5.33537118185878,2.18751870734022,-2.43990754412787,0.0321129281116265,-0.132280716732273,0.0523919649438557,-2.52928766865016,0.0175293035802432,-0.377732181490823,1.97617757353182,-0.188095345347985,0.753622986731621,0.114833132032319,0.107400448968641,1.0680653518418,0.317988772049869,-0.07569052050808,0.134305445280126,-0.562942870076345,0.589204545145755,19.2971780148727,13.1112537832719,1.47257048307205,0.159526704009101,-0.0983065005141262,0.0789581330062033,-1.2474933759434,0.250602780710898,-0.115507038640772,0.734793314260484,-0.158048734057727,0.748293409673619,0.351993160120433,0.270711704987048,1.29983175747301,0.221040193209642,0.569868144232395,0.497084172022881,1.15071703860828,0.278773717394442,-0.148038891885266,0.124344371910778,-1.18812853325571,0.265614395992335,1,1,0.719832704855548,0.68749263824155,1,1,1,1,0.997911394281197,1,1,1,1,2.81564194352295,2.70169796456752,2.99127008716003,-0.220311202465877,5.5952166930957,-0.0327654081607662,0.481052936204046,2.81564194352295,2.88699278998011,-0.622582861550098,-3.47460016654774,5.79016026238429,-0.537329230407773,0.291829111493151,2.81564194352295,2.21974347730859,2.92908559814405,1.15265534739149,5.91740859112638,0.16790638086865,0.413461541146448
"645dd8b575c7e7c0952933bbe90b4bb9",-8.35961930673473,15.5023141638241,-0.539168732810952,0.521595571679221,1.38435175361458,0.836095313399247,1.66518870188771,0.172810535555667,-1.22929956594014,2.25292415073608,-0.552427262530958,0.560705647585504,-0.0188631810839067,0.0539584519805311,-0.350204727530848,0.589697616497365,-0.408365406783767,2.03526404899469,-0.208382780659764,0.593137571520119,-0.0101867177255413,0.110611655328677,-0.0940762579403117,0.571517802608252,-0.037438496114896,0.138321094229572,-0.271105956004347,0.544807532554817,13.3833854256281,13.5032720843237,0.997233060173858,0.392145562956751,-0.0195280008123392,0.0813189318792147,-0.241028997632113,0.649909173251714,-0.259568385504157,0.756763175529445,-0.349674928630003,0.588507626059243,0.102863667657902,0.278805815925489,0.366508226036976,0.581577841972087,0.969698861926876,0.511946678371799,1.90473565315697,0.102981349814478,-0.00114273402688708,0.12806219098648,-0.0130363127344815,0.616256300931976,1,0.928580203698396,1,1,1,1,1,0.986696809394847,1,1,1,0.902667218787043,1,-4.59617752985924,-5.13516333142087,-3.92638840084367,1.41162002459672,5.83934761816282,0.218983552911113,0.391493056350028,-4.59617752985924,-4.58471342105413,-4.77952532061568,-0.533116643585888,5.21304717326701,-0.0974015826151162,0.45312506013283,-4.59617752985924,-4.10874486185112,-4.76057571047164,-0.678489309317763,6.0668898823407,-0.101335182957495,0.445045046717196
"0f898170dbe4592000abdcde0dd2ba2e",-5.07897870195559,8.74829509792835,-0.578677662170779,0.566867998079945,0.742977603807386,0.471826880446035,1.58221620969632,0.127731952188107,-4.17080509680394,1.27137439582291,-3.28628791877734,0.00422810506231218,-0.0059038189877797,0.0304499351493364,-0.196889130096761,0.816061974067721,0.806817344409659,1.14854403766114,0.694998919641464,0.498423604540849,-0.00232282979971162,0.0624205774608627,-0.0379510370139094,0.83475840796272,0.0399052100108392,0.0780576201592185,0.517849117957642,0.61116365156955,-2.82858025076462,7.62019191024712,-0.377330104580582,0.701805913727034,0.0724095253407685,0.0458900526469666,1.59306142732373,0.125760303605974,-0.727905352218681,0.427058019132793,-1.68601628177415,0.10798756850704,0.300276778489781,0.157336222641304,1.91915919297575,0.0721743820248927,-0.0770065744646038,0.28890271281252,-0.274072860131211,0.783555793117403,-0.0417503817356822,0.0722682965780272,-0.587347374071747,0.56404461767034,1,1,0.216719990293685,1,1,1,1,1,1,0.999458738696439,0.969710665974528,1,1,7.51318187283335,7.38627486777975,7.66937295941743,0.560876232480498,2.4293294770998,0.17113768975722,0.406132485491872,7.51318187283335,7.55943852025263,6.28192552336328,-1.67220456827736,3.13414714509842,-0.357602327378677,0.246094185040067,7.51318187283335,7.55598520443586,7.49024318332141,0.0842899759336824,2.39691400629659,0.0281036595735816,0.482572115909767
"b5c3abd1c966bb0457d8dfe34c35b160",-5.06085819932845,17.5836742873435,-0.29404401725081,0.653086396863826,0.844283726896028,0.948350517775868,0.897628136797948,0.399803341127597,-1.8362634728952,2.55540457005299,-0.730195662075178,0.508813181482484,0.0380291133768272,0.0612029813515841,0.624482906045314,0.540222132934431,-1.25252314787,2.30852115033092,-0.543177914421056,0.591005334395144,0.131600178386602,0.125462514765833,1.04946055443279,0.319045436659444,-0.147956386104317,0.156892257652568,-0.94212595514976,0.373209819127237,21.3454457208235,15.3162383135161,1.39477711703538,0.199349868022065,-0.00405856668622971,0.0922369135632369,-0.0361632294446015,0.742963428757727,-0.125205401766928,0.858367147675135,-0.148680241190252,0.740352810921089,0.430114643247624,0.316238634106066,1.3709898855379,0.204097541316864,0.262963775772271,0.58068128086217,0.44752472678679,0.616844504252617,-0.211226068711529,0.145255981205994,-1.46034057103061,0.181352980788456,1,1,1,1,1,1,1,1,1,1,1,1,0.985441035083084,1.65996422149325,1.58607446924599,1.74947883966721,0.491577600299061,6.68513928769958,0.0686578906325008,0.459647093138303,1.65996422149325,1.69504307892581,0.973177606572802,-1.24236884812773,5.83454679458359,-0.186644008658294,0.386718901837579,1.65996422149325,1.58443207704117,1.66810224132658,0.566129518976198,6.85812336235873,0.0868405931534134,0.457657658939666
"ca39c1dfb5e738c293917a0ab7391c33",-15.5775562425997,17.7336677479055,-0.882376733347211,0.417836315548204,1.79774980032751,0.956440202199187,1.88868278055287,0.11139189592229,-2.06325805234734,2.5772028568237,-0.811672401058311,0.463788135233472,-0.0211626566836677,0.0617250592074193,-0.343967618157331,0.634874692323721,1.17397241604125,2.32821345527586,0.512302356584371,0.575404575437103,0.0399140465629059,0.126532743686878,0.312816397932903,0.645136029592652,-0.153857043788233,0.158230590715166,-0.975364178905189,0.382764694873995,31.9569439285266,15.4468899367147,2.07808152530912,0.0743676040227512,-0.0439779780133167,0.0930237191893439,-0.476512714429721,0.600412023744165,0.512971414049509,0.86568924980286,0.597595904327667,0.522972376962042,-0.0179216332855794,0.31893623452324,-0.0600053417505146,0.651627969831214,1.65488476798331,0.58563464802405,2.83781249663023,0.0122832202288869,-0.0119157840881649,0.146495053707701,-0.0771263239420736,0.677812319797159,1,0.915712096556509,0.991038966793248,1,1,1,0.998651981376738,0.848459957165198,1,1,1,0.429514759050347,1,-4.0994076172064,-4.82390853786638,-3.13943927733911,2.09683792512439,7.24736594965788,0.279787766961522,0.375759329821229,-4.0994076172064,-4.05944947651528,-4.9428613841883,-1.45982131795739,6.08842414868924,-0.230107607510949,0.392996250434203,-4.0994076172064,-3.86904018620258,-4.18632186639297,-0.500976992267122,7.50390905879294,-0.0663084633229889,0.468149039424038
"7d669e880492b330a9c9c649f65c2ba6",-12.3870904573054,15.7868531901944,-0.791518755001313,0.440881809922239,0.295198578823796,0.85144152196613,0.349440732454062,0.63389705426305,-1.40905200173986,2.29427570880426,-0.623678304812431,0.541875858910464,-0.0433400648526198,0.0549488386562712,-0.788635583978003,0.473471329937936,-0.65763587666572,2.07262053943782,-0.313279545775141,0.667082506903682,0.0456938143651601,0.112641889807209,0.404481956198339,0.613697536044409,0.0252091308741322,0.140859924823678,0.181863796428821,0.639525894042302,4.95043912321702,13.7511194605982,0.361496953643144,0.608298999011746,0.0586033895504575,0.0828115096619807,0.712466047922708,0.489000398933526,0.57487824664713,0.770653273155033,0.749751989772097,0.483197416485976,0.0554444591846444,0.283923189665401,0.192414446155009,0.646647157429691,-0.0318267801967775,0.521343263157659,-0.0613680938910622,0.650679401586627,-0.139451064480642,0.130412723349137,-1.0726678115797,0.325075751284995,1,1,0.98675231422962,1,1,1,1,1,1,1,1,1,1,-1.79717301116919,-2.01175315467048,-1.5623880326673,0.372078898359752,5.90938310246287,0.0558383048560436,0.469039352068697,-1.79717301116919,-1.73546564313424,-3.1692466817444,-1.71993107365236,5.8333213830842,-0.270086953858307,0.37354102648589,-1.79717301116919,-1.73947016978833,-1.8166179401658,-0.19742252161279,5.80172319296525,-0.031980070563888,0.485885886310496
"494975433cf1f940b003816db0232f8b",-6.8818991511691,15.3215701572133,-0.452208404506163,0.512325456041357,0.667866278681071,0.826347141916249,0.821502770069308,0.447002952914307,2.06649173146216,2.22665694099623,0.929463434849896,0.384360873768982,0.0206463582540436,0.0533293415974998,0.389561100124798,0.526946447735513,-0.972507811137099,2.01153457384416,-0.497061670604089,0.523390783798508,0.0462589200902129,0.109322016017367,0.426884510750567,0.51686096096623,-0.0600094800715975,0.136708386055448,-0.441552223097339,0.56420392145526,7.29079758511252,13.3458352350195,0.550938786697749,0.535631708833864,-0.0122716753019122,0.0803708212032322,-0.148075333510813,0.558269837387292,0.204763219884386,0.747939950367369,0.276951702539776,0.546722379034282,-0.0515808131433774,0.275555173492094,-0.195973877379843,0.555243124870349,0.246272676998424,0.505977808637762,0.485300569352508,0.554815567425039,-0.0152474228957268,0.126569093036739,-0.12787864292286,0.605999581678083,0.996542529765057,0.994119577929604,0.998081532451552,0.992420533425593,0.992360329661588,1,1,0.993659995018312,1,0.997612142904018,0.99903568545927,1,0.999382108156317,-5.03385979400008,-5.42868158487206,-4.58609733635277,1.01129553088173,5.21130260856924,0.161310073317933,0.419560185761329,-5.03385979400008,-5.0921899534214,-3.1474027406647,1.67123105570079,4.79231499156596,0.288152889986641,0.363281437894222,-5.03385979400008,-4.71065712858855,-5.13145298277582,-0.663033864325856,5.61015059806453,-0.101988291551049,0.448918270784352
"b67b924653e2ba692fd3ea7c8f75c2ee",-12.4506531537307,13.9774637494787,-0.889086511457477,0.423315881354533,0.553966474725629,0.753854670383237,0.745648521545676,0.435361632124441,1.11054980202103,2.03132031221012,0.544818278777827,0.438379226700458,-0.0103033379698441,0.0486509496947141,-0.205497848156977,0.533593314985064,-0.189057217554447,1.83506985891344,-0.108857691201284,0.59346892789745,0.0443615189814977,0.0997315875738282,0.44436153214902,0.506205320048635,0.00143581596200095,0.124715449574217,0.0163627019970242,0.555137079727735,-4.16833845546634,12.1750529671515,-0.355606866987366,0.540022698212145,0.0764950891764794,0.0733201772636291,1.04616961828738,0.353340237937002,0.0631099964341825,0.682325860585832,0.0835135352780921,0.565815887726246,0.136803284209685,0.251381706244627,0.55604019214836,0.506651900013568,-0.0985525676152253,0.461590189889603,-0.222761003486364,0.567659503269949,-0.0990787559650481,0.115465640373191,-0.857928071892678,0.426486171998062,0.977002878918497,0.992518900766555,1,1,1,0.99165340147494,0.988940609663324,0.994407091813147,0.977159505084216,1,0.998244330401694,0.989782160691035,0.994585501420173,-4.78062038244659,-5.09715915538866,-4.46385739270185,0.540572756991302,5.07231300635373,0.10050801876114,0.45415099829754,-4.78062038244659,-4.80483129786932,-3.92171557747858,1.1904970224304,5.13345295047263,0.201019760760034,0.392996250434203,-4.78062038244659,-4.99114806031502,-4.70006634571371,0.562276817586182,5.03508008822869,0.0941937587281059,0.450120193823976
"632a77028290d1ecbd9bfe2958610b8c",2.87154339450346,5.23420230172614,0.548478461585559,0.590799593835318,-0.1153335395911,0.282299272715632,-0.40860156444822,0.686265851112878,0.304549156316155,0.760677447946153,0.400602177590718,0.694024837358932,-0.000276991702001626,0.0182185350244771,-0.0152887925825937,0.892913272486867,0.960221066823199,0.68718667789149,1.39825123109632,0.174035657218738,-0.0617084178841186,0.0373469260654104,-1.65337329542193,0.107900969821268,0.0811829911810258,0.0467027427094221,1.73934806632934,0.0910220540398086,-8.84768799263248,4.55924561182847,-1.94155150327139,0.0598853884784613,0.0311933396168536,0.0274565291296549,1.13685765448592,0.265404704082327,0.208891764281608,0.255513564836742,0.817587901286667,0.423309766135415,-0.0431776127302309,0.0941360127288149,-0.458645113342882,0.651527892623103,-0.525566608650128,0.172853707774022,-3.04216153719452,0.00350081034378823,0.0823310217259454,0.0432389259914327,1.90513914259931,0.0647339003353819,1,1,1,1,1,1,1,0.999454988402875,1,1,1,0.198154933585058,1,8.40538332747624,8.40538332747624,8.40557064447865,-0.107373919783388,2.17733386929112,-0.0437632055196295,0.482928240859989,8.40538332747624,8.40809878908881,8.36961058709392,0.149159244797475,2.02521934524895,0.0591526147263387,0.472656284873486,8.40538332747624,8.71289820542289,8.33455215714284,-0.274959305176384,2.14864549802538,-0.117173712873949,0.450721155343809
"5b239eddc0c4c102c7f721bae475cf22",2.47992196242623,13.3399647838052,0.175394886146682,0.806112858816434,-1.0184362658693,0.719472068414026,-1.42519708279771,0.175924913034548,0.522647015861192,1.93867370469997,0.264743600146556,0.788713437931076,-0.0250589830741135,0.0464320256706352,-0.539325509508027,0.592876171325341,-0.525241275744481,1.75137404986228,-0.293862218443589,0.733558422156764,0.0254750794007153,0.0951829237344635,0.264919566063704,0.74555378092996,0.0262393393263626,0.119027295304453,0.223888906795659,0.770452594977792,-7.8335420281456,11.6197602607857,-0.675842843047713,0.523144956955264,0.0583459594133736,0.0699761129894291,0.848222943541181,0.42015330211089,0.363464250565793,0.651205620306767,0.564680247464275,0.589779505679567,0.0364107260664966,0.239916423229592,0.156389574504738,0.817589306054357,-0.126612611165385,0.44053749578903,-0.28018046158672,0.760940652926707,-0.0814854662872638,0.110199361194934,-0.741968456181724,0.484861373465988,1,1,1,1,1,1,1,1,1,1,1,1,1,3.73711001074631,4.22614226574892,3.334428701083,-0.823788715325993,3.69064618872128,-0.161316700525631,0.396008100266166,3.73711001074631,3.76228378986361,3.25452879783431,-0.572524982237626,2.55932137673273,-0.172851811631464,0.417968857192783,3.73711001074631,4.38356939833914,3.67804798578212,-0.173863871920084,4.17169952362812,-0.0321483798756152,0.477764423747456
"51c79d7c5c2260b32f6ad5b82272898e",-7.79507617066494,13.8347145837246,-0.561224599817065,0.511214438026543,-0.323488601646305,0.746155696719219,-0.451305816967128,0.530240242875681,-0.00168517458705925,2.01057482610875,-0.0051616757443654,0.601295334317667,-0.0224229228746923,0.0481540868441615,-0.461503068973353,0.536084912739859,-2.55821307511772,1.81632864118214,-1.42696996858499,0.238087701598204,0.00223052087994053,0.098713047931683,0.0234634770561965,0.556528492560384,0.0307916243849827,0.123441754524639,0.250301267805919,0.538427808206744,0.681798092761191,12.0507114782217,0.057445255582128,0.567350409414259,0.0761037525021909,0.0725713723069564,1.05421742572294,0.376084016799851,-0.614470556045728,0.675357396984939,-0.92018478962285,0.389118514456095,0.183728657562682,0.248814392925457,0.749885735713832,0.442107090762889,0.0869272640438392,0.456876057504216,0.191543595442406,0.584406649440975,-0.147198347648052,0.114286411857063,-1.30687602152089,0.284556941845019,1,0.997856874211519,0.999712135662016,1,0.952975440415513,0.998098821326783,1,1,0.990494582165974,0.971511324163583,0.992936786948025,1,0.956713807872107,-4.27131793170619,-4.02238893167655,-4.48501627161322,-0.490875741534039,5.05662378539647,-0.0871680293372763,0.462673611372998,-4.27131793170619,-4.29382884132625,-3.59514524896752,0.224259495936063,4.88310343123113,0.0436964014429339,0.47656252986779,-4.27131793170619,-3.55853578479193,-4.48184170650329,-0.916775696566556,5.07659211008016,-0.152549969015108,0.422475963929113
"20f887a0f58476d52027e0798805c1d2",16.3810784471849,15.6001170206408,1.06430152389738,0.378060886291991,-0.557503475173818,0.841370171678947,-0.661516181337753,0.534651860084151,5.0237352759732,2.26713766852478,2.22721950018748,0.0355311477542368,0.034975764448461,0.0542988715267574,0.645641382931881,0.523305750516369,-1.42268999377781,2.04810436665724,-0.706570045237329,0.482933485584281,0.0285305733213982,0.111309495391397,0.262961789173506,0.607686997323808,-0.0181205136840592,0.139193750920097,-0.134555702457464,0.657168076745926,1.0629733369297,13.5884631449785,0.0771292512649501,0.657508685133952,-0.088973701719954,0.0818319664988869,-1.09598888120927,0.3589447350526,-0.675141762629339,0.761537533713544,-0.891527008427428,0.416800768779118,-0.393132955273572,0.280564779458706,-1.41179960002682,0.223684793332147,0.470402284190972,0.515176508908937,0.925598720337656,0.408363534364354,-0.0840419759215104,0.12887012507918,-0.660853117101136,0.528823488413788,0.973424512413694,1,0.909610396208617,0.989251778103872,1,1,1,1,0.986453342875631,0.993006904100441,0.978917525146592,0.999585061529347,0.999183393236718,-2.13092515779195,-1.90872688090243,-2.33887546578464,-0.467697523817339,6.00194110565969,-0.0699526272856721,0.468035869474596,-2.13092515779195,-2.35313168302387,2.34553843484692,4.2216623616894,4.59418322440453,0.90196888432699,0.156250828850844,-2.13092515779195,-3.13793602114529,-1.66421041521994,1.48084632247257,5.80953499370075,0.233135745853213,0.378978982843268
"3a4c1eb8dbc9f93fbbfbd8702754c0df",-8.20202289907337,14.3515901273252,-0.576103781722689,0.548582290293132,-1.5134939013664,0.774032645608799,-1.96510760455896,0.0849717133137635,4.11493852951129,2.08569144307295,1.98089400116327,0.0583233039729911,0.0386193624485903,0.0499531604472733,0.782390820977287,0.46480652704462,0.884866834994616,1.88418807175346,0.468121857859818,0.616533736239593,0.0423112685299146,0.1024010430834,0.41892348505999,0.583717535757511,-0.052045781148748,0.128053633113591,-0.414520331767682,0.56724816938154,0.221916882054937,12.5009352980472,0.0253177003309897,0.632395379126435,0.041347540165302,0.0752826944151209,0.552706461431921,0.538415194744844,-0.66265624478413,0.700589267117042,-0.958627532693715,0.384661021873153,-0.117898581435969,0.258110289405338,-0.459897226228096,0.582152223583615,0.298632053017506,0.473945297288778,0.629436140789907,0.506565946661857,-0.0364226035619268,0.118556239824767,-0.310721494653634,0.674630624010838,1,0.908699506553658,0.990403759503132,1,1,1,1,1,1,1,1,1,1,-0.760173307749918,-0.160603841380319,-1.70806520100576,-1.38743564713052,5.1948811566778,-0.236690490694782,0.373155916479023,-0.760173307749918,-0.89463359006376,2.00556989083628,3.45679957640028,4.24620931886476,0.711847087242294,0.206226246990343,-0.760173307749918,-1.94082116270634,-0.583279994142699,1.01305130351262,5.56188044323268,0.164389193183725,0.415264425702553
"969732ae717bf5a9282f4781499aadb4",20.1410030490466,11.3115261636471,1.77678163054003,0.0927859251676321,-0.705656191712489,0.61007111021451,-1.16623660703266,0.261876008646137,0.363840776501821,1.64388427472542,0.219709526761965,0.8251125624276,-0.0425818780142838,0.0393716986301296,-1.08037160811468,0.29125477598149,-2.90780469937504,1.48506489397933,-1.96040935701821,0.0578059085540603,0.17000674040401,0.0807096682490406,2.10573202985675,0.039460038000682,-0.0935662316225338,0.100928329785321,-0.922077914476726,0.364716553955984,6.01790477460741,9.85289124336738,0.60544203904548,0.553353052607315,-0.0269089805817856,0.059335736318523,-0.441826402834259,0.673254667113791,0.538883015647192,0.552185071804426,0.985340490631617,0.342223161429599,-0.0376032197734575,0.203435387006774,-0.180191481154261,0.821429659810603,0.280951172639894,0.373550567070067,0.749205689966264,0.464417797200109,-0.258713962479948,0.0934427472317595,-2.77391636666258,0.00718657798108013,0.986530307664877,1,1,1,0.994643433478721,1,1,1,1,1,1,1,0.401189440241162,5.57177239871609,5.83068540037739,5.42656701865051,-0.511958365907329,3.37502704866406,-0.114954899917029,0.432870370847334,5.57177239871609,5.61716319273001,4.53523740071519,-0.52957132642798,2.49624707843472,-0.155186570653419,0.42578134649973,5.57177239871609,5.76625018330409,5.49579458600639,-0.0142778738620768,3.78681718493247,-0.00248671026963078,0.498498498543634
"81b95cf5e2e0e3f7579b7dfa4b2ebed0",9.51536312108414,9.46749726102638,1.00455115199754,0.328721970683236,0.876409267588705,0.510616028414414,1.73515504310371,0.103652172492633,-1.72680510405877,1.3758947858358,-1.26092393168234,0.27257338759387,0.0027355760935939,0.0329532411055774,0.0788479351430164,0.838993724419621,-3.21602970454398,1.2429664762109,-2.59234043994346,0.0124834715994042,0.100442408067783,0.0675522075475423,1.49617049837203,0.149070449746556,-0.0509223153697495,0.0844747801471217,-0.610882426987415,0.548836247244716,1.31378411110896,8.24665208834167,0.175981256399222,0.742359837715808,0.0325072366769785,0.049662699175111,0.656263142530128,0.521254750272757,0.0786413875592,0.462166694330706,0.182238342093099,0.779566779540079,0.203904547493788,0.170270920247024,1.20385672142434,0.263751969994909,-0.385247937939544,0.31265356411026,-1.22226068971966,0.297129558769003,-0.209562946806403,0.0782095130825591,-2.69393737004145,0.00934428223601583,1,1,0.985909461272873,1,0.648234055370645,1,1,1,1,1,0.998853394202792,0.973789398432955,0.496945905981596,4.1904961032844,3.90054901337502,4.55637552684047,0.540610706455215,2.8050989811732,0.155405176273587,0.407578826238556,4.1904961032844,4.22972151790665,2.75466120059355,-1.54290661404436,3.49288362519488,-0.321730764502639,0.304687793069478,4.1904961032844,4.47242430664757,4.02832704983694,-0.462012671505259,2.80490377868575,-0.122957519801646,0.418018020550487
"26de4690cd2c89c490c37a8d1418d67a",-7.42878063340311,13.2855972923829,-0.560059747811553,0.590323349883437,0.241796326875204,0.716539834923008,0.329667386118886,0.702946283102598,-1.64021007666172,1.93077257244669,-0.852288758137368,0.447417906008212,-0.014775040294529,0.046242790331691,-0.321499485614178,0.696680197526977,0.512078713987654,1.74423626388037,0.28855495083997,0.713435182561405,0.0797720774304582,0.0947950024113154,0.849314007617317,0.425449951579033,-0.138929942391779,0.11854219541391,-1.17911306841165,0.271989221855418,17.2717526184814,11.5724035228523,1.49989353654576,0.168397091126442,0.00771758234054613,0.0696909229020208,0.113104307088028,0.817410712568394,0.0178537464749366,0.648551609104341,0.0267979292645918,0.705876991809574,0.289512242378279,0.238938635484767,1.21399535308144,0.258164179367144,0.217924784672187,0.438742069870621,0.496833639435262,0.620431245901684,-0.042091354067848,0.109750239857539,-0.387782623409708,0.682799980022804,1,1,0.999452358446363,1,1,1,1,0.997892824444312,1,1,1,1,1,2.14123428718395,2.18046090509871,2.11005912146551,-0.139223196904854,4.02973193144309,-0.0285211780593555,0.481481481610863,2.14123428718395,2.19666883023006,0.42338756856604,-1.42528077598108,3.70419825408832,-0.3157719386735,0.322957453835057,2.14123428718395,2.60221555062013,2.00203612512754,-0.486710154290909,4.3769456962705,-0.0877872193960996,0.436899040391376
"c5bd025300b4ef0c652dd11cef56ac29",12.9832499613253,14.9845964654641,0.86696352409794,0.44879672575466,-0.634172772975503,0.808172944087916,-0.788309281123227,0.448056771306606,4.8688310080195,2.17768514489652,2.24537749323904,0.0324977479188718,0.0727405919769256,0.0521564471139536,1.40465662209563,0.219969758747008,-1.69256369793722,1.96729405381428,-0.85959792255369,0.434516787779993,0.103942267836785,0.106917651259132,0.980979540760861,0.385884001816638,-0.210252597402967,0.133701701422641,-1.58749445134718,0.180431063082312,7.96686585079192,13.0523147066092,0.619226573243434,0.528053412102475,-0.050900311465134,0.078603192164441,-0.650464723963553,0.5263027869541,-0.92948757038458,0.731490194650699,-1.28051343473397,0.246750687529326,-0.0383936740850812,0.269494773471767,-0.138504660915772,0.683523524053741,0.351628336787691,0.494849627363237,0.719735763425248,0.493261003597247,-0.0511506641158792,0.123785406110119,-0.411440671452776,0.632616849323022,0.99499770393978,1,0.907816227008305,0.985209157064457,1,1,0.94942663775567,0.996773773537548,0.997639508146919,0.999321537071749,1,1,1,-0.762801814894015,-0.259827494790763,-1.94456422587189,-0.952169254540886,5.94572598891219,-0.146761935065462,0.437789352292723,-0.762801814894015,-0.972421699053019,1.53933314190777,3.52145303649193,4.30360852063702,0.696240799182792,0.175781961365507,-0.762801814894015,-0.815260656742093,-0.758162644360371,-0.231289452937805,6.19442766593547,-0.0330543453687879,0.484375000470713
"95251fbafeb9956f566a3da93d145d63",8.69033859181894,7.36345331443007,1.17578116695419,0.252862192365315,0.605170547549572,0.397137404233231,1.53683182678454,0.147773219502022,-1.98035014214418,1.0701177662629,-1.86544625626274,0.120339722231345,0.0210548330606081,0.0256297568142915,0.817838403127614,0.425254169446746,0.0450545324101122,0.96673126663132,0.0556328903031904,0.76919187812904,-0.0743969852719032,0.052539495164226,-1.42507411602127,0.17069518330522,0.0768809951356458,0.0657012178308927,1.17569370295719,0.264523326494391,-15.1204503125179,6.41392714237427,-2.36676977530813,0.0365058220226563,-0.00609494239503674,0.0386257272394362,-0.148633396718411,0.77905253480812,0.195915939846646,0.359455385447842,0.549673223977065,0.588763188331808,0.187056058908364,0.132430138343455,1.4377876855202,0.191458239627644,0.0224353579283402,0.243169853599354,0.106706848191801,0.761900991336289,0.103734404918501,0.0608283353509308,1.7237226036011,0.0994298846879253,1,1,0.876652712087517,1,1,1,1,0.737369319489018,1,1,0.989922093818699,1,1,3.17070228417428,3.0718952951901,3.26783644878839,0.266766289322645,2.59456245950623,0.0922888191797079,0.456886574377131,3.17070228417428,3.21282508116507,2.33519345060977,-1.21638998184825,2.91092803948769,-0.359650842093673,0.295720153735699,3.17070228417428,3.69975407979047,3.05317717701739,-0.596983598308355,2.75017986965753,-0.187898536503089,0.409609612418554
"cb3f42ad378ddeda014d895db355586b",8.55056398892971,7.82219449123543,1.07802201718983,0.30185185097139,-0.0684362673046823,0.421878958554537,-0.180895563054628,0.784806853149262,1.25102736600734,1.13678581757705,1.10646630713589,0.27824487761642,0.00896479037576637,0.027226483825405,0.33601085456795,0.740855168793203,1.00663075819499,1.02695836660354,1.0039924433779,0.339766817985304,-0.0465413538394355,0.0558126916946044,-0.838969991319404,0.417147676807356,0.0101595570048579,0.0697943861716526,0.140885020448227,0.787893842381845,-10.144639537635,6.81351309200887,-1.47656769706925,0.173763565595122,-0.0122585309320065,0.0410320997405095,-0.285608226145286,0.754794826665019,0.0291022070235112,0.381849360052966,0.0673841061812862,0.806115192420622,-0.220010416742892,0.140680500627836,-1.57389161389227,0.129913044756494,-0.377949219328186,0.258319270597102,-1.47200440542606,0.165129241316069,0.145064035669972,0.0646179244133498,2.26471544879158,0.0307428211298353,1,1,1,1,1,1,1,0.992861526352602,1,1,1,1,0.917248406765204,4.02913891373712,4.12745439790238,3.88012495139026,-0.352221607321527,2.10127721121236,-0.114813576215451,0.425636574604647,4.02913891373712,4.02869459581954,4.16555115201963,0.207044410076605,2.07136501257814,0.0989852961539074,0.445312570380321,4.02913891373712,4.23549638764108,3.97737347022205,-0.341640897959561,2.09637014153937,-0.12053273819661,0.424024026361848
"1e2270e7a0c8c2e951edc6813b58451a",4.98845111581406,11.5262790040579,0.434484613725255,0.66056228939277,-0.253767366234469,0.621653499882864,-0.414812910496736,0.665354393413379,-0.552871136656143,1.67509392868339,-0.33273574000243,0.699190994488581,0.0101305534324651,0.0401191825673362,0.246700745601399,0.717532876591287,1.53398195063047,1.51325931262474,1.01666888117442,0.325599188351424,-0.0353718972942213,0.0822419663893923,-0.442127786763018,0.649085789138031,0.0344476242605055,0.102844485499921,0.347554654924102,0.692864919679645,-6.0095183482005,10.0399514463992,-0.608926710784127,0.562870570014989,-0.049176086651174,0.0604622437170756,-0.81068132312105,0.445748463463831,0.28971963375836,0.562668477039658,0.517504296417057,0.606944480323919,-0.342283655243482,0.207297671067096,-1.64714692998689,0.128947642811872,-0.13015240854431,0.380642540704286,-0.343570119577314,0.705516530683855,0.151857763424106,0.0952167868346825,1.60249422001112,0.120879227542669,1,1,1,1,1,1,1,1,1,1,0.990530071304505,1,1,2.49597345191912,2.59771079337294,2.35868602226209,-0.111188220675881,3.44153642726623,-0.0231094119346305,0.483945617699566,2.49597345191912,2.49490746870905,2.7517402926608,-0.13042287195219,5.12106944932864,-0.018440270046161,0.486381340152406,2.49597345191912,2.6077879022331,2.43629287566858,-0.183503601384768,3.58551700399468,-0.0408097440113284,0.47687687757345
"820d3c5095323f85949bc959fd15d1b7",-0.435401618220273,12.7540097602441,-0.0302395073619823,0.738826899286964,1.17874468328045,0.687869415811007,1.72272005475607,0.122267472209303,-0.637319833762979,1.85351788796994,-0.35896759554117,0.679537614503132,-0.0112572417590713,0.0443925091399126,-0.25689980777254,0.723317678336512,-1.80667454074803,1.67444532933843,-1.08589597547344,0.333917352492689,-0.0201830759817104,0.091002034712391,-0.228790323519853,0.786039096833859,0.0641251990397208,0.113799047497592,0.571715626155939,0.585060594433802,-5.54033309749333,11.1093648431269,-0.508472500207757,0.603897974119029,0.0479340037697519,0.0669024275937065,0.721190357755579,0.488342155509636,0.312441350424693,0.622601556444977,0.512080071055317,0.589758286484667,0.153118272291554,0.22937814702688,0.678917653087707,0.526065098115721,-0.136291699565058,0.421186983032205,-0.32695934236258,0.70631248393777,-0.0882275530786589,0.105358878455145,-0.840338786245984,0.429950531384205,1,0.976788694211609,0.991964837643217,1,0.995553214410196,1,1,0.999401655286462,1,1,1,1,1,0.770349510865934,0.50211467398382,1.06171029068249,0.728875619445252,3.93325131603598,0.158208669558559,0.414810529972503,0.770349510865934,0.820008607191221,0.0903740699404523,-0.922623425314518,3.34945260522183,-0.232804401520975,0.389105205518449,0.770349510865934,1.29910531123186,0.648413418461637,-0.480466359191437,3.77805351353832,-0.101996573738374,0.440840842644419
"92fb114641e27921122496428e2ef0dd",-30.5140114727938,14.5463087202752,-2.11975903051073,0.0976183540569475,0.695033666498441,0.784534516573143,0.892080803680487,0.407190894893454,0.437436362492543,2.11398955495602,0.207606432968073,0.613033521945817,0.0129130209398361,0.0506309117646816,0.26625464559962,0.608055937806711,1.87224576651321,1.90975223899417,0.989763941427055,0.38935991812837,0.00570220875853951,0.103790393451471,0.0538872129126245,0.57242602699194,-0.04147200865588,0.129791031063281,-0.325456348353337,0.505335579119511,13.4035559826703,12.6705446939538,1.08227240504921,0.343411526328249,0.0808740786541916,0.0763041101746253,1.06333236429329,0.361986839245228,0.116574900052264,0.710094677675638,0.160243916272848,0.586351405577022,0.12214764781168,0.261612261795368,0.470462999799102,0.534074543774362,0.466466024574578,0.480375662189434,0.979481929861636,0.380946458874931,-0.0224811393342045,0.120164779645045,-0.188731810612305,0.582791938734905,0.783195449970432,0.980020579671029,1,1,0.994202225714025,0.998528427873945,0.998404347324959,0.977659855108886,0.985777171164928,1,0.99343719610675,0.991546789121922,1,-4.67475312163512,-5.08190534447869,-4.23856523055183,0.851631480014242,5.40290364021733,0.146061157607722,0.432291667147895,-4.67475312163512,-4.72020157166934,-3.42231198344097,0.655753087135,5.41173727383601,0.119158775527101,0.421875101826505,-4.67475312163512,-4.66455049591533,-4.6773515175064,0.05542581438353,5.16111324781771,0.00939076547193566,0.497297297378543
"5431c93e93b57f0b74748eb702ea1e72",5.12650290679211,8.76725295331803,0.585212087213242,0.568042822602958,0.0898155442128978,0.472849345471316,0.195379047334903,0.785327447769174,0.138038500805447,1.27412950772442,0.104061659092967,0.862074558763795,0.0385411546412884,0.0305159212027016,1.26448142461072,0.217922974616826,1.16172590393312,1.15103297196559,1.01656776047185,0.328937228184808,-0.0901068045767437,0.062555844992147,-1.45092415160732,0.164792287739433,0.0656075799120028,0.0782267736981054,0.841620750855294,0.417961753781346,-6.13728296291604,7.63670512735502,-0.801662250957438,0.450390699575737,-0.0200103501453419,0.0459894979642733,-0.433901396581104,0.669116906776059,-0.075946003617822,0.427983468500823,-0.180466296473109,0.742752380633613,-0.396511093275452,0.15767717562963,-2.5293135945893,0.0147484681634227,-0.19115854812132,0.28952877489546,-0.664144928658397,0.525988301363166,0.10059394772994,0.0724249044542417,1.40008313491514,0.173022653738616,1,1,1,1,1,1,1,1,1,1,0.73175022746528,1,1,4.18576336129008,4.17366651811249,4.20238568625002,0.179901032112419,2.73116084651448,0.0521819356078618,0.471217819119503,4.18576336129008,4.21220218874293,3.58789460287881,-0.58515081449376,2.57679159325603,-0.201442185771867,0.398437634700327,4.18576336129008,4.1085673065476,4.20628605837602,0.145736810811486,2.9029980492775,0.0378075097928114,0.479279279903218
"7c821085a5548386a8d91fe359fa3ff3",3.67318064148813,5.67812016366468,0.64768362063109,0.525264156711012,-0.386919006714118,0.306241352586981,-1.26324754970181,0.21742308468703,0.5254684455822,0.825191252887503,0.636763485708813,0.533095697266962,0.0110266605164815,0.0197636669566248,0.557187023148143,0.5841247966122,-0.514397057419422,0.74546765810917,-0.690151753903687,0.49929684144885,0.051936927392834,0.0405143557162411,1.28299211263939,0.210247918073258,-0.0425536952931973,0.0506636484014691,-0.840510880629964,0.410781971934087,4.32544083223079,4.94591973089875,0.875372169669562,0.392225018927973,0.0166356946598499,0.0297851444572417,0.558160382360884,0.582982171546491,-0.0617837021214007,0.2771839223927,-0.222545983302675,0.812177469796304,-0.09946760114637,0.102119780854899,-0.973577655578716,0.340134617149189,-0.139502119376139,0.187513601289771,-0.744083813569757,0.470340951519514,-0.0689577160208137,0.0469060619697852,-1.47070619530961,0.151235291893195,1,1,1,1,1,1,1,1,1,1,1,1,1,6.27029846612583,6.33881800387583,6.20295872854632,-0.188305267547452,2.03872303257912,-0.0841635007630335,0.451836853101498,6.27029846612583,6.27062674209167,6.26285491824673,0.096441702579515,2.08952067857085,0.0376570149458565,0.47470820319835,6.27029846612583,6.27099471414232,6.27029846612583,-0.0643447793398177,1.91669431335221,-0.0343659867923518,0.484975961991037
"3a8a7409bdc33da14a01ec3e3313b9a7",-26.1317044478982,13.4386012469138,-1.96102109079814,0.139954373736448,0.372350279167489,0.724791886066012,0.510737071312611,0.539277878831101,1.95038772177159,1.95300836903022,0.998905036171124,0.365030591489086,0.00345207701211423,0.046775346725926,0.065132962147257,0.547143785157345,1.13496236091289,1.76432380982479,0.648062425806964,0.473944767017843,-0.137086373235154,0.0958867117202381,-1.43883199665146,0.260088177340222,0.134050889073953,0.119907389938321,1.12356761003623,0.349999238322055,-3.38724009486336,11.7056774331972,-0.284263821312343,0.525041832482983,0.104835501457306,0.0704935203738731,1.50047175096803,0.238575639086457,0.201858076497793,0.656020671934298,0.314001460569424,0.568966872987573,0.191211316839827,0.241690378994284,0.804008042896441,0.428004488160339,-0.31314200220479,0.443794855246537,-0.718015148604887,0.460192962433914,0.0345106057619759,0.111014181578739,0.309799232612632,0.511528643311926,0.791761425597124,0.995645532832435,0.998054515005782,1,0.991272935060381,0.90147716759019,0.961143238806941,1,0.908208132355089,1,0.992593827007438,0.982762028282779,0.993323233630573,-4.86497283305188,-5.25493042785213,-4.46765065677793,0.585538279195636,4.97259682813232,0.108837193582771,0.447627315184275,-4.86497283305188,-4.96947824093489,-1.78808583111314,2.82952182736167,4.05934677395952,0.56700300590658,0.234375470559904,-4.86497283305188,-4.74416038851707,-4.91064881531851,-0.20819100981841,4.94993415107332,-0.0303789069906836,0.484684685145497
"564e9f4d70915c0026898422d57b1431",0.129862948485372,14.8150328165732,0.0223421320509238,0.627987167199255,-0.563890544170047,0.799027769331272,-0.717710529735327,0.483381868723045,-0.905688614469978,2.15304275695133,-0.424115651996447,0.535811336641391,0.0297698874012912,0.0515662518753824,0.574572895654419,0.49431390409669,0.141341312297696,1.94503242274701,0.0634460647364378,0.682185953004272,0.044228213011398,0.105707785706854,0.428265006742705,0.577256984465466,-0.206826146391453,0.132188751213511,-1.58199909278742,0.174982770458331,27.0803150105069,12.9046164944334,2.11901181081939,0.0786426367303268,-0.109817744617045,0.07771372916765,-1.43441384864871,0.223964696435742,-0.390998381225761,0.723212751422997,-0.551476000077603,0.533542612852027,-0.0461265527323528,0.266445207388875,-0.182590574783135,0.575150892233948,0.410350904681371,0.489249976504343,0.847125417063418,0.417773899332559,0.0817510603791141,0.122384667345625,0.668496531329296,0.520701499305273,1,0.987446452257211,1,1,1,1,0.964231538580233,0.811633808003404,0.971511727309939,1,0.994109780285328,0.987871350943342,1,-4.20397045782958,-3.97382753983291,-4.39393551955236,-0.57778412078822,5.63363368009103,-0.0936282750699874,0.456754411643136,-4.20397045782958,-4.17527675688366,-4.85383654260344,-0.561456875312067,5.13890957887951,-0.0908730398357023,0.466926111951107,-4.20397045782958,-3.23296946284758,-4.48770668008657,-1.27631511577181,5.58535573062415,-0.201651380736445,0.397235580152308
"386a607b118090dd71bfc8b4b4081447",4.71728157065021,6.03707694682534,0.783178136900705,0.4421056263064,0.378412546401355,0.325601177251989,1.17998248465137,0.255496393750806,-1.19774295324701,0.877357813138253,-1.37677251551013,0.182875067981961,-0.0230366935204597,0.0210130773441693,-1.09960975768697,0.280560080890899,0.740963013132774,0.792594288894045,0.956254934028467,0.361824562103321,-0.0352039638103103,0.0430755735807011,-0.828376377104215,0.419294841966936,0.0628548229417959,0.053866479572558,1.17758313674002,0.251539684320496,-7.00667184786359,5.25858860461072,-1.34183805920146,0.191462552537855,0.00119903146091471,0.0316680879899912,0.0363542506631147,0.900532531248605,0.0616875897293318,0.294706807829791,0.221953404505887,0.803168262319426,0.185288778916373,0.108575542088576,1.70198543041034,0.0966271772585885,0.181439812034144,0.199367749701171,0.910454795981746,0.370785522970172,0.0510479520157864,0.0498713477739063,1.03938520778778,0.315460819885956,1,1,1,1,1,1,1,1,1,1,1,1,1,5.03401680095164,4.78233478633274,5.2945823425524,0.524501260227926,2.08364239674572,0.21300467918733,0.388599537854881,5.03401680095164,5.08321106996761,4.58471085673199,-0.469562507074317,1.41387003045075,-0.316734797176147,0.35019476017559,5.03401680095164,4.86006190195002,5.07722540933028,0.365659627565567,2.05116010040162,0.161678736745598,0.427627629849702
"afce1dc2c06acb90ad5d3da0fffbcd02",-13.2594316348066,16.5855972710432,-0.803305933524471,0.450996537672546,1.38508231966957,0.894520650381777,1.56197567675425,0.171103959413983,-3.01863407060418,2.41035578633237,-1.25080783683619,0.286624969868837,-0.00662152479997358,0.0577290038416595,-0.11559421633432,0.69303790410379,2.36087063704016,2.17748585792637,1.09635641150667,0.334697685885155,-0.0132291210205602,0.118341065042146,-0.111468434738432,0.672126561978071,0.00749571385153341,0.147986806275366,0.0463681653297366,0.688104894400083,4.38201867561217,14.4468645303642,0.309921050865307,0.635849783147074,-0.0024822150221487,0.08700140123643,-0.0340160749419931,0.690781591653685,1.11303332612743,0.809644877935502,1.37819528372725,0.222276533270808,0.470287508886217,0.298288431707546,1.57999161128615,0.162470448350086,0.604461067052912,0.547720897795843,1.11267914605085,0.306712184753933,0.0320270047536068,0.137011023186827,0.242653310397824,0.633927720750107,1,0.97715353711562,0.975283889213236,1,0.998335262144026,1,1,1,1,0.99715429268335,0.978051030213091,1,1,-1.54252336893768,-2.72237343314079,-0.399964697735443,1.49040236320447,6.46120859873164,0.212399092398558,0.396701389641741,-1.54252336893768,-1.44240658902211,-3.50482261035694,-1.81552554960935,5.86426151717462,-0.265807539823787,0.361867892959493,-1.54252336893768,-2.75131661269868,-1.10275171728336,1.17558194149058,6.29006924429032,0.171737826721051,0.414663464183827
"1c6bf8efe709f63c28e0225da6870395",4.98672680760353,4.88179316277497,1.02178150682946,0.318239627859856,0.518543476163981,0.263292585948587,1.97018327023481,0.0561943635760233,-0.534177205862599,0.709462445354092,-0.753398575014393,0.463317803921293,-0.0133089243305681,0.0169919148308307,-0.783076023328727,0.443220095711917,0.988182341550306,0.640919672626029,1.54230752376101,0.13507211733304,-0.0676628862469867,0.0348324267590225,-1.94331672444065,0.0603229212601863,0.0780171706808956,0.0435583336101678,1.79183892203424,0.0829347171635835,-9.24067487790639,4.25228005572043,-2.17403510234981,0.0361076586146012,0.0193452112760816,0.025607931916288,0.755782652353389,0.458569171786327,0.236055465480257,0.238310310131672,0.991058842326968,0.333664362227377,0.102386331873137,0.0877980094806184,1.16654532018871,0.254387580001142,0.210192473946795,0.161215788028147,1.30426406488567,0.202767521006131,0.0886759233771111,0.0403277292513317,2.1995569560484,0.0337616625455534,1,0.997415796686085,1,1,1,0.999832986220729,1,0.971850752652141,1,1,1,1,0.958847856541502,8.2429520432579,8.08288544109168,8.36342313492544,0.510709819046872,2.02823870804005,0.243913696120875,0.397858797039974,8.2429520432579,8.26418488791828,7.71143972137033,-0.326746296817101,1.53220077872999,-0.166742688134967,0.398437634700327,8.2429520432579,8.43370852491958,8.1658882101416,-0.0383344405422479,2.04336870180316,-0.013021797811335,0.49249249271822
"f2d099ef5556f02539ded15181a3d994",6.67252234482838,8.60006941322983,0.775104809189403,0.446712766755947,-0.216168530635867,0.463832538505074,-0.447298586482728,0.661476011790878,-0.358460129092797,1.24983301682055,-0.305880953916864,0.743228917064641,-0.0157495552269335,0.0299340103393007,-0.52790522152471,0.603235313661976,0.432786414019589,1.12908382004354,0.397067835693665,0.691388932218643,-0.0079696585899818,0.0613629619220814,-0.136905920835635,0.845267137447285,0.0287102045538954,0.076735060270175,0.387830634651525,0.691853679555245,-8.37874540166316,7.49108010608565,-1.13539175702573,0.288938728483128,0.00401739122556897,0.0451125200650973,0.0936846726724864,0.875879631422784,0.0761980787674829,0.419822213003329,0.191663577058908,0.815299646868475,-0.148806492408882,0.154670415296236,-0.943809274807367,0.360168958357394,0.138635832083734,0.284007724481818,0.479288482711068,0.632057225306781,0.0546046056137199,0.071043827396048,0.779246659562464,0.444036649843115,1,1,1,1,1,1,1,1,1,1,1,1,1,4.53313575116263,4.49703174888724,4.60950510730849,0.105855701443105,2.70278218646955,0.0337489410375459,0.482210008802251,4.53313575116263,4.56331555301138,3.8406122615528,-1.07470564816211,2.47641032997927,-0.418923426918005,0.319066410537704,4.53313575116263,4.48525240885897,4.54657007549466,0.0327707073121175,2.64767818788156,0.0115369055825465,0.494591346316645
"304a3df568087b761af6bca76a3816aa",-11.458539515832,13.3512329722545,-0.870212663909633,0.390925289210141,0.196717401990047,0.720079802166119,0.275151959593293,0.557247127205976,0.676223818507392,1.9403112907806,0.352023914571856,0.517847355114701,-0.0478563770101892,0.0464712465249489,-1.03771440443193,0.347693705376078,-0.650211285231443,1.75285342504496,-0.375406178018688,0.575424642142896,-0.0517026680581561,0.0952633241807293,-0.553118436392674,0.492515256755225,0.0858561904085991,0.11912783694874,0.735400412587045,0.452129953909025,-1.0170172686735,11.6295754027651,-0.0910735593150667,0.564861761582403,0.0551634943218524,0.0700352213934533,0.800809012016601,0.428943498644864,0.480923703258145,0.651755689798533,0.741854695568284,0.462992199439229,0.0588385831317845,0.240119079197042,0.249143516362781,0.556751165013761,-0.134722930056513,0.440909615176296,-0.315550953614658,0.535183389964413,-0.0475772004246048,0.11029244593609,-0.438215974322375,0.587932620647425,0.975209772063674,1,1,0.992195651066656,0.988768108103357,0.987761308097193,0.990450342089945,0.998274393746432,0.984489925382743,0.987189108181274,1,0.990865321002978,0.995427921428797,-4.40273672593314,-4.57571355658994,-4.22443047008557,0.306201640197389,4.84515627084904,0.059626983050791,0.469771478371812,-4.40273672593314,-4.43821935959312,-3.34368382428423,0.901212991376761,4.99754822335384,0.158801018510823,0.42968759121018,-4.40273672593314,-3.95357293549017,-4.55445052200059,-0.662853110507073,4.78699760968148,-0.123424904307274,0.442642644389801
"2ddd18d49a8163e0fc79e28ea6273254",4.0453116123315,13.5026920918506,0.313641154996977,0.621047152090877,-0.188089139515058,0.728248534829364,-0.264610111139073,0.679618629425833,3.49645112181537,1.96232257921028,1.79186352892175,0.0845882374082138,0.0193688560344064,0.0469984258573621,0.42266806804897,0.616032658434415,-2.03127834113006,1.77273815307645,-1.16034665820075,0.314665412115454,0.0689212158053382,0.0963440108289363,0.721700717187,0.486463936180385,0.0187020143347953,0.120479247514427,0.150276658919787,0.722666522151891,-2.96722463537407,11.7615036865004,-0.249426406540287,0.672427413384735,0.0156240322714655,0.0708297152798994,0.209601423408349,0.659872526911938,0.208177862767763,0.659149339746355,0.317322798000546,0.673163531214547,0.0512727983949577,0.24284303917954,0.214148267032974,0.752650731035635,-0.699703280197966,0.445911384097179,-1.58077773652572,0.17248706314794,-0.185861840802192,0.111543626017682,-1.67667975727451,0.1336870423365,1,1,1,1,0.987269752209497,1,1,1,1,1,1,0.947018934842387,0.970849953649708,-0.142348989692475,0.0507869332908317,-0.273486273406482,-0.400199630256367,4.921977629879,-0.0713853396791044,0.462384259523199,-0.142348989692475,-0.23804056635734,3.15903181401347,2.72249977318385,3.48538018314696,0.801056188716044,0.182880046788708,-0.142348989692475,-0.297792337846564,-0.0749303570632005,0.568657652066181,5.10307032784756,0.0961213850922874,0.451923078383513
"42604f7f8bfc866837a5370b4b667382",-3.686930949379,13.3691662686337,-0.279331962887984,0.613324188063461,-0.522726095782667,0.721047009055234,-0.720282136903598,0.465899404568294,-4.93248414356056,1.94291750531659,-2.55847580868598,0.0423638741681192,-0.0498424373180579,0.046533666425701,-1.07577339546308,0.336916902320422,0.00695107777858006,1.7552078472954,0.00473634633371202,0.656845766782099,0.0135336297023877,0.0953912813087455,0.14313782826671,0.699585691138597,0.0655227853975643,0.11928784874776,0.554032346869628,0.544244745714525,-3.55262228068338,11.6451961789807,-0.311860469418173,0.623600894220395,0.0308011705344025,0.0701292922844973,0.447442800650885,0.594028454859555,-0.831528103134557,0.652631124148028,-1.28297199368338,0.274060586723289,0.0926803065696995,0.240441605709949,0.39247848400385,0.612737997127337,-0.92690127576249,0.441501842337776,-2.11721097347936,0.0827200626226339,-0.0542776928270674,0.110440590090676,-0.496065252882547,0.589713223814417,1,1,0.614287080422672,0.995651158763806,1,1,1,1,1,0.989168632715508,1,0.790674661215978,1,-0.463979972904533,-0.320304394977954,-0.703188866761072,-0.458591942398495,5.08131392991324,-0.078441779054368,0.451388889231287,-0.463979972904533,-0.333462253720348,-4.97130123600627,-3.66018031954205,4.97723178390323,-0.681445029112998,0.202335212082064,-0.463979972904533,-0.512415950309713,-0.446169075336976,0.0418863380188856,5.30937927113982,0.00605551238776399,0.497897897961088
"de4edf45ab75f6490e1ada65b0e0306f",-3.93380110386954,13.9228948680039,-0.284251366017325,0.530928817947607,0.0872924325560488,0.750911575205554,0.129944233392636,0.550088877753172,3.35007426604041,2.02338991229345,1.66087227296357,0.139968448599955,0.0438013191475712,0.0484610133832983,0.920365123883174,0.388816686910661,-0.128595590136377,1.82790563288333,-0.0748903584246169,0.558137956585105,-0.0351867879367738,0.0993422292983106,-0.345747956618286,0.554145627729966,0.0341977727870999,0.124228552758896,0.268500687868572,0.570006270783978,-1.67582601561878,12.1275208086554,-0.133660294013622,0.573523335838409,-0.0110946138547213,0.0730339307646563,-0.152022160561775,0.489586242107008,-0.370874623971665,0.67966201829793,-0.560192595333156,0.521468062056089,0.0688277628316248,0.250400296542635,0.282834837532024,0.58161484116309,-0.0608230605234418,0.459788113288766,-0.129049079696827,0.587824554542655,-0.00516222703283015,0.115014855384093,-0.0573992555321722,0.556377054668949,0.996849436381348,1,0.977877532616716,0.989124087554307,0.997782345015552,1,1,1,1,0.993937838161161,1,0.992720873113903,1,-4.32900391882577,-4.4791253631873,-4.17657109475423,0.0896463560550904,5.18117037082542,0.014379338378846,0.492187500054521,-4.32900391882577,-4.44786265511217,-1.10242726439631,3.51623543109063,4.0213714569835,0.772251758361907,0.171206956551667,-4.32900391882577,-4.70719070877879,-4.19043431328983,0.594196580956483,4.94171162174301,0.103647728111283,0.451923078383513
"e1a9800482df461df81429b3b8f859a1",-14.4174879748102,14.4208100876845,-0.997407605906533,0.364069315881308,-0.0129771908535027,0.777765925933174,-0.0180256487575955,0.72405298216994,-0.557663065060689,2.09575105860895,-0.273807484373575,0.671106070944824,0.0165604708588791,0.0501940923409035,0.327332358890821,0.661430881739554,1.51378642431436,1.89327580506239,0.797650697135227,0.450798953714345,-0.064270301086477,0.102894939305358,-0.624926236368081,0.540918496101974,0.0633743856438322,0.128671255783228,0.493114196603238,0.586892220240726,-6.19111423321995,12.5612292611627,-0.488831574882939,0.598761218870351,0.0700285161601936,0.0756457946065926,0.92051399477294,0.401145763662497,0.0781041230215922,0.703968318557876,0.110911066813789,0.663288723666565,-0.188414716249955,0.259355195638198,-0.72958669895619,0.476812393544793,-0.265586303637834,0.47623120946992,-0.560905941907373,0.582507971634284,0.0629622577630878,0.119128055083439,0.529392752469313,0.599543569827207,0.997397964407241,1,1,1,1,1,1,1,1,1,1,1,1,0.167764104205832,0.278679736298074,0.0342760858141897,0.14984575456538,4.99538594979376,0.0271554673578143,0.482060185310513,0.167764104205832,0.190902535397264,-0.296501764572344,-0.85088898525277,5.38182669667748,-0.158486667611217,0.392996250434203,0.167764104205832,-0.0380861503818242,0.230080342593734,0.163803811931179,4.70330621709443,0.0348699484169766,0.484375000470713
"c38ee4acf990375c9b9df651cf77bf7c",-4.15986302668214,14.4866195277691,-0.300326878570099,0.670936042909921,-0.919551430481362,0.781315264686777,-1.17512398608764,0.271319777209047,2.02406870752729,2.10531502921013,0.958169906307168,0.353384017408807,0.0575345886894305,0.0504231533362586,1.14466394584287,0.286032269758474,4.08547793121514,1.90191577881556,2.1624861008214,0.0447618932773876,-0.14667666907097,0.103364500883526,-1.43152063294466,0.183482135461434,0.0800226847149612,0.129258447712572,0.632053477759725,0.529881333481076,-11.1463659018401,12.6185524946998,-0.892020532926803,0.401866081760706,-0.0317315016408532,0.0759910045745172,-0.405943665188519,0.668441424681589,0.180521593168176,0.707180881555372,0.260749230285149,0.749231959828232,-0.375619783936703,0.260538764390869,-1.44049732730806,0.182877967225212,-0.502654347973732,0.478404493013319,-1.05637536820333,0.351378637227475,0.286487913100587,0.119671696567915,2.40119926576198,0.0210682558686364,1,1,1,1,0.917878920442176,1,1,1,1,1,0.989762179696,0.998572831490999,0.831231821020483,1.1769060789832,1.4451539211616,0.745718228770661,-0.559742003468879,5.04257336110261,-0.0936268875203633,0.446340758261083,1.1769060789832,1.16926812278787,1.32909092440754,0.637954843550705,3.44588423242688,0.136139462382713,0.435797747730562,1.1769060789832,0.727654687262142,1.26275501203852,0.637234786644611,5.39701841779245,0.105941777041257,0.441706732547813
"321b7763c5946d79f50284281735d5b0",10.2387939285359,15.1117788841923,0.692282095711749,0.502801106888276,-1.42442170728729,0.81503234734356,-1.75638749713333,0.136971435815194,-0.459402815321234,2.19616834293222,-0.210283718281941,0.637952523841928,0.00560985615141573,0.0525991272429451,0.104236047855562,0.621031567746089,0.71900188385704,1.98399154825066,0.365551249542002,0.641045351517621,-0.0618556309585108,0.107825119506488,-0.572719452952934,0.546778834964242,-0.0418628636391667,0.134836500468727,-0.320025660580481,0.649545206298977,7.38172031440878,13.1630967992877,0.567947565123771,0.568772599488751,-0.110523064308173,0.0792703402002434,-1.41553973310832,0.247314168035224,-0.61289364521589,0.737698749712291,-0.837861006092857,0.431233937724522,-0.458898612117661,0.27178212216372,-1.70433570326343,0.144293186959577,0.260050031699408,0.499049685246665,0.523043034631335,0.551454932132225,0.147222488366428,0.124836040165471,1.19356096661821,0.317314077967911,0.99949633038329,0.933001101322198,0.997828054967901,1,1,1,1,1,0.945252565930621,0.997744172765284,0.946294275090018,1,0.971925928639163,-2.5826362976386,-1.54462967558844,-3.60311412868621,-1.4354809816381,5.738387327875,-0.227595590354814,0.400925658804124,-2.5826362976386,-2.55039759569884,-3.2650145729412,-0.713288482855514,5.4644479816272,-0.102708918413996,0.449218815244335,-2.5826362976386,-2.17031086855149,-2.6860293112801,-0.428152723621958,5.78717105441762,-0.064134897391154,0.461261262432783
"01491b7ad3b35c7e644dd24ae831bee2",5.94449707725166,13.1405434793492,0.455501829658933,0.631557915276536,-0.0731579725162036,0.708716563378735,-0.10908128217451,0.756689284564933,-0.880227712864272,1.90969215599489,-0.460574170588943,0.57959459797805,-0.0180281279073948,0.0457379057626864,-0.400209807195175,0.654606304059804,-0.335260323114175,1.72519247417791,-0.195967694887746,0.697612498767573,-0.00927488857453608,0.0937600187177941,-0.100379943029861,0.712484677493178,0.0962091360605482,0.117247936896828,0.821793997385798,0.443857515388922,-18.7452620718677,11.4460545736848,-1.63933028902211,0.139039268864064,0.0220298763593187,0.0689300286886626,0.321435353018157,0.692572394055369,0.316984893644667,0.641470641513692,0.501044591670007,0.594023919239112,-0.191417408985601,0.236329873575506,-0.821103009166126,0.438686350951135,-0.397645640804336,0.433951829072825,-0.91219457240203,0.4142975073452,0.0182562298641145,0.108551973010941,0.166604839730043,0.708784393201109,1,1,0.998944737186029,1,1,1,1,0.985846043245848,1,1,0.993868623825335,0.996376842488074,1,1.149740114336,1.10013829652638,1.25396011022199,0.171122535976269,4.36874879773605,0.030791766683072,0.477719907563166,1.149740114336,1.18961746343107,-0.143560728758202,-1.38753642187635,4.56906661071341,-0.249951621271736,0.332031490751508,1.149740114336,1.55315451620717,1.03033991887131,-0.35560605625654,4.65886566237887,-0.0725157542563733,0.449849851372688
"a67690654fca1914946ee270222b7247",4.78686893227113,8.67393221308749,0.537198217899731,0.578250967118111,-0.482816732030431,0.467816223788633,-1.03526085870135,0.330416118585991,1.73042278606288,1.26056736808461,1.36722093062476,0.191599469467882,0.0964608648710671,0.0301911024287235,3.20361693913544,0.00459035959682547,0.780237303014656,1.13878110133456,0.691716174147235,0.518109376962427,-0.00273971770878165,0.0618899855956521,-0.0537649576934791,0.774311810363238,-0.0319297351009826,0.0773941091832083,-0.405248246762452,0.64863350372786,-8.4807934023952,7.55541820895518,-1.12520736757123,0.311240656704163,-0.0276839941347384,0.0454999747332558,-0.592316284742875,0.562700515254884,-0.0964810807965955,0.423427909958188,-0.238392454078655,0.713506151569599,-0.193614912537187,0.155998822007855,-1.23224811315335,0.26198961822128,-0.950796233253934,0.286446961272065,-3.33208981130852,0.00829845911949856,0.130568220918314,0.0716539964251495,1.82609951124057,0.0802454118566311,1,1,1,0.226004513885681,1,1,1,0.999210369865105,1,1,1,0.293217186688059,1,2.10821659922829,2.20907783700297,1.96437834221145,-0.334339361942602,2.8344777768428,-0.0913406423985655,0.446051490111595,2.10821659922829,2.07440624593111,2.56166887082254,0.259261927444163,1.8402786202074,0.0921793879651143,0.45312506013283,2.10821659922829,2.36479223524291,2.03083264949497,-0.209015651272259,2.74048688304202,-0.0604069798250329,0.463341347263096
"95c08da59378a0eb674c2b7dab943428",11.8631100962867,10.6984890891116,1.11218636088565,0.307341390032167,0.318645351686469,0.577007825627286,0.569581872794508,0.579724448902058,-3.78395274994235,1.55479267098664,-2.4713496230057,0.0454326012531527,0.0034564694529643,0.0372379183958342,0.099474459243629,0.752866601005878,0.475523865371907,1.40458063173838,0.342259176103206,0.69643389893096,-0.0464374221258935,0.0763355441746845,-0.613838823002987,0.552346365555881,0.0440595975787397,0.0954584394156039,0.463121243981741,0.640999913309965,-7.46843595913574,9.31890603781997,-0.80298480059453,0.447575573182049,-0.0707930866189123,0.0561199893289598,-1.26623249106771,0.244868563119527,-0.310905449401233,0.522258966686176,-0.599217692263704,0.555739097491577,-0.0192330060705153,0.192410045889814,-0.102177992696485,0.743555791324248,-0.542631756817672,0.353305699709582,-1.54697987817866,0.178245323197026,0.144842642120613,0.0883785439075776,1.65220753049035,0.116631279696308,0.998347939225726,1,0.663832630257129,1,1,1,1,1,0.995847887508906,1,1,0.95752967837649,0.998300346080764,2.40536938306887,2.31258280069074,2.56709260493384,0.306298551575293,2.9478197814865,0.0734407234739799,0.43952546339116,2.40536938306887,2.46097555558123,-0.174764953025715,-3.07532526259297,3.72222150936587,-0.80555726416498,0.121094881691164,2.40536938306887,2.58877592326861,2.30749902917376,-0.354953400327157,2.89211049850516,-0.0875810499503393,0.439903847989025
"6a49b0df18b1abfe220ecc00d5cbf296",9.38685871343592,13.2551264658351,0.708963954171386,0.503187567690004,0.295571677445527,0.714896434137627,0.412647935035367,0.668564498152696,2.16985111348978,1.92634430062243,1.13089800072764,0.272259085481161,0.0295324958019299,0.0461367314159889,0.641692169062872,0.550157407164347,0.968327761481027,1.74023581742053,0.56366310516167,0.581804130096275,0.060658133684355,0.0945775878673918,0.643977312794212,0.537570332544677,-0.0825494598407136,0.118270316130234,-0.704229675156563,0.506210444402573,-3.91900884664003,11.5458619460811,-0.334524966695149,0.721841534428768,-0.074241506665367,0.0695310851486272,-1.07255289202668,0.30990877695735,-0.503119369177383,0.647064140896971,-0.773455009650542,0.4639952727359,-0.139591214054776,0.238390624164146,-0.59466403042258,0.558337996999801,-0.043490674240674,0.437735804723782,-0.0954388934253724,0.795731213516775,0.148657668496511,0.109498525128522,1.36514772929304,0.190380099756758,1,1,1,1,1,1,1,1,1,1,1,1,1,1.92972541896527,1.83334039947739,2.0144364693356,0.0706134669165137,4.24065670496377,0.0153435638565401,0.490162037105703,1.92972541896527,1.90196332846487,2.3327522700153,0.66086267318807,2.65925634306229,0.154958518243039,0.377432071143519,1.92972541896527,2.13861604407524,1.85535758561547,-0.292575252832491,4.16834643665524,-0.0529373468793295,0.457331732062805
"5c4a1032c65d0d99d6d6bee379b63a2c",-3.06696129196242,15.9164008173669,-0.193993064138883,0.699381892965876,-0.963038562186096,0.8584284893825,-1.12111535173985,0.310051547785698,-0.462888438303569,2.31310263843833,-0.209889912435592,0.707210989299281,0.0626086791498392,0.0553997512971913,1.1310319009988,0.306828997488197,-0.612649935140293,2.08962855678482,-0.296158501874895,0.655063040745463,0.0139538116370985,0.113566234220181,0.118631459982583,0.718763166122576,-0.187640149552021,0.142015827700886,-1.32206473842488,0.240045091946253,8.37817256233528,13.863961765244,0.601554853220448,0.557843360662325,0.024315779619751,0.0834910646340857,0.296978133127502,0.684760571790186,-0.821778238831028,0.776977288568821,-1.06659341704138,0.324833782093013,0.191118720988884,0.286253076127084,0.673142500845792,0.506190003136186,-0.0542858248352281,0.525621429418585,-0.102592726404346,0.72546845703002,0.0987695068067796,0.131482896021262,0.757054582090548,0.481468516743805,1,1,0.997167307832733,1,1,1,0.996530497363119,1,1,1,1,1,0.998160052888166,-0.196242718000859,0.802926621419989,-1.44526750336967,-1.64734352205683,6.38754395028644,-0.244154365632221,0.390801273579448,-0.196242718000859,-0.0762247031806202,-1.62408095055433,-1.38728834117351,5.37723070605869,-0.240941938176442,0.398437634700327,-0.196242718000859,1.62373481599966,-0.913130376428234,-2.01475746684565,6.3297607633878,-0.307187868973928,0.347147152215594
"c4228a5878f56464e576996e95eefc5e",10.4887033020629,14.0111754502202,0.755961125368242,0.472575361079298,-0.338633669357713,0.755672863118777,-0.445796805114707,0.596051957620888,0.0646421386546161,2.03621957460156,0.0185399581447436,0.64954357369013,-0.0708452496732328,0.048768289026534,-1.45971773908814,0.202558997366978,-2.03299076076136,1.83949579247566,-1.11590267262015,0.323798806082048,0.115452991759841,0.0999721263078238,1.14642525234247,0.298599790200201,-0.0539610971597699,0.125016245912469,-0.423183422806404,0.629083957760904,1.53731187181749,12.2044175034864,0.119113219583791,0.688818504830616,-0.0380998824637445,0.0734970153451674,-0.519473894484156,0.563625721413939,-0.262528997367133,0.683971535769296,-0.391496461794366,0.574068176854332,0.0947368884229292,0.251988003996831,0.375757692477089,0.63385027877779,-0.141150207505388,0.4627034813011,-0.306207640257291,0.618670621075577,-0.0806652205608976,0.115744127456682,-0.696821542771364,0.511581730388946,0.999609803313404,1,1,0.972539958788926,0.995874836485105,0.999117056573369,1,1,1,1,1,1,1,-1.72549516725394,-1.54974872051105,-1.96587343945408,-0.438089588355075,5.0422432175498,-0.0819504055649053,0.456886574377131,-1.72549516725394,-1.71586521451798,-1.84041903501535,-0.327956204154138,4.21656002395572,-0.0639225568214864,0.455252975200381,-1.72549516725394,-0.927919111563983,-1.91415999477355,-0.930588860388372,5.2921483276815,-0.159327972495166,0.417067310258879
"f55e6f0203460ecfb665c9dbc579b714",17.1918916218051,14.9687633059377,1.15607934812251,0.290612751225569,-0.854930390886085,0.807319005099425,-1.06693951363031,0.319570111909993,0.904938737908476,2.17538413956903,0.419187905020211,0.629568834243517,-0.0149519218576797,0.0521013370981858,-0.290533460746126,0.683598026517401,-1.32731818671856,1.96521535381985,-0.677317431491447,0.516999475048959,0.152096839362875,0.106804678965718,1.424549071435,0.18331768651644,-0.12604748769721,0.133560428324466,-0.942244041523356,0.37956078409361,0.115124836832597,13.0385232520702,0.00474656006966007,0.757908767903423,-0.0552550162222351,0.0785201377502837,-0.707204645923171,0.503720091560326,-0.0966241655652229,0.730717280880842,-0.127974058294889,0.753861693145424,-0.0981507129552967,0.269210017472515,-0.369059564448109,0.656858020441123,-0.190171597408487,0.494326754884844,-0.39057507557747,0.653505232046918,-0.0767859568280669,0.123654610857374,-0.622535199717386,0.553546619457281,1,1,1,1,1,1,1,1,1,1,1,1,1,1.35716496219371,1.68504596521888,0.758710346406714,-0.876309571062347,5.28097924437636,-0.153028267136977,0.410300926572571,1.35716496219371,1.3494461880925,1.96434169016345,0.2715847985219,5.66275758852644,0.0482725791321835,0.472656284873486,1.35716496219371,1.2859190238211,1.36746422786156,0.204904700774909,5.28279468621975,0.0408703736365788,0.476562500706934
"b73c9d186b67a61bce0ba79c990aef39",21.1799439548287,16.1081318589123,1.32314030657973,0.244117796000846,-1.75882552506304,0.868769231001795,-2.02657910262996,0.0730362995637554,4.25714826304872,2.34096657471124,1.82084762283439,0.0786563346285601,0.0046352001210362,0.0560671039317125,0.0790534107113919,0.679097993713489,-1.68822021641892,2.11480049510382,-0.802121375657621,0.450684204139733,0.305121942856594,0.114934267899482,2.66870227621931,0.017578995580725,-0.412867099245594,0.143726568896302,-2.88470585887092,0.0103413560057814,37.5829283663823,14.0309688580972,2.69030564963426,0.0187353319433501,-0.187859087296107,0.0844968088953486,-2.23500583164548,0.0506896648986226,-0.0386538409221444,0.786336858392663,-0.0467834987188688,0.720759719623913,0.0136060832220718,0.289701318041897,0.0513888153976625,0.709154656941401,-0.145282223109422,0.531953133757862,-0.274763583803697,0.619803900551487,-0.112731943518987,0.133066756146979,-0.854007862300675,0.434133032055776,0.98847929871106,0.884024019196897,1,1,1,0.558106387463469,0.412861483660911,0.533872555394503,0.806555547115832,1,1,0.993552250151301,1,0.324451397545844,1.90440008352234,-2.02475840429308,-2.13690790275019,6.60574888575514,-0.308463818795439,0.339699075320628,0.324451397545844,0.053455949724853,2.89278863512346,2.65311592321684,4.57586229459664,0.568384214187862,0.214844287373881,0.324451397545844,0.512928193345057,0.284569720617966,-0.237112301452631,6.69180579665348,-0.0340659057226129,0.482282282815548
"6960eba3db7d4d863d042ab497d7481a",0.519238402292572,14.5928523462568,0.0360810144455532,0.700140864200579,-0.92601334546493,0.787044780985319,-1.18574351739273,0.280227704377122,4.44538037938079,2.12075365855556,2.10444063708845,0.0438108668744003,0.0582849429303076,0.0507929148037755,1.15666426742399,0.303067393239469,-0.908980929888119,1.91586284723428,-0.480165385983772,0.566420838424099,0.0772270955508426,0.104122490160415,0.740537959272736,0.487701963885962,-0.0838708478020129,0.130206321658424,-0.640221636596326,0.547199293992995,4.48777216052383,12.7110864633167,0.348562461390004,0.638566356697919,-0.018046015976596,0.0765482593971615,-0.234363886842421,0.69414847970386,-0.213435462428797,0.712366757948704,-0.298150069946162,0.673508704272324,-0.141721567291155,0.262449338987896,-0.545163016250348,0.578441968601677,0.26507826978005,0.481912713656,0.551381298041165,0.527720886754656,-0.0459600631204079,0.120549269254575,-0.383314972181389,0.571259281638496,1,1,0.967480800704028,0.993077921627409,1,1,1,1,1,1,1,1,1,-0.633625523861442,-0.1380864177376,-1.43691145429352,-0.761851563387197,5.26571378029773,-0.130511543529354,0.430431010040531,-0.633625523861442,-0.832200488135298,1.95204863904962,3.09985249326123,3.1030933249121,0.880464460715075,0.167969505230897,-0.633625523861442,-1.28760236863035,-0.5263659873477,-0.410083431415427,5.50065233639911,-0.0633135950387887,0.466947116383748
"d2a7d567b64364c09cf4bea1e3f5aef5",-0.655993424686641,14.4810025523122,-0.048953626479391,0.586402912316135,0.362086678711725,0.78101232108717,0.465511839680403,0.515453083871965,-0.596125292213585,2.10449872401032,-0.290126952766246,0.568019800736643,-0.00159235321810293,0.0504036024938962,-0.0443316455032888,0.628894455482748,0.84552513291513,1.90117833870882,0.449941199835651,0.521782039698435,-0.131693003135134,0.103324422805719,-1.29120697473512,0.297105789529199,0.0798602509421137,0.129208329634506,0.631640647500974,0.470955394228025,-2.83131682572327,12.6136598349921,-0.229181809298354,0.58416221776712,-0.0524279776464763,0.0759615401707048,-0.69133879410548,0.446838693935882,0.617023445697167,0.706906682481689,0.886327814961322,0.400374935387057,-0.1231213846207,0.260437744284532,-0.482050668541774,0.570959024719983,0.274479082828405,0.478218998647943,0.57483086731077,0.515357762191534,0.152505525702721,0.119625295612797,1.28786905666596,0.296917523449739,1,0.998173052290295,0.99920218738413,0.994686755214877,0.997248428541794,0.950530538158253,0.988364931009284,1,0.99826307443862,0.992189412491999,0.980401813066897,1,0.964086296308174,-4.58237598929207,-4.8278912086096,-4.34486858361357,0.428090256064884,5.22454963735878,0.0724586755665632,0.462384259523199,-4.58237598929207,-4.55931109450635,-5.01713583292251,-0.269351288914148,5.31062226430214,-0.0412154107483385,0.472656284873486,-4.58237598929207,-4.36103890502462,-4.65482926788106,-0.339315750620618,5.43986705383099,-0.054144213136961,0.466947116383748
"6545176af2fa076f03140433793c0d00",0.321092025904037,9.96068158826578,0.0290610364835225,0.854971299533585,-0.122319800674836,0.537215225172346,-0.236683262336179,0.771093596115833,1.35237889753179,1.44756839984338,0.933096532062068,0.359790364854804,-0.00712728313081662,0.0346698533840847,-0.206535081689778,0.780942906616198,-0.660244897798986,1.30771554013455,-0.505351659247334,0.623619213818122,-0.0885661701680554,0.0710711618302139,-1.25432779754033,0.223490297316841,0.125280820884898,0.0888752712660425,1.4150729950773,0.171567453121082,-10.442247643097,8.67623970268499,-1.20448271619327,0.258935692973435,0.0522454859234746,0.0522497466498851,1.00911524161092,0.327304988316051,-0.224010396159072,0.486242050671632,-0.46644865107693,0.641731937327916,-0.321660451358752,0.17914073525042,-1.78933826208029,0.108226643026876,0.278519265921119,0.328940427831835,0.857135379463601,0.410487981503429,0.00531256919474841,0.082283631619897,0.066006881220415,0.887189445808328,1,1,1,1,1,1,1,1,1,1,0.953857788324002,1,1,3.09212894729074,3.06975518795055,3.12254947601921,0.117037322350054,2.60477226705406,0.0333599206071683,0.47858796311263,3.09212894729074,3.06092263406413,3.76659488546341,0.45236326543081,1.79479293376874,0.218075433929724,0.414062612600893,3.09212894729074,3.38156910473039,2.97303100997473,-0.473211049680451,2.57521239348595,-0.134218838778898,0.414414417064779
"ebc68f0a3a40711c1b0df994d93a6cac",-18.9707954472221,12.791282553908,-1.4985866410206,0.223350581489219,0.0564601367721632,0.68987967103938,0.100627217646403,0.526148936175104,1.25948984163224,1.85893467775522,0.687359973645216,0.464437537035582,-0.0197456963870537,0.0445222434638233,-0.443855141449397,0.533333196675033,0.812356991813577,1.67933879080154,0.493147010963905,0.501860001910168,-0.0733874817514708,0.0912679824516977,-0.814859880432279,0.407161017961667,0.0715516636602943,0.114131618077062,0.639494681815893,0.47906449679182,1.55954626647236,11.1418312651636,0.129443418709316,0.530491637169058,0.059837806851099,0.0670979457426018,0.904813336717579,0.413561686752071,0.782531744314245,0.624421070447589,1.27454263235955,0.301107042512361,0.142800822679886,0.230048490276247,0.635762389379009,0.474530015647768,-0.0425471260071429,0.422417875575617,-0.121824351963005,0.530929628907134,0.00135125582499131,0.105666783169909,0.0162962949838176,0.549526948335008,0.935313019880518,0.998667577892397,0.998215744306562,0.986676479875853,0.990615659169927,0.975776799397634,0.992198271182687,0.996728308653882,0.983031375122386,0.94659804332156,0.991788801154524,0.991064439176176,1,-4.9415590093591,-5.14731318294523,-4.73771959938491,0.291287004925064,4.69614983771668,0.0533096639087707,0.473668981665705,-4.9415590093591,-4.98588461307466,-3.060089407716,1.96554091104105,4.74752354509093,0.327615035591103,0.335937733785496,-4.9415590093591,-5.09879016114495,-4.89629939755872,0.165348695473427,4.85983498399681,0.0310959322107597,0.486486486893001
"719ab97ff4cf3c7b809b054134f4dc70",4.3909442629619,11.2055307431933,0.393419669042394,0.677629800606653,-0.75840453555037,0.604354397642011,-1.25577348148953,0.221766252004873,1.40510167333267,1.62848014602024,0.86936270588515,0.3907773125349,-0.00626991743989113,0.0390027634670134,-0.159891596794767,0.809645096798985,3.45394772961398,1.47114899301591,2.35838362906884,0.0256125720965462,-0.0845735363742131,0.079953372847609,-1.07007364796881,0.302837894299988,0.0443164935174117,0.0999825740494004,0.452023300573341,0.655683991335329,-10.4261387729813,9.76056406002211,-1.07715397197547,0.299877802089182,-0.0416614507872775,0.0587797267908938,-0.710649608285913,0.490318768162492,0.188291637234866,0.547010784267321,0.344725824553581,0.728762711036508,-0.149683294018899,0.201529081962786,-0.75725666789919,0.465865219710941,-0.361727016288672,0.370050186233343,-0.978558510916946,0.349469412255863,0.265301793629903,0.0925671356531013,2.88473475857167,0.00726123075042096,1,1,1,1,0.847203306385731,1,1,1,1,1,1,1,0.358370703814835,4.81111180461274,4.90449875149328,4.63241567201094,-0.375506236346237,3.6079954104458,-0.082363584213723,0.452704657550008,4.81111180461274,4.75987205419483,5.3248314683914,0.724363719233204,3.16528090379459,0.2103960204324,0.410156368053223,4.81111180461274,3.90687340646673,4.91474417931494,0.443668005476282,3.87058913777372,0.102590473134558,0.447447449044828
"3fae853851bfe19cdb50e15749f373b6",2.19266732004302,4.77694752419703,0.459365749866041,0.652246558944117,0.308350694645244,0.257637885229779,1.19745147977324,0.243410267401425,-0.0194676290609983,0.694225412434014,-0.0279499556491856,0.866924564197463,0.0101664959029362,0.0166269816798965,0.611580288125965,0.549067314949555,1.33134899190071,0.627154723945688,2.1240139068705,0.0411300076567121,-0.0881335191926257,0.034084335247359,-2.587472605196,0.0132712528621786,0.0902134626930271,0.042622836928831,2.11796972898299,0.0413579087829131,-8.7888338544156,4.16095438849352,-2.11366999411157,0.0418509163651078,0.0295297784598549,0.0250579536839253,1.17894101433917,0.248997645033655,0.139226009899849,0.233192150510329,0.597053372109944,0.559617633554368,-0.0755081311690596,0.0859123830185923,-0.879091980207649,0.389684632238476,-0.0365904641716797,0.157753377458698,-0.232106650127619,0.804413705300603,0.103266888808463,0.0394616158407934,2.61840218921101,0.0120744006248884,1,1,1,1,0.984143564225482,0.640351311227568,0.987223510830691,0.981928313451474,1,1,1,1,0.599506825860946,9.1544208889692,8.93734433694831,9.38771054475828,0.457989708440707,1.9041422970508,0.22865690724938,0.398900781759025,9.1544208889692,9.1442819602068,9.23980665876776,0.0285826905315192,1.91555721187074,0.0127476902021112,0.490272385818683,9.1544208889692,9.0282964800091,9.19122134358523,-0.024016977407209,1.95942948580022,-0.0102578913462079,0.494294294465831
"a99fb503372ef5103fa41e0c743bbad2",-10.4307612431882,11.4588321684375,-0.92072903975541,0.388551757886345,1.1787754997581,0.618015850524849,1.9164636139185,0.0777711380990824,-1.02310108381281,1.66529199825842,-0.622283570821357,0.570276999482802,-0.00436655116795829,0.0398844223371797,-0.101116667738909,0.740322301507616,0.511823665876477,1.504404368885,0.345992661218562,0.692793164017294,-0.00994633038395819,0.0817607217148355,-0.129537646461966,0.77542534972009,0.0505715691628289,0.102242683729764,0.505211244964943,0.599322874123164,-5.48309578549205,9.98120196145243,-0.565036205084327,0.557817457520536,0.0698312243341275,0.0601084446278998,1.17940264811277,0.280900144963584,0.138624874486863,0.559375982708549,0.246291383192652,0.730214953764735,0.269936097852876,0.206084654104725,1.31610810111034,0.218729464336864,-0.487694064372769,0.378415183994983,-1.29322781381289,0.270764110701208,-0.020344444654227,0.0946596190819607,-0.213184240789914,0.775221053072779,0.999574132713814,0.965075415906523,0.993634835937032,1,1,1,1,1,1,1,0.997997589357876,0.974566067108933,1,1.24753271164234,0.914679723263331,1.64004096754989,0.865961267077036,3.47291206370485,0.197225128328366,0.388310186005376,1.24753271164234,1.24717094331505,1.35174292620462,-0.564760110034025,3.71978185431521,-0.141979579254152,0.435797747730562,1.24753271164234,1.03323330259407,1.33104855286177,0.200302775931611,3.47185518188093,0.0484474851639157,0.472956731585519
