"","Intercept..Est","Intercept..SE","Intercept..t.val","Intercept..pval","CASE_CONTROL.Est","CASE_CONTROL.SE","CASE_CONTROL.t.val","CASE_CONTROL.pval","A_SMK_CIG_CUR_FREQ.Est","A_SMK_CIG_CUR_FREQ.SE","A_SMK_CIG_CUR_FREQ.t.val","A_SMK_CIG_CUR_FREQ.pval","F1_SDC_AGE_CALC.Est","F1_SDC_AGE_CALC.SE","F1_SDC_AGE_CALC.t.val","F1_SDC_AGE_CALC.pval","A_HS_DENTAL_VISIT_LAST.Est","A_HS_DENTAL_VISIT_LAST.SE","A_HS_DENTAL_VISIT_LAST.t.val","A_HS_DENTAL_VISIT_LAST.pval","PM_BIOIMPED_BMI.Est","PM_BIOIMPED_BMI.SE","PM_BIOIMPED_BMI.t.val","PM_BIOIMPED_BMI.pval","PM_BIOIMPED_WEIGHT.Est","PM_BIOIMPED_WEIGHT.SE","PM_BIOIMPED_WEIGHT.t.val","PM_BIOIMPED_WEIGHT.pval","PM_WAIST_AVG.Est","PM_WAIST_AVG.SE","PM_WAIST_AVG.t.val","PM_WAIST_AVG.pval","PM_WAIST_HIP_RATIO.Est","PM_WAIST_HIP_RATIO.SE","PM_WAIST_HIP_RATIO.t.val","PM_WAIST_HIP_RATIO.pval","PM_STANDING_HEIGHT_AVG.Est","PM_STANDING_HEIGHT_AVG.SE","PM_STANDING_HEIGHT_AVG.t.val","PM_STANDING_HEIGHT_AVG.pval","A_SLE_LIGHT_EXP.Est","A_SLE_LIGHT_EXP.SE","A_SLE_LIGHT_EXP.t.val","A_SLE_LIGHT_EXP.pval","NUT_VEG_DAY_QTY.Est","NUT_VEG_DAY_QTY.SE","NUT_VEG_DAY_QTY.t.val","NUT_VEG_DAY_QTY.pval","NUT_JUICE_DAY_QTY.Est","NUT_JUICE_DAY_QTY.SE","NUT_JUICE_DAY_QTY.t.val","NUT_JUICE_DAY_QTY.pval","REFINED_GRAIN_SERVINGS_DAY_QTY.Est","REFINED_GRAIN_SERVINGS_DAY_QTY.SE","REFINED_GRAIN_SERVINGS_DAY_QTY.t.val","REFINED_GRAIN_SERVINGS_DAY_QTY.pval","PM_BIOIMPED_FFM.Est","PM_BIOIMPED_FFM.SE","PM_BIOIMPED_FFM.t.val","PM_BIOIMPED_FFM.pval","SALT_SEASONING.Est","SALT_SEASONING.SE","SALT_SEASONING.t.val","SALT_SEASONING.pval","NUTS_SEEDS_SERVINGS_PER_DAY.Est","NUTS_SEEDS_SERVINGS_PER_DAY.SE","NUTS_SEEDS_SERVINGS_PER_DAY.t.val","NUTS_SEEDS_SERVINGS_PER_DAY.pval","Intercept..pval.holm","CASE_CONTROL.pval.holm","A_SMK_CIG_CUR_FREQ.pval.holm","F1_SDC_AGE_CALC.pval.holm","A_HS_DENTAL_VISIT_LAST.pval.holm","PM_BIOIMPED_BMI.pval.holm","PM_BIOIMPED_WEIGHT.pval.holm","PM_WAIST_AVG.pval.holm","PM_WAIST_HIP_RATIO.pval.holm","PM_STANDING_HEIGHT_AVG.pval.holm","A_SLE_LIGHT_EXP.pval.holm","NUT_VEG_DAY_QTY.pval.holm","NUT_JUICE_DAY_QTY.pval.holm","REFINED_GRAIN_SERVINGS_DAY_QTY.pval.holm","PM_BIOIMPED_FFM.pval.holm","SALT_SEASONING.pval.holm","NUTS_SEEDS_SERVINGS_PER_DAY.pval.holm","CASE_CONTROL.rab.all","CASE_CONTROL.rab.win.0","CASE_CONTROL.rab.win.1","CASE_CONTROL.diff.btw","CASE_CONTROL.diff.win","CASE_CONTROL.effect","CASE_CONTROL.overlap","A_SMK_CIG_CUR_FREQ.rab.all","A_SMK_CIG_CUR_FREQ.rab.win.0","A_SMK_CIG_CUR_FREQ.rab.win.1","A_SMK_CIG_CUR_FREQ.diff.btw","A_SMK_CIG_CUR_FREQ.diff.win","A_SMK_CIG_CUR_FREQ.effect","A_SMK_CIG_CUR_FREQ.overlap"
"7e464b9b7f9ca86103a675a09263efec",-88.5459864553299,42.7320989928618,-2.09272126799085,0.0671517665788572,0.165922162174835,0.748836413412571,0.230443577663225,0.707450288219102,-0.461156966010614,1.71572553299851,-0.278663490734674,0.770570570662733,0.00747944040998887,0.0603651118055935,0.12627534964697,0.795787940937097,-0.424408880437514,0.403682838690097,-1.06430081175356,0.331079478726526,1.6181725495269,0.723995625496034,2.25900791695129,0.0445764969835633,-0.684814227968335,0.281168555095697,-2.46178120285815,0.0273544869454397,-0.0950941100651745,0.121782556268288,-0.790283742887092,0.463483743960008,12.4910008634916,11.6586343874673,1.08012931470878,0.338587457358729,0.459760037522181,0.259974719758532,1.78682324966384,0.110756039263063,-0.337034366697053,0.719932555731769,-0.455561364760822,0.643216218734896,-0.144777888817618,0.238289973432064,-0.598913277368718,0.561482181566852,0.665210744444125,0.440417353789305,1.50313686522616,0.156728293936986,-0.340764675595989,0.472681950073789,-0.723994005383719,0.499951910185697,0.389611724437633,0.185109217830866,2.12945819416329,0.0502829373742232,0.868974233222345,0.425903489086474,2.05510992877557,0.0640537539203763,0.0710748861205835,0.560707209668072,0.131535638820317,0.81727860028267,0.880024115433147,1,1,1,1,0.840694101542863,0.734374169280548,1,1,0.971643311043416,1,1,1,1,0.955089052725516,0.943423563348782,1,1.82843056542535,1.78341488879799,1.86654097973127,0.290950269625903,3.1985613901761,0.0670154252933636,0.451286765571428,1.82843056542535,1.86763224485659,1.56210908601252,-0.252711138202427,1.94401308667273,-0.0934790106519493,0.42578134649973
"41f01f3e3cbf6beb908ae1ebb553208e",-4.86140591769531,61.9577810997879,-0.0749608881363085,0.577876671243692,0.992480328888939,1.08574686653039,0.922688406913093,0.413815593855336,-1.19308464998767,2.48765095809115,-0.49315660272666,0.535887553886551,-1.31533101766401e-07,0.0875240971415878,0.00852563757601428,0.601050945072482,-0.429356632977778,0.585304572974055,-0.751020291334907,0.468485465991461,-0.139517298925422,1.04972991121219,-0.136306582375552,0.594990191115508,-0.000965568370037269,0.407669648796631,-0.000623729565510413,0.615395201889525,0.046100328177498,0.176573983981073,0.2627129220543,0.614487764872607,-3.45922645560144,16.9039933522064,-0.209414822720056,0.620861352205122,0.00310523448185598,0.376940453614706,0.00376114449507383,0.583932654562898,-0.508649256863404,1.04383881779575,-0.485905711939836,0.560646610952454,-0.177298050137432,0.345499480721607,-0.513446143524584,0.521727435202546,0.23732590157177,0.638566385498259,0.366129143251486,0.562313352426773,0.146269993854092,0.685347209304761,0.220551881655935,0.598322226187656,0.0544707955112633,0.268392067514249,0.209726690693094,0.559605464246567,0.437889381509652,0.61752255958369,0.726564747668263,0.462244752305584,0.029934462719327,0.812976085342553,0.0274802933249812,0.587799046876194,1,0.989756497358987,0.986346588619376,1,0.999025206130511,1,1,1,1,1,1,0.993688669111309,0.995123092559439,1,1,0.996625461189115,0.992284417601289,-4.62412306427704,-5.03904158946328,-4.17165702021498,1.17331577683825,5.61790161741429,0.194042822794834,0.410197521153942,-4.62412306427704,-4.58813549245212,-5.33591633606324,-1.1035094493959,5.71864055742963,-0.168460967117102,0.42578134649973
"bc6f21affc11d8c4a5d6454f728e4add",65.2895657245486,59.5153058087092,1.12256178405387,0.337297666237651,0.406444195111742,1.04294498036221,0.379044468291749,0.560523387038096,-0.931647277080607,2.38958375991018,-0.396772918683575,0.592015300551849,0.00701188438135605,0.0840737565895593,0.0814562610358164,0.608817897349929,-0.397884350599973,0.562230926179925,-0.720188720013255,0.511023982974193,-1.0443423080032,1.00834787129839,-1.05733221820849,0.361874832148381,0.359781714011127,0.391598656155612,0.943564451645386,0.412850077423441,0.0874682943299623,0.169613153795329,0.516075328389367,0.564294078081996,-10.2629627798504,16.23761077119,-0.641933975816677,0.502916641872808,-0.391997903304611,0.362080855226586,-1.10542473634167,0.345153100461973,-0.793942465774427,1.00268901425084,-0.791019570603873,0.460296953186532,-0.126288198163155,0.331879336007517,-0.383075800232302,0.588997246116364,-0.116882049672825,0.613393072467875,-0.211722105831407,0.627665668658085,-0.293661220657722,0.658329721027694,-0.429892597380816,0.545261432391962,-0.0294755131447187,0.257811620932902,-0.127067019102797,0.608121820271578,-0.133645384561929,0.593178827986239,-0.235902632697546,0.639229227069391,0.140114466209552,0.780927261684892,0.181909802199975,0.594037702246593,0.969686610537209,1,0.993926052127225,1,1,0.973697591048368,0.980192408729252,1,1,0.973902589159889,1,1,0.984955327434176,0.996552448000952,1,1,1,-4.20738102403264,-4.25131177007979,-4.16003588414098,0.000132331761904858,5.56296864271947,-0.000102904382869247,0.5,-4.20738102403264,-4.15874715380205,-4.87888064222475,-1.04503164614548,5.32158358553918,-0.163524644144625,0.42578134649973
"c2ba82ad21732bcd0ef11c61560cf91c",-5.53084853774356,58.2899003959899,-0.0995926441041966,0.797045104990039,0.108981343440505,1.02147100141279,0.103577119688423,0.764130171256036,0.87294533541161,2.34038282186995,0.378015691183937,0.666553442992676,0.0439744592411378,0.0823426987550651,0.552873254153376,0.568528147802632,-0.10071621217131,0.550654730598348,-0.186423932812614,0.759055677868144,-0.0841782977163784,0.987586238259578,-0.0850065212448051,0.785107384809069,-0.000748121356829435,0.383535736771328,-0.00534621723579111,0.791449485078758,0.0593554635410773,0.166120860948894,0.361263132787364,0.698801628209523,-7.85057919570129,15.9032823852686,-0.496471654111516,0.621883032240381,0.0354401686403147,0.354625700055868,0.102697741416939,0.792066978887511,-0.162269730172756,0.982043895677703,-0.163025511742167,0.762218834970447,-0.207713459851334,0.325046022640693,-0.645309323968133,0.540716851498775,0.309092638867685,0.600763460960165,0.5102139171312,0.626414110425382,-1.09133349438306,0.64477487505086,-1.68728947447121,0.1318370642034,0.0571002268720824,0.252503343482921,0.23637361667029,0.768610860265083,0.127880268466755,0.580965422768074,0.228001252021537,0.722609703626187,0.40575807981905,0.764848162696735,0.543473473155078,0.593191906426645,1,1,1,1,1,1,1,1,1,1,1,1,1,0.987915573999993,1,1,1,1.63019298184495,1.58735151694921,1.66271163641268,0.150487750108967,4.78884996064917,0.026138628273674,0.485530546878429,1.63019298184495,1.57062797882821,1.99373055138407,-0.10284994362684,4.15240379389721,-0.0150612413366722,0.49218750993648
"250a576e3788b3f444938c7b08afb2e3",40.2521431081483,43.4342768202654,0.919909002916918,0.372624301077683,0.669540544440435,0.761141363046301,0.886593034382766,0.388606927900266,-6.47516994401903,1.74391849462632,-3.70764795510179,0.00141967180485671,0.0157815392592559,0.0613570369405069,0.256681189641924,0.795638914150902,-0.103182592598478,0.410316192663158,-0.258819178379818,0.795474148289061,-0.488011697169037,0.735892388990976,-0.653580891822058,0.527321638603226,0.188526100437318,0.285788742959258,0.654408064048098,0.525693294478086,0.0500603001319493,0.123783698566269,0.394704417690814,0.697386718508442,-1.94528388357525,11.850210152703,-0.157761864037747,0.857731876504405,-0.213702671233774,0.264246648547483,-0.799605743667854,0.440553871569914,-0.124051223811164,0.731762554486225,-0.164535715624292,0.855957714791776,0.344760388315133,0.242205576451343,1.4256018309363,0.187844061863449,0.14735239176945,0.447654332733078,0.323900723735894,0.748434381929594,0.572666778317515,0.48044910386633,1.20129874410498,0.240890311357428,-0.0856242350568864,0.188150949724976,-0.464072196729007,0.641675000465428,-0.0792120223410857,0.432901974854756,-0.18747689179842,0.827608459163114,0.416563402484983,0.569920802718112,0.731919032911335,0.469336952819073,1,1,0.0728355771013206,1,1,1,1,1,1,1,1,1,1,1,1,1,1,7.51325115125962,7.44550419657525,7.55350427704703,0.522762330792362,3.24195430108026,0.119992882911936,0.435002297901154,7.51325115125962,7.60539525246749,3.01062632769592,-4.80419308227436,6.49390038392657,-0.811910847663336,0.155642849836768
"eedb6e6a512baecd8df273d5495ca5c0",-0.88266677951099,60.4261038031129,-0.00792007418486654,0.613064235990578,-0.258874011038338,1.05890578546065,-0.246171155760287,0.602717825453206,-0.644999199358213,2.42615297628927,-0.273842761086545,0.607389777740684,-0.036735208341255,0.0853603871099482,-0.422044234298174,0.528815639921467,0.445410594021129,0.570835079229266,0.786579604320068,0.44014635063558,-0.208894454280133,1.0237792163341,-0.216389609386112,0.616810150108691,0.083573499447867,0.397591522457671,0.222595885748584,0.618294804810419,0.0896568915702453,0.172208844403016,0.522623489245348,0.54378096053408,-7.75492465825729,16.4861045514596,-0.474346672404701,0.561130028834578,0.0604300131143377,0.367621993128361,0.158487534543597,0.590587189012281,-0.381681438656228,1.01803375844363,-0.373254371077719,0.608592851982932,0.129722508682334,0.336958282162834,0.381190355777492,0.536005816455567,0.58390692830034,0.622780190161273,0.955688194448173,0.391068058979411,0.395337400319033,0.668404530884097,0.591017870228288,0.549308895539248,-0.297260631046293,0.261757064950856,-1.14420845790207,0.324942782223136,-0.511843956984325,0.602256595117087,-0.857501167971495,0.429317708120325,-0.497008477546993,0.79287825435901,-0.636353975792316,0.51740717822299,1,1,0.993149650905947,0.998618733254019,1,1,1,0.999623621152375,0.995050394531001,1,1,1,0.994691606728561,0.994992336368234,0.978369722020941,0.993825437246422,0.998982318814121,-4.23249444489611,-4.23245779572244,-4.23484680607891,-0.128210687759978,5.71557144791011,-0.022818176912219,0.488970588429501,-4.23249444489611,-4.18266616923593,-4.98449099968997,-0.857189136681337,5.14275276726265,-0.14513019684888,0.431906702321737
"ed32eeb458a2b9bdee12e2db96fcb98b",159.414926390063,53.9939676002921,2.96457810244934,0.0091611898149795,0.724885657250582,0.946189164507724,0.777992193124285,0.460751097186173,-4.56209950359394,2.16789792739154,-2.11592704282727,0.0626903979385497,0.0228458553587338,0.0762740882811229,0.309244332611727,0.703984739454239,0.267940914075818,0.510071787408993,0.511895419175683,0.616335810510958,-2.70464851420719,0.914801689294881,-2.96579062211292,0.00873170893442664,0.960795166001256,0.355269369206366,2.71334421043183,0.0155885912547025,0.169880660585609,0.153877847154878,1.10102132939822,0.299113816431041,-16.2896056950025,14.7312194396469,-1.1025500547825,0.300660693943519,-0.97828936696311,0.328489985897534,-2.99058087720666,0.00948654775405359,1.25301678839823,0.909667814236552,1.381433486832,0.191226960942061,0.6015608291018,0.301090314031018,2.00584756359838,0.0655081298137061,-0.0664234229462928,0.556487532594137,-0.129271244484712,0.814501111970753,-0.30204272504769,0.597255330279711,-0.502985098697984,0.622368689258143,0.0293476048550037,0.233893989428059,0.125994781596667,0.741045802712077,0.064200208180803,0.538148598654792,0.121237786444931,0.809116716284799,-0.135471742044572,0.708479284322666,-0.192441146735908,0.840900306222317,0.439032243990342,1,0.888628568830625,1,1,0.425152693860622,0.615252897791246,1,1,0.435013323093727,1,0.965335222752659,1,1,1,1,1,3.019052599234,2.4009261838644,3.71416994887555,0.498892680792712,5.04480882525087,0.0844841062108788,0.460266422384302,3.019052599234,3.20137062712157,-0.690538585825449,-3.83925571962706,5.17669912449799,-0.603709985695314,0.242187946543877
"645dd8b575c7e7c0952933bbe90b4bb9",-65.6259573644488,61.1218535841989,-1.09496910913662,0.341634286516462,0.00317819129279825,1.0710980901445,-0.00812617466071639,0.614856301082792,-0.189521229311382,2.45408784708011,-0.0835060975390314,0.61659119202877,0.0540884894485301,0.0863432317235719,0.639104443190931,0.494890551506756,0.0801329322296954,0.577407708546953,0.151191922550953,0.604731758089259,0.602673078617922,1.03556707159555,0.599890018502939,0.532167966602842,-0.39302622053759,0.402169415078597,-1.00529970898393,0.377996198099039,0.209501538862006,0.174191667359546,1.22757939804437,0.302135865602351,-12.1920952380145,16.6759265474303,-0.748421897494659,0.470788017858763,0.393696151696456,0.371854814792237,1.07989281143834,0.344377145764343,0.0993154351415187,1.02975546015855,0.0890068945856553,0.589685425001914,-0.315971873853429,0.340838040020693,-0.927532247199703,0.414192854723838,-0.256328987017226,0.629950918599784,-0.40323511605981,0.558387264674308,0.347949429451665,0.67610058071638,0.527224188633415,0.538959276424332,-0.0444942352704958,0.264770951486229,-0.159343591932409,0.59036370526492,-0.139572022265144,0.609191013652089,-0.228370530200788,0.600815415261601,0.612568312796737,0.802007502104249,0.753720907609142,0.466880438412393,0.99631884955111,1,1,1,0.998326326318251,1,0.995003864212126,0.980100558228196,0.99989605313116,0.994637205556369,0.999554976050149,0.992265866148245,0.986566875957084,1,0.996851191797188,1,1,-4.33169375878975,-4.49770228456094,-4.12544856715425,0.467058378792273,5.87829120372938,0.070675615291962,0.471966912259631,-4.33169375878975,-4.30390402922857,-4.65426476398132,-0.614282291815108,5.21062478887563,-0.0965879196338791,0.449218815244335
"0f898170dbe4592000abdcde0dd2ba2e",-39.2787962952975,26.1527299678661,-1.4994638066338,0.145530680367848,0.543057834406533,0.458299895667557,1.17912898895715,0.249468057842219,-4.29132084762234,1.05005154488148,-4.04080987201438,0.000447501034128118,0.0473667643533781,0.0369444166268417,1.27240627359818,0.215714662863837,-0.236148809031269,0.247060371986111,-0.965494798916173,0.345543587288831,0.811015237648238,0.443096935038856,1.82961066466643,0.0769939789129062,-0.311086983981044,0.172079665407992,-1.81026656084092,0.0803371594650679,0.00222059159819347,0.0745328777182939,0.0306656254385871,0.900643970476969,-2.16162623271681,7.13527123908525,-0.286875530132154,0.762010297885127,0.298867857606935,0.159108698251689,1.87814639676775,0.0699033924889194,-0.961718011107013,0.44061027117516,-2.18264035286247,0.0362061713831489,0.169008752273562,0.145837285696164,1.12447182976775,0.294089198848926,-0.00889918818162299,0.269542484415237,-0.030553494692412,0.895778659044422,0.669977474706674,0.289288934836296,2.33648304499261,0.0270198515197139,-0.0532809198332227,0.11328981029699,-0.467810822137763,0.646604504981375,0.040057717579554,0.260659766427836,0.138283011183296,0.842541815233562,0.310986229889188,0.343161805553579,0.915694784181423,0.370008048358372,1,1,0.025607165306145,1,1,1,1,1,1,1,0.989362883492709,1,1,0.906156284202436,1,1,1,8.07119289706377,7.76460888852409,8.38829824003348,0.566707661228558,2.37242959068124,0.209649533235778,0.388786766765057,8.07119289706377,8.1940645364604,6.36460670747241,-2.19187285942204,3.04460748626193,-0.634461934952753,0.175097985768232
"b5c3abd1c966bb0457d8dfe34c35b160",49.9776088152363,75.2508990527725,0.672507354845447,0.529391858739356,0.0246297424493089,1.31869518888278,0.0205343362372297,0.780949634566774,-1.23449196737411,3.02137952332981,-0.407321338387932,0.669586105739481,-0.124288106991799,0.106302499569489,-1.17068597263606,0.277646173565317,0.514611290005926,0.710882387234934,0.72260516686063,0.486022177273658,-0.986493419907841,1.27495075161067,-0.78222191363543,0.468810893190342,0.46180899805009,0.495135672129154,0.94264181834362,0.383003562591852,-0.0204961556499175,0.2144581488886,-0.0976246137848081,0.793372211046324,7.83846052641468,20.5307658659837,0.383887862679547,0.678106185854392,-0.300167271807269,0.457813490418294,-0.663543815078859,0.532751638720745,-0.234636831249289,1.26779571687376,-0.182613032271314,0.744180537702155,0.551950977344986,0.419626818215025,1.31499049382571,0.217313328259992,0.472612393954888,0.775571586984864,0.610952992460254,0.557710761953348,-0.604271643739117,0.832389293935972,-0.727882011057045,0.498711699488222,-0.119169030328246,0.325975914898424,-0.369784193152947,0.684583157755218,-1.25147018025675,0.750012782400966,-1.67749373133458,0.127075504967612,-0.315254261917411,0.987401101919708,-0.321137948819325,0.706776161177546,0.999984906879764,1,0.997402706411716,1,1,1,0.999668913304193,1,1,0.998444234385004,1,1,1,1,1,0.999943565115442,1,2.23830365301049,2.70362733644911,1.88171072146593,-0.32244699068375,7.36054681238436,-0.0404799748777139,0.474965549361829,2.23830365301049,2.36663122764388,0.882847254726936,-1.97973920800265,6.85461875961138,-0.247783682850915,0.335937733785496
"ca39c1dfb5e738c293917a0ab7391c33",-29.8800789594848,68.5534865973595,-0.444946793119911,0.593688325609282,1.64185468447571,1.20132987240034,1.37572979734308,0.244241121138647,-1.08302248256532,2.75247343573758,-0.402530780925282,0.592697156857036,0.0149409861497787,0.0968414606500873,0.155901005452481,0.645948322296957,-0.239300363077098,0.64761307597711,-0.374681577024457,0.595488526651303,0.00423464416949337,1.16147873796885,0.00911290701183851,0.685991379005156,-0.059539812524457,0.451068054873026,-0.141100525841958,0.643624819238965,0.113091671240171,0.195371138691897,0.586491835267339,0.572893563623908,3.0022024374723,18.7035052118143,0.163450124655692,0.675967619827521,0.128819034836107,0.417067588222052,0.316405710294133,0.650554871025051,0.793688127215361,1.15496050916209,0.696278661137754,0.495818410907672,-0.144796880130328,0.382279571679568,-0.38646692913558,0.617642049859531,-0.106139487623628,0.706544866080252,-0.145245752475852,0.692147974725456,0.921791759494806,0.758305734867134,1.22108168536005,0.278804004462425,-0.109011907486162,0.296963701355642,-0.364682906157673,0.634170341245134,-0.214989514868777,0.683260823104792,-0.311983990219854,0.654100905162114,0.0301644223236772,0.899521322120028,0.0362526820013997,0.666166793907709,1,0.981133514330315,1,1,1,1,1,0.99983830919625,1,1,1,1,1,1,1,1,1,-3.84807235147536,-4.60541272986455,-2.78977543379287,2.0022170499051,6.60368739603461,0.27495731508624,0.376665137816723,-3.84807235147536,-3.76079707141629,-4.82443697838574,-1.75761222199397,6.03303323260247,-0.249614453492124,0.37354102648589
"7d669e880492b330a9c9c649f65c2ba6",22.4155979659948,57.2830341729709,0.397260240740333,0.597622459992914,-0.820233938297316,1.00382669867546,-0.82378596005716,0.458008190182483,-0.0529725866728451,2.29995639471419,-0.0299791936648144,0.711140769999802,-0.00602633161963349,0.0809203583234384,-0.0701380779744241,0.729532142340803,0.332499448157147,0.541143037405897,0.614473902134687,0.535533185191894,-0.486593244981151,0.970527241437369,-0.506596041323233,0.573257996821446,0.349445935969909,0.376910760985602,0.938790362612917,0.39626139392159,-0.105831378806963,0.163251384715584,-0.665353818441724,0.515175995178865,4.94674629727654,15.6285782296588,0.326775218261846,0.650763586854977,-0.137567904630115,0.348500099621228,-0.401187380536423,0.589904810036546,0.50100865853557,0.965080634094433,0.51268874675737,0.571304822813679,-0.275021335866663,0.319431364545547,-0.868648098617687,0.432400820068354,-0.719284259852678,0.590386218371731,-1.22840704753873,0.297044148941773,0.0107165966668645,0.633637404601781,0.00806340134303678,0.673335303530846,-0.171610718769194,0.248141745915843,-0.69618426826727,0.486036021137138,-0.298687192536589,0.57093016010759,-0.518492382078104,0.583666480151999,0.206982725418655,0.751636615318443,0.290322291582127,0.632122484298046,1,1,1,1,1,1,1,1,1,1,1,1,0.993970519882025,1,1,1,1,-1.24849488047045,-0.881388564384379,-1.60390498009951,-0.802337697738539,5.28394120151161,-0.137212419454762,0.426734038983044,-1.24849488047045,-1.14675418479101,-3.1995689156938,-1.75936089419692,4.94953797352343,-0.328448310265366,0.34765646353738
"494975433cf1f940b003816db0232f8b",-32.9401126364387,54.6023075132861,-0.599170141380563,0.46595279542916,0.46692663986895,0.956849700482291,0.509277187052065,0.481403833198196,2.06417972184866,2.19232322701561,0.954135085606269,0.372735024340808,0.00316512843870435,0.0771334541379188,0.0386898618774581,0.552962026352175,0.117488811893166,0.515818670636211,0.234771944513407,0.519218893302444,0.412445166773619,0.925108588469103,0.439209076095601,0.496618599317081,-0.158101352202198,0.359272122601937,-0.435113712667634,0.489141409290721,-0.0980141392676735,0.15561156001782,-0.624473400093437,0.484984036175104,8.8108021882325,14.8971933280366,0.578497076636482,0.514446150571688,0.155444303851727,0.33219102100056,0.466159600941395,0.49505465854048,-0.489104930405168,0.919916871002722,-0.541437061431915,0.501731615970811,-0.174791751773257,0.304482642166578,-0.581858249908046,0.520975133710918,0.0749774024124952,0.562757373322766,0.133230922063874,0.568119880186928,0.0703817572293077,0.603984494143854,0.114713890955618,0.483694561079744,0.0888652933216299,0.236529229168761,0.373514441114008,0.543917628865787,-0.256631375093194,0.544211818051948,-0.508166992476161,0.482456429042946,-0.0186384490104724,0.716461587630574,-0.0316945951122789,0.58872244269859,0.995172125510409,1,0.986675784883184,1,1,1,0.995619020624285,1,0.996850886346766,0.999190107928795,0.99569781569961,0.995686899709647,1,1,0.997665337730407,0.981890667631783,1,-4.97931000173836,-5.31959369326085,-4.63336811757017,0.633648586749986,4.90399292004022,0.120672686676553,0.442555148083349,-4.97931000173836,-5.07095109248558,-2.90649307865506,1.5435434248527,5.10372213496109,0.25302213104794,0.359375194172053
"b67b924653e2ba692fd3ea7c8f75c2ee",-10.4388899551847,52.0519473112555,-0.202556966448626,0.497316109671142,-1.02357370200206,0.912157241379877,-1.14803299580556,0.345676509431674,2.31280924680388,2.08992436948001,1.13527664062609,0.304562809462633,0.0229741581241403,0.073530710945598,0.3220640941346,0.539784683386381,-0.138885948733523,0.49172585351974,-0.293531685626106,0.513538211452828,-0.194165082176159,0.881898690682014,-0.229527992854658,0.486648406564005,0.10402767330463,0.342491269101193,0.311398920394459,0.493143811902533,-0.0412808953022458,0.148343267747411,-0.282004952844967,0.564596978675221,0.996842539939258,14.2013764163331,0.0747623266668578,0.605776938947016,0.0145416727333586,0.316675069422404,0.043748672414328,0.500068016557729,-0.346185529235449,0.876949467538849,-0.391325075354433,0.508971653926386,-0.2211118572375,0.290260891325703,-0.77052072475412,0.435893087000325,-0.00187919614974368,0.536472147044143,0.00543339237909116,0.565180999688737,0.224560083443481,0.575773634810972,0.369836529886499,0.544929739860067,0.0783639272719983,0.225481440894571,0.36442578332236,0.562807044673709,-0.175236501785577,0.518792816082174,-0.334162209561217,0.513927697910971,0.160504210508328,0.682997157232059,0.234603072683082,0.510142503565737,0.996448321232944,0.968224521212889,0.978438708790936,1,0.996990795216246,0.995061951654678,0.991637341177559,0.998742141939397,1,0.993704368733924,0.996432036270168,0.978721742685463,1,1,1,0.994945932981724,1,-4.76674726617719,-4.36194430149618,-5.09690364858191,-0.827046609445388,4.7221643699476,-0.151076559828583,0.42030317093718,-4.76674726617719,-4.7997881785707,-4.0883448769284,1.78145429152102,5.54694469206214,0.245626021922609,0.382812657671857
"632a77028290d1ecbd9bfe2958610b8c",-11.8260480474692,19.4868656303479,-0.607442516246458,0.555508023841836,0.237750089225106,0.341487427746528,0.696860528074988,0.496592481213775,0.523482905765229,0.782412137669247,0.669454413021369,0.513548893309508,-0.0324083959861587,0.0275279438698536,-1.17837683023315,0.252465535817163,0.0373974218287427,0.184089090408252,0.203680577992088,0.815245569560208,0.358307471278154,0.330159430580688,1.08598129793639,0.29307474931496,-0.133511267352958,0.128219628376883,-1.04175210791014,0.313678057949777,0.010292772638907,0.0555357767592188,0.185413907997373,0.821636491958392,-2.1789086985273,5.31661788436556,-0.41047557367379,0.685009160028001,0.14516484994271,0.118554729363239,1.22561526139876,0.236931199739234,-0.153175414916884,0.328306572976942,-0.467476713032288,0.649533043795813,-0.0899312355321061,0.108665963123072,-0.827423052104038,0.421038567084639,-0.169317049781752,0.200840913431357,-0.842990741296459,0.413188698765238,-0.224902380878547,0.215554345891536,-1.04468369343521,0.31213414553583,-0.00934846903203897,0.0844142585977682,-0.111608287709824,0.839326061019736,-0.111568202916301,0.194222241802605,-0.574746348859091,0.576055062046623,-0.051323385037006,0.255695982886172,-0.201035889028167,0.825302171777319,1,1,1,1,1,1,1,1,1,1,1,1,1,1,1,1,1,8.19546841787253,8.08033228921533,8.2877101083941,0.239998584191278,1.85728166928396,0.127695646027361,0.447864033999839,8.19546841787253,8.17984810964782,8.38908513368392,0.589860331741098,1.91045702191941,0.279302627776589,0.369649981900468
"5b239eddc0c4c102c7f721bae475cf22",-49.5246166246964,51.8626211815551,-0.969433100278113,0.348969439507327,0.136309936172503,0.908839494223254,0.149434856254874,0.80075734607931,-1.15362981728235,2.08232278466563,-0.561626615659937,0.582635234717444,-0.143957304849767,0.0732632611068014,-1.97097096443311,0.0705093548456673,0.211198025593116,0.489937321917573,0.429539274366556,0.677259770107837,1.12938013035312,0.878691001546078,1.30137218755703,0.210079955889246,-0.449117995628787,0.341245541519718,-1.33399072904801,0.205048837211191,0.0969545016924653,0.147803705671437,0.656420362518958,0.526223041043987,-12.8868148433619,14.1497224096685,-0.911353275361463,0.386768736005938,0.417203536660429,0.315523241904639,1.33854320234686,0.197114066923317,-1.07126018332189,0.873759779982318,-1.23047127442232,0.248851113442317,0.51232464318407,0.289205138870767,1.77311415438442,0.0877067848291113,0.636939757352236,0.534520861827385,1.19495492673553,0.257190735499367,-0.736949375782447,0.573679400118648,-1.28567803560006,0.228245656347193,-0.0986542831675297,0.224661307725133,-0.433295588869026,0.637246027102961,0.178166921828951,0.516905835074569,0.348349065921203,0.723376297025211,-0.68744342347067,0.680512923403076,-1.01237660749027,0.367252055165674,1,1,1,0.965142545908578,1,1,1,1,1,1,1,1,1,1,1,1,0.996325600156956,3.71139869833107,3.57828487602262,3.99920678775144,0.199041680773517,3.433709902164,0.0388253132237569,0.471047794628906,3.71139869833107,3.7464241889955,3.24038919707345,-0.248206016023789,2.3519682289495,-0.0696679178059765,0.451361929656402
"51c79d7c5c2260b32f6ad5b82272898e",12.450774963373,53.9120743219559,0.229621017441954,0.558243472420087,-0.144259727900356,0.944754068402519,-0.160703557480798,0.59719912049815,0.308504142708443,2.16460985140338,0.144784076673464,0.574015418196668,0.0278975136991283,0.0761584024847449,0.364903640364598,0.541315755234564,0.156783909038738,0.509298155599474,0.314350934539715,0.545092061517947,-0.281100667798512,0.913414198938209,-0.30645230370706,0.564314068741971,0.0126504068866293,0.354730528024104,0.0351904038122577,0.561132384344591,0.0972585826904719,0.153644458835277,0.629628126773404,0.486464615902754,-7.16926070630412,14.7088764278732,-0.48077388379519,0.528384505875649,-0.12000508854797,0.327991761317246,-0.365685852251463,0.550524599338437,0.109564180059142,0.908288110487863,0.131276238963649,0.578393764925869,0.0878120067987118,0.300633646851569,0.300097095077381,0.548819105904954,-0.0162432728338864,0.555643501484316,-0.0400288338184234,0.581350565872323,-0.0154997510690491,0.596349466177217,-0.0162835700290965,0.512824856243925,0.109062015985273,0.233539239695289,0.464517622126767,0.522571002999017,-0.25183422453951,0.537332382419265,-0.487203464178544,0.542730508195984,-0.220539104650674,0.707404725556102,-0.315322773996674,0.559370348574275,1,1,1,1,1,1,1,1,1,1,1,1,1,0.994566314920884,0.986853612857703,0.991713389407122,0.990888607196489,-4.34155712351454,-4.23766047698694,-4.45893859503172,-0.193856587021055,5.00575346770767,-0.0343953810408878,0.481855765133421,-4.34155712351454,-4.39363431411364,-3.45930083839686,0.792695207760629,4.87480343277534,0.127349382011679,0.451361929656402
"20f887a0f58476d52027e0798805c1d2",-21.6065501346351,59.5053510984227,-0.359746465574833,0.608265908401173,-1.44953311303227,1.04277053422632,-1.40656813738752,0.22020849009508,3.34149827467102,2.38918407089385,1.40806927228989,0.182948527775877,0.00316520980167394,0.0840596941584221,0.036299535807978,0.727832281119124,-0.189419298370321,0.562136885732545,-0.332179057776331,0.634756769939351,0.40007925941705,1.00817921197974,0.393560086540273,0.600433694934021,-0.147174926279076,0.391533156178462,-0.365481488398172,0.607187989201252,-0.0509235155382063,0.169584783785567,-0.315745339165685,0.626801393823126,19.3859308197185,16.2348948192382,1.20928773745009,0.292810257978865,0.0655921900549345,0.36202029248621,0.177689488950196,0.629978243344454,-1.70512431157428,1.00252130144976,-1.71800874924427,0.131403227534399,0.0468899793620884,0.331823824864709,0.144873359780463,0.721241360598244,-0.0113248779633064,0.613290474484967,-0.0290997183425345,0.631424626326829,-0.477961775505207,0.658219606804861,-0.74054692463538,0.502371221862299,-0.0689783411334641,0.257768498580425,-0.281548566559874,0.622684524497169,0.277678050479176,0.59307961109908,0.470933951475921,0.570558399797741,1.35904393464891,0.780796641426133,1.75303645478084,0.13156316081352,1,0.981447691685036,1,1,1,1,1,1,0.995904804691676,1,0.975789995240857,1,1,1,1,1,0.963784959312047,-1.94780281235587,-1.29366881952795,-2.75211023533537,-1.33709559110116,6.04882898831054,-0.209208649667553,0.411305148670526,-1.94780281235587,-2.31208674733663,2.50533620864552,4.46966450146705,4.57707836070999,0.856748575721704,0.152344605800565
"3a4c1eb8dbc9f93fbbfbd8702754c0df",0.645186421056887,50.8586728500338,0.00134593831095551,0.663625315501672,-1.36144352978633,0.891246324555797,-1.54940502151464,0.174585398116968,2.48000575220189,2.04201351302208,1.22307845286112,0.244099190041771,-0.076517556359896,0.0718450426081162,-1.06983515443517,0.347359239142119,0.513950765879715,0.4804531935476,1.08683217210111,0.313778405133352,0.0337803370178531,0.86168144158117,0.0524748232997122,0.647393305962669,0.0977666864646049,0.334639764868969,0.280539520864536,0.658669328296004,-0.213424679212283,0.144942545160825,-1.48452023866384,0.19736997094341,17.1483340187164,13.8758143448419,1.24799849759497,0.27413189243266,-0.0177277510077455,0.309415393418589,-0.047353996003915,0.664189473002156,-1.05863222022249,0.856845677816273,-1.24824254418977,0.272325303502041,0.125158090219304,0.283606752016769,0.453041114774389,0.62910533105656,-0.0474508346590932,0.524173692417719,-0.10390538929154,0.643041994315237,-0.368079803190361,0.56257420598353,-0.658250327283803,0.516396219332727,0.060094375009451,0.220312350038276,0.281613318948711,0.613842550985279,-0.0251947936269882,0.506899654537337,-0.0551742216855885,0.740094266919448,-0.991644641667734,0.667339662999643,-1.50186219535236,0.215687797388412,1,0.99548247719364,1,0.990657947311827,1,1,1,0.975748200368924,0.992858169511831,1,0.998521050020113,1,1,0.995707358147811,1,1,0.959230030473915,-0.26567262360986,0.397108209259126,-0.940011561059311,-1.4278724279576,4.62580418913119,-0.274543360725336,0.349104274852976,-0.26567262360986,-0.365682736779136,1.77432566903067,2.9104748229194,4.16212376361586,0.65026517987252,0.238281708378073
"969732ae717bf5a9282f4781499aadb4",-7.44683549076191,30.5185608762285,-0.271356983394359,0.757070638528934,0.0496339996289824,0.534806625644242,0.0639135518378008,0.822142399804712,-0.163740891341348,1.22534290053155,-0.139678402926123,0.867461517958105,0.0482686194436922,0.0431117680352441,1.13004555962242,0.270019539085239,-0.458496011048878,0.288303630704179,-1.59778572602918,0.120404618848356,0.545572516905119,0.517065744290136,1.0887933010476,0.303125623021208,-0.164565683999872,0.200805948394967,-0.834737653669641,0.41597976369258,-0.0770591215320209,0.0869750947117605,-0.929656064492068,0.388623012688936,-2.08109882647808,8.32640454537578,-0.21154462960552,0.76029817382753,0.115174838238487,0.185669660471314,0.650406795227539,0.533430427806698,-0.260881638412641,0.514163966823838,-0.526952652371529,0.609179638519581,-0.258627178262175,0.170182772009306,-1.53542703840832,0.137771013986763,0.00325481101498391,0.31453881600367,0.00294365320370268,0.904387019719894,0.472863625751927,0.337581658949892,1.42408430124233,0.171609938521039,-0.0310267850890656,0.132201952777138,-0.264857388945694,0.757929602139892,-0.00825956330489371,0.304173253021222,-0.0303403399902802,0.904133159781178,0.061254954574509,0.400447848696918,0.162865133483195,0.861903742631096,1,1,1,1,1,1,1,1,1,1,1,1,1,1,1,1,1,5.83505932564717,6.12027336180682,5.70612047217383,-0.253007918698322,2.6452313360336,-0.0799621483142308,0.46415441239883,5.83505932564717,5.89694523715812,4.57028203355797,-0.9574651420213,2.19148449550978,-0.382815161553027,0.35019476017559
"81b95cf5e2e0e3f7579b7dfa4b2ebed0",-59.3113383493338,33.7561576811107,-1.77308049711955,0.0877432293103684,0.436842301749677,0.591542204672292,0.745220463817411,0.466349577226885,-2.35033493154966,1.3553348184249,-1.72316096664905,0.124903170362817,-0.0195451454647125,0.0476853297772215,-0.394105013422223,0.690288223721963,-0.223062179056567,0.318888654597978,-0.686196305741007,0.50284704466828,1.19094745540503,0.571919261414258,2.09749224548342,0.0445314248649769,-0.312413899295635,0.222108679528377,-1.41411323844752,0.169315115979865,-0.106447229494794,0.0962019481628503,-1.12405855736927,0.274736372907391,8.06373212193149,9.20972079549631,0.894830603986215,0.386227624651467,0.436047769709118,0.205366641005337,2.14077124306601,0.0408155080930676,0.2686024172898,0.568709645531481,0.481573350225907,0.632365164302183,0.214160261478228,0.188236808080597,1.11482998722689,0.291764315581635,-0.435408841875914,0.347907029853429,-1.27560776584196,0.218145988573012,-0.117841361625963,0.373394399427256,-0.264574506951777,0.728784389176262,-0.28766692362255,0.146226749740741,-1.98650750227214,0.0568773092699406,-0.49481165167791,0.33644182414114,-1.47661375647866,0.154456410856216,-0.293474274771358,0.442929821576346,-0.663303054811266,0.514421233044054,1,1,0.958228628486367,1,1,0.993438374650921,1,1,1,0.989859246100453,1,1,1,1,0.999989389930175,1,1,4.37884820146739,4.18902661895266,4.52784466684835,0.250627854770893,2.75580806254664,0.0729093427534179,0.461644465538311,4.37884820146739,4.44129307938483,2.71569006098611,-1.37605643343392,3.36932363764856,-0.35274558096993,0.311284324344511
"26de4690cd2c89c490c37a8d1418d67a",-23.0965736547395,46.9346195659529,-0.496715019840878,0.624222507870675,0.133085982823158,0.822481296472768,0.158561466489939,0.783931917981683,-1.79217495677516,1.88445985731542,-0.969131245430457,0.392632015075662,0.0312291581705922,0.0663017643510799,0.480033267522519,0.585509214313305,-0.225475508094883,0.443383332571344,-0.514272837028308,0.617241322665763,0.548393671481858,0.795197522493495,0.699191913137006,0.501057666262729,-0.142560493469342,0.308820289158499,-0.471821607464883,0.633826151852764,-0.00583062504204856,0.133759353809795,-0.0457373112238417,0.797879090511425,-4.64458393443818,12.8052115980945,-0.36311974139191,0.675183374534789,0.204994026124762,0.285542130066445,0.723713241502367,0.486957847018814,0.247374631845016,0.790734867062326,0.30002153942841,0.740956542347791,-0.0866739611851932,0.261724780972804,-0.339220671660799,0.680506174500069,-0.176903505579044,0.483730531322547,-0.366720809681341,0.692592413899532,0.00108215423177731,0.519168213714752,0.017017526980591,0.750274881020101,-0.223071973759366,0.203313923767098,-1.09533724910883,0.319616334416305,0.191777240878465,0.467789289625693,0.409030072257729,0.651036087679521,-0.215630919613259,0.615850383994805,-0.351791152892091,0.727235793258456,1,1,0.998308898389588,1,1,1,1,1,1,1,1,1,1,1,1,1,1,2.44204008211603,2.40488100657331,2.48974393033229,-0.0592622679553414,3.32338840144142,-0.0137395349851356,0.489205328623519,2.44204008211603,2.51546641678289,0.438354376710675,-1.70049901351716,3.38261577361409,-0.433209281882524,0.285156585045321
"c5bd025300b4ef0c652dd11cef56ac29",-37.9145059840936,57.2797472810899,-0.668265116306283,0.49208771838271,-1.85378628530713,1.00376909925054,-1.85355233196396,0.100406268928085,3.71219554727674,2.29982442356236,1.62426142583105,0.126602699341778,-0.073354534193153,0.0809157151254547,-0.916797725525269,0.419963067254602,0.793593329743871,0.541111986699842,1.48019893029093,0.177187200047422,0.808728158666925,0.9704715527303,0.841084255712559,0.427665066539888,-0.237560489600401,0.376889133902855,-0.636071499016166,0.518382094191801,-0.126498692351046,0.163242017375695,-0.779641644396684,0.459812535359336,16.6231576511884,15.6276814641917,1.07053615396347,0.334685794127591,0.226584520362503,0.348480102737955,0.657465675063027,0.491388838729737,0.135670806958754,0.965025257912874,0.135846400959353,0.716216775859806,-0.0300058387387796,0.319413035621917,-0.0968451163481849,0.674100931310148,-0.382920681572228,0.590352342099362,-0.661760829537385,0.527128392455561,0.454971746314659,0.633601046582854,0.73975532636567,0.458932038641137,-0.0935987677984718,0.248127507579803,-0.383687752525387,0.620336319974889,-0.341988573505913,0.570897400220917,-0.60368926575929,0.530846659420295,-0.20429430614234,0.751593486522562,-0.282360915759345,0.676696802799986,1,0.962594830640537,0.996279850725961,1,0.998593047442982,1,1,1,1,1,1,1,1,1,1,1,1,-0.285453992823614,0.463656753020017,-1.45783264062394,-1.2401537820697,5.37785154129658,-0.223538563663433,0.39549839420438,-0.285453992823614,-0.597441883415168,1.56202607757943,2.9996465393828,3.70057958269497,0.731061827781161,0.178989015866219
"95251fbafeb9956f566a3da93d145d63",-28.1827831393115,29.9188079118006,-0.987850581422893,0.362000608737482,-0.329892211987534,0.524296567177636,-0.639355517018857,0.533432035906894,-2.01664753263921,1.20126237327422,-1.67729642424701,0.169404721837828,0.0584805120823126,0.0422645324534049,1.38750252454359,0.17812199483302,-0.424522327572633,0.282637866913042,-1.47391684095526,0.168040243497986,0.362883319263269,0.506904330906332,0.764692494047557,0.479705962326114,-0.132608847889204,0.196859695381495,-0.717237581786086,0.501156880854832,-0.0279158835281386,0.085265853863336,-0.340842025790488,0.737278535496803,2.58832282194083,8.16277344136114,0.333934765177977,0.725488003589763,0.180985473696582,0.182020866882271,1.04144913676871,0.341263773675075,-0.243227220233681,0.504059579380562,-0.48938028896876,0.639464153907018,0.109390986022637,0.166838327871816,0.657478988281453,0.5455491074771,-0.17851056950196,0.308357476454569,-0.570514541003203,0.577570773499796,0.301740181978656,0.33094747978552,0.946184243884826,0.368058499504211,-0.0355810584411934,0.129603910444709,-0.285512483331066,0.766500822692458,0.225729324756396,0.298195618265146,0.776526294474681,0.453254038968079,0.769902167621121,0.392578218627244,1.96331534553449,0.0607548503772008,1,1,0.898774860185526,1,0.999262984626297,1,1,1,1,1,1,1,1,1,1,1,1,2.91192904202336,2.9270406801514,2.90433243823465,-0.0888670511851672,2.50857477807718,-0.0274983668668044,0.485989894596561,2.91192904202336,2.9397128146113,2.33580079975904,-1.53666939670009,2.80762331919845,-0.435526140661504,0.315175367372265
"cb3f42ad378ddeda014d895db355586b",-20.025721709975,34.2084519131133,-0.592556516014772,0.567722063219938,0.567816547352082,0.59946819938078,0.954701881331399,0.366577670952605,0.91489820369631,1.37349476798424,0.661688320402713,0.515489956971095,0.0456291127815163,0.048324259119036,0.953168835280053,0.350775761108779,-0.227718224773807,0.323161400936239,-0.718387431749771,0.486246589162354,0.478026651000821,0.579582330936344,0.829179889895378,0.426337901932326,-0.222402098994642,0.22508468395333,-0.991929516991668,0.336774755957479,0.0356187329405508,0.0974909451711152,0.365391204524047,0.715365269703495,-8.77621138152576,9.3331206099393,-0.927792644233586,0.373958593522647,0.161123448853056,0.208118321100268,0.781170805434841,0.453977973366361,-0.00900836135324748,0.576329709840579,-0.024096798108042,0.851942478159166,0.0172774747499984,0.190758967840299,0.0968920756030852,0.893423662220609,-0.0169852822431741,0.352568589512037,-0.0526174083325739,0.80879626039725,-0.395469081413309,0.378397460934387,-1.04341025876379,0.315600417427502,0.0589622814597684,0.148186022359888,0.392814485572904,0.694856154743787,-0.130893592778819,0.340949763045236,-0.372176779252507,0.713902324049043,0.399893266690314,0.448864578884137,0.90977573045515,0.384295491186189,1,1,1,1,1,1,1,1,1,1,1,1,1,1,1,1,1,4.05808552398473,3.8831521740633,4.29648397068482,0.346489015754254,2.01571808935564,0.108477578792888,0.431066177707298,4.05808552398473,4.05808552398473,4.17753096868423,0.342645991558306,2.00682494086493,0.15190026233174,0.42801565694614
"1e2270e7a0c8c2e951edc6813b58451a",-36.007717593141,45.0167375467044,-0.812148326358572,0.442978631025698,0.709498522538246,0.788872371882323,0.906157063078045,0.392460628530757,-0.489744357354398,1.80745546887541,-0.263431475506397,0.762518307491419,-0.0528134859960102,0.0635924857232921,-0.828867542424224,0.427484724438965,0.499260851714075,0.425265428792916,1.17326602067711,0.252471694010342,0.535000453358762,0.762703490492274,0.714541365689136,0.488709592674907,-0.102136275847072,0.296201013978822,-0.356952814098978,0.646386938924521,-0.121878719714798,0.128293566253604,-0.952569866259291,0.374924765064263,12.1263155078619,12.2819542391604,0.989789779350784,0.349726134528592,0.143629736660033,0.27387406666129,0.537344899563378,0.554429025447554,0.638306163951899,0.758423191852077,0.833908511413646,0.433013294639377,-0.0531227708882006,0.251029962178883,-0.212486575491515,0.757412322186229,0.525148676853159,0.463963926271421,1.1384174351079,0.278862222870437,-0.523367357484323,0.49795352419011,-1.05273417541483,0.324510641384271,0.20269906274092,0.195005938696337,1.03926508403176,0.325902940296914,0.241917036888153,0.448674089040985,0.535293059613287,0.598019645234948,0.210658487546501,0.590684986066071,0.360722342857029,0.715752489530553,1,1,1,1,1,1,1,1,1,1,1,1,1,1,1,1,1,2.67179831841496,2.22523541581813,2.99431795279461,0.827595773900265,3.52819241371909,0.20221560296357,0.38079926726589,2.67179831841496,2.67179831841496,2.7567804561567,0.149010120751364,4.22354672239985,0.0203094607620842,0.486381340152406
"820d3c5095323f85949bc959fd15d1b7",-82.1190045679042,48.2369427644083,-1.71349135716381,0.112030397556733,0.939831730112878,0.845303181098613,1.1312886719278,0.312862247694331,-1.07828394374691,1.93674910161815,-0.566675364604883,0.596404958641647,0.0309009569905126,0.0681414793974882,0.460317976953896,0.630136696906648,-0.0431506661380307,0.455686157333878,-0.10548239565066,0.720996887766741,1.05057615543422,0.817262347786097,1.29122340769319,0.230969059417195,-0.349971504234666,0.317389311991627,-1.10209094096366,0.298758039619987,-0.017850167650809,0.137470855279027,-0.144852830437624,0.705524287177328,12.0059529813655,13.1605255279729,0.932718520893762,0.399328610446664,0.454424508330979,0.293465239778655,1.55801019540782,0.147882571615434,0.502277938967318,0.812675864362958,0.612980741639682,0.531359759381789,0.393618359496319,0.268987016333902,1.46475157927366,0.173225034593485,-0.339534122707437,0.497152894144882,-0.703224536755006,0.503541651239478,-0.429575857356092,0.533573887285222,-0.794019700195153,0.464522100956298,-0.154547930036807,0.208955397841876,-0.751666763032915,0.475742667378428,-0.0726019612012312,0.480769321199454,-0.155408496631723,0.713113521965049,0.475419527778184,0.632938756059417,0.765703014178238,0.471245665388645,0.997254856788336,1,0.995423527513878,1,1,1,1,1,1,1,1,0.996162974851249,1,1,1,1,1,0.773304149198761,0.0188019233368752,1.33078875653398,1.12927541569369,4.11145754110364,0.226919078628621,0.372242649464343,0.773304149198761,0.859557068688605,0.159417600061967,-1.06780858504274,3.33051496660783,-0.202596470871126,0.394531390354669
"92fb114641e27921122496428e2ef0dd",23.1955638830763,52.4328982414125,0.447068697459241,0.519418045384538,0.334765201214435,0.918833017551617,0.374551224894334,0.526299732559735,2.4886329132542,2.105219832448,1.19843354372931,0.29759428489978,0.0868094978312687,0.0740688578195724,1.20771805925987,0.328487574529417,-0.260897022295186,0.495324631873996,-0.532475678176365,0.551409421958648,-0.706844006140398,0.888353014561784,-0.807252363975466,0.43318535884566,0.282854505512513,0.344997849052075,0.831271782670078,0.408922921954722,-0.0938723364619791,0.149428942899831,-0.639982476774507,0.482646106434476,10.8777823336478,14.3053115779316,0.769364942093802,0.415325559591697,-0.259058201744774,0.318992709174335,-0.823896867171268,0.436694552859184,-0.135671722418049,0.883367569696717,-0.142959899481517,0.55198237833141,-0.504773264155249,0.292385214473068,-1.7497824872242,0.178367115507402,-0.35181220197605,0.540398408672699,-0.66093535535258,0.48805940943862,1.22524580336617,0.57998753098722,2.15098461651558,0.0988043878893138,0.153698571533725,0.227131664739768,0.696326205968264,0.485935335176851,0.125497680700395,0.52258968855389,0.238619125777747,0.548702258580896,1.20903682736719,0.687995786789303,1.77396847169655,0.143348842488069,0.991626875460652,1,0.975253046453559,0.96634626526346,0.992812856922754,0.987327481599663,0.994380103147298,0.990832045962877,0.992575862611748,0.97987852527952,0.997235876188626,0.899114425157399,0.982227226017473,0.780614683649942,0.985300205325594,0.997932136360978,0.915876078842242,-4.8497086282881,-5.14630608943092,-4.52069580296389,0.699247829188089,5.17691360732918,0.127713610944333,0.444393383343847,-4.8497086282881,-4.92379954825765,-3.11677450829219,1.21498511049577,4.80596547722042,0.208379144609238,0.398437634700327
"5431c93e93b57f0b74748eb702ea1e72",-22.0751596978474,27.7519502843606,-0.813073673019304,0.431228438583673,0.101214147201039,0.486324599210913,0.210979491831125,0.822561426982384,-0.376297694441727,1.114261429127,-0.311807734616492,0.745952269857619,-0.0222637001445371,0.0392035406924088,-0.559605134323498,0.583416491603544,0.169542139542771,0.262167933099859,0.636172707577095,0.535724404095644,0.389544462599799,0.470191988655105,0.851025170108653,0.412233640064828,-0.230623833851703,0.182602211135117,-1.2844480533105,0.217563013820335,0.0853428429511532,0.0790905086975589,1.09020504640574,0.289838250099948,-4.07570246144424,7.5715878585458,-0.554348010788301,0.588012139293803,0.173030182887786,0.168838078820668,1.0458471135235,0.31389797989975,0.356859532693394,0.467553267114218,0.75491124456851,0.463122020644174,-0.177582390382866,0.154755129090497,-1.21190831707556,0.276467055772015,-0.187957405309394,0.286024810266683,-0.596190949108344,0.582090137675374,-0.291643494773857,0.306978741693771,-0.97176763929262,0.349546802206081,0.0286042044404627,0.120217399367094,0.235677762707673,0.801398060185738,-0.024026711159401,0.276598920568773,-0.0954161938193455,0.87103544648383,-0.0682439816939134,0.364145899067355,-0.0972792327547972,0.620840941233596,1,1,1,1,1,1,1,1,1,1,1,1,1,1,1,1,0.999862643382292,4.04903982721588,3.93018560329191,4.17800062718804,0.178692492340165,2.37988546861886,0.065541635286443,0.467371324106117,4.04903982721588,4.06459804964142,3.58730680440603,-0.538963318669573,2.16477253061654,-0.245533603339022,0.40625012355222
"7c821085a5548386a8d91fe359fa3ff3",-13.0920554976158,15.2408069288843,-0.860593471698551,0.411128540812275,0.0505095178838954,0.267079583430846,0.189912665343097,0.804812188467193,-0.0140189059813371,0.611929725140707,-0.0243349021816476,0.842996738950959,0.00672943155383391,0.021529787582474,0.312266663410277,0.733626754629336,-0.205090527953878,0.143977299266471,-1.42386144234197,0.172287643521495,0.41508904892642,0.258219881672209,1.61020727022992,0.126532489501236,-0.0669415946401664,0.100281422248945,-0.66961455400735,0.523018569634947,-0.0828806982547509,0.0434348995517637,-1.90958298500692,0.0707858780465681,5.97786544996161,4.15816212967968,1.43811658143174,0.172289929288274,0.145327440399221,0.0927224405918481,1.56982001050616,0.137028510876921,-0.35795305969211,0.256770749444323,-1.39477367983036,0.186850449040768,-0.0155610301030882,0.0849883708912525,-0.18146394007747,0.799962255099989,-0.217735466013725,0.15707901122185,-1.38823967706879,0.186752944544627,0.253337398073192,0.168586484390728,1.50300125936416,0.152782594303284,-0.177251784920501,0.06602095184204,-2.68623967928493,0.012253651158387,-0.185676927258312,0.151902504217952,-1.22452746728467,0.242382546152977,-0.067316765073221,0.199981525073506,-0.338516711055583,0.727796899010886,1,1,1,1,1,1,1,0.991887148869001,1,1,1,1,1,1,0.605833690519202,1,1,6.42058808881914,6.41514141963306,6.4273173326939,0.00207041002783992,1.64020425944645,0.00189043439732656,0.498621323553676,6.42058808881914,6.42131345190042,6.38756075632556,-0.185258519006023,1.90645270635804,-0.0825499770433111,0.46303506634964
"3a8a7409bdc33da14a01ec3e3313b9a7",-0.374351578321065,51.6623571908109,-0.0028073124770391,0.546022916764674,0.309513624568012,0.905330072217338,0.367964725465577,0.518375622790155,3.46727746998739,2.07428203660134,1.68840919063494,0.179338802053039,0.0430870886728513,0.0729803599978732,0.592454369118219,0.48959352983045,-0.164014091041859,0.488045462210786,-0.345347309917741,0.523786271524139,-0.243291824107695,0.875297995897855,-0.284553936278398,0.551405502578467,0.0415909402144662,0.339927845028267,0.120997069142578,0.5369398306676,0.0322663210766805,0.147232971696366,0.237251224595332,0.554064599698211,-3.4180043090978,14.0950842172069,-0.256916949141941,0.504331421584638,-0.0559998770772972,0.314304870326867,-0.185959005463113,0.562517482146871,-0.313008672104406,0.870385815911384,-0.352734499158732,0.501943008603425,-0.184656545864513,0.288088392861127,-0.619335151712478,0.486267730589728,0.00323342920383797,0.532456845808009,0.00933855565103534,0.52743932013913,0.512697996545129,0.571464176062129,0.913835921463399,0.409099409570961,0.118580728695084,0.223793793337587,0.546344985374913,0.514933004317744,0.0300412909132509,0.514909838285116,0.0762636249074757,0.547911320789353,0.261861559351318,0.677885168949312,0.39953182786173,0.488073174296701,1,0.99664368306627,0.940371706357645,0.988569568238829,0.988882246410177,0.994910513127563,0.997257670509972,0.991362739434431,0.992526473271258,0.995897947820829,0.993512550230779,0.972373035298956,1,0.978714059546529,1,1,0.9992139346712,-4.97914200296669,-5.2189121964912,-4.72147163727836,0.504550122950376,4.84814569654807,0.0923049826442306,0.455882353723719,-4.97914200296669,-5.12665876534457,-1.64152855320955,2.67854847699336,3.93723220549609,0.650092529383657,0.221790391686418
"564e9f4d70915c0026898422d57b1431",17.5664724063676,58.3171892597536,0.307079505950843,0.627543795840144,-1.06056264123269,1.02194921089345,-1.06501177234001,0.361053058547126,-1.20434084649167,2.34147849003111,-0.518514937844618,0.557273040784402,-0.0968996329859989,0.0823812481207872,-1.19389742425492,0.339522156635456,1.41827912076844,0.550912523832203,2.60332768439309,0.0317970545758774,-0.00601347292614782,0.988048584328583,-0.00581604768426465,0.66405980549137,0.00916665269981296,0.383715291966966,0.0261968380149447,0.630598463421619,0.0968769232757277,0.166198631703552,0.591093078596166,0.515630033399187,-11.192692652748,15.9107276288436,-0.719540944799432,0.496506997284423,-0.0221878559012596,0.354791720796171,-0.0633420956587214,0.641706712967313,-0.397929150622589,0.982503647056537,-0.407416347673086,0.55851099028802,-0.0511958121955435,0.325198195428235,-0.160215005078242,0.559648659828219,-0.286877561764751,0.601044712980309,-0.491768694321631,0.544443239449311,0.456277824917655,0.645076731351934,0.723688317606011,0.487467414433732,-0.294825286263889,0.252621554859049,-1.1856789832828,0.313146516523626,-0.588790612654985,0.581237406184852,-1.03617187950776,0.363777472517758,-0.464301642595916,0.765206232227991,-0.616897047091197,0.524560699527808,1,0.990242141739003,0.985663493105517,0.968794397572612,0.619220665275763,1,1,1,1,1,1,1,0.970354143982708,0.997331250318672,0.975723274962328,0.991746575645284,0.989455196207231,-4.41431151833272,-4.05766753573163,-4.73305491408265,-0.800714614633284,6.04708360480718,-0.128892518832313,0.440055122796551,-4.41431151833272,-4.35078404142946,-5.17035880081576,-1.14794933242905,5.40627341475316,-0.205437673451193,0.404669385514707
"386a607b118090dd71bfc8b4b4081447",-32.2970136611554,19.9487852965012,-1.62087426714805,0.119816137127987,0.31252956502021,0.34958209836275,0.895181698842913,0.38398924985311,-0.53350777438691,0.800958555563342,-0.66733328682118,0.515382059153565,0.0446033805289846,0.0281804704938606,1.58437685540086,0.127491002004599,-0.198407843994722,0.188452766578494,-1.05377826158147,0.306904973106593,0.657200565512461,0.337985580606257,1.94676826739263,0.0630000926188178,-0.214785393143768,0.131258966208715,-1.63833395973059,0.116143270482518,-0.0863585378950002,0.0568522053705104,-1.52067410954249,0.143454542458379,9.36629428533101,5.4426438140762,1.72220883348774,0.0989400933669514,0.197960162135436,0.12136496893933,1.63311921248264,0.117706234391295,-0.34674153657587,0.336088802580315,-1.03336839132616,0.31861270611513,-0.0618503138711442,0.111241797860182,-0.556168742636272,0.587862600070219,-0.00887296706069521,0.205601677396274,-0.0431101090110794,0.862792805826466,0.44053510131372,0.220663879327075,1.99790427476667,0.0562328036544522,0.00632604332936559,0.0864152271932173,0.0733085679664732,0.843592668408151,-0.0421170222953291,0.198826115755186,-0.21170147843432,0.811691877473051,0.34059687242491,0.261757039871529,1.30303618806813,0.207321087147328,1,1,1,1,1,0.996479843117947,1,1,1,1,1,1,1,0.992873255760425,1,1,1,5.10456768272287,4.76495141424681,5.46140797908851,0.664764229241224,1.93623912246309,0.327162489375594,0.360753679127308,5.10456768272287,5.21757531839796,4.55600376466997,-0.803341332654233,1.41075594061839,-0.446142340269553,0.299611196149266
"afce1dc2c06acb90ad5d3da0fffbcd02",13.1501264523152,59.0709974549295,0.224436068163925,0.639915096691896,1.48140071724664,1.03515893001749,1.43821717157556,0.226277412251594,-1.21413662395214,2.37174444929659,-0.525037939276015,0.582729952831597,0.273068450611528,0.0834461084261365,3.30071988696701,0.0059232002701823,-1.08569732701959,0.558033621068902,-1.96362335897884,0.102692869091095,-0.38372316627796,1.00082010383343,-0.38722561784324,0.609186397353232,0.260391117277757,0.38867519719166,0.676427095786564,0.522379209566238,-0.337027674313821,0.168346915806325,-2.01432248318384,0.0845992068720859,23.0518213666148,16.1163897505966,1.44146870471975,0.211350537738121,-0.259844710014841,0.359377759837344,-0.728556010752988,0.497161689789449,1.60933055808328,0.995203492682541,1.62340986291303,0.159709462069214,-0.00127051300348275,0.329401708455557,0.000403307633668814,0.613511654895824,-0.0183202068904261,0.608813819071716,-0.0291160170496664,0.712537453120928,1.06533361952085,0.653414995468958,1.64684788324967,0.155683689403319,0.306836481836467,0.255886941973003,1.20245301238754,0.285876944278122,0.476116426662269,0.58875048295838,0.820035044394212,0.449489957915115,-0.963188966406813,0.775097290699342,-1.25506450591607,0.291786378406913,1,0.978011898093388,0.995002780298417,0.255867384790805,0.875413048977174,1,1,0.886224820529443,0.987949455089106,0.995979092478763,0.968675692115874,1,1,0.964198991610648,0.991451520536647,0.998520802252421,0.97993558457159,-1.55367838686854,-2.56240612819997,-0.688036378566975,1.19638809527033,6.56445864117737,0.163549928704388,0.428112082135912,-1.55367838686854,-1.34776122517416,-3.71381519788168,-1.90826473767633,5.99628037627523,-0.290574507989572,0.342412672115691
"1c6bf8efe709f63c28e0225da6870395",-25.0667145598176,18.1215223792131,-1.3861690823429,0.183616544554825,0.0975662460678808,0.317561181029098,0.308133908992141,0.756653684770355,-0.219237615177491,0.727592591415026,-0.301916090575532,0.759547627705943,0.0203406485437103,0.0255992041179979,0.794565837911986,0.439672789340929,0.0198993039610685,0.171190925974613,0.117619043720319,0.842215438655692,0.509477547705382,0.307026877665671,1.66277091604018,0.112051610489386,-0.182091625804172,0.11923594636315,-1.53035111831299,0.143551108346561,-0.0413842290647554,0.0516446739295959,-0.801710273180975,0.43788045333777,6.01043585586449,4.94411014068942,1.21640949805764,0.241493026766098,0.177799686092106,0.110248216520346,1.61602963131042,0.122804174520561,-0.146744460270881,0.305303840150624,-0.480295152356284,0.640343059790314,0.0221521653444741,0.101052304662417,0.220282398984591,0.805219185876537,0.18693003926111,0.186769035946956,1.00116742621404,0.333187357854331,0.220048521838821,0.200451574773874,1.09814934603957,0.289053718614212,0.00976836258148734,0.0784997908499885,0.123991741496121,0.831711770262298,0.140956312997234,0.18061410019093,0.7801211889575,0.448860866097892,0.138718911489412,0.237780696190079,0.583550469607313,0.570102079079872,1,1,1,1,1,1,1,1,1,1,1,1,1,1,1,1,1,7.96297556868055,7.84946543431118,8.06978704062947,0.289850304684134,1.76223231327648,0.154476358302093,0.425815343547832,7.96297556868055,7.99414973165599,7.72978160365226,-0.176234623277097,1.45766366887661,-0.11704590820822,0.451361929656402
"f2d099ef5556f02539ded15181a3d994",-17.5412760761146,20.0353826947156,-0.877508255946268,0.396433887653275,-0.10956505127712,0.351099629366799,-0.312755803507466,0.750782450219443,-0.858856419780167,0.804435505460715,-1.06921294830245,0.30409116567456,0.0609833464869459,0.02830280152249,2.15689157744714,0.0397068611730425,-0.381272426132423,0.189270837404835,-2.01618308585898,0.0547002907109626,0.511406035334071,0.339452771288772,1.50926090102127,0.147506307692451,-0.0892863303795146,0.131828759546858,-0.679030770076827,0.511936315391817,-0.156342189025637,0.0570989999995901,-2.74094192734098,0.00997357308085351,10.7308645874155,5.46627025481942,1.96552379895488,0.0613779402022745,0.125046510933694,0.121891812573582,1.02807811737176,0.321273583402209,-0.669507850452386,0.337547759375924,-1.98495410670877,0.0587042401240623,-0.141860711810387,0.111724696950237,-1.27100603016904,0.220338002324001,0.0625897125988388,0.206494191404843,0.301795852182246,0.754138430522562,0.539851743196101,0.221621778143751,2.43829386350907,0.0209914314866985,-0.0757295635330385,0.0867903544869257,-0.874215834060895,0.398829652521588,0.138960128194844,0.199689217145349,0.69567261994822,0.499116889168053,0.367157449240259,0.262893323523906,1.39836211613752,0.176866016521586,1,1,1,0.980548177762274,0.995145871480112,1,1,0.531524419195541,0.996974288995605,1,0.995513102260167,1,1,0.84646604814712,1,1,1,4.82957842569886,4.8396635700784,4.80734522546916,0.0961191650773863,2.23337916697377,0.0388881747307364,0.482077206198191,4.82957842569886,4.88603470855202,3.93585002906589,-1.34260341939265,2.22544556468336,-0.64879111866935,0.230469233107769
"304a3df568087b761af6bca76a3816aa",-12.9144311747375,52.7547815503026,-0.252245941517814,0.578228538175548,-0.428524109090451,0.924473693957587,-0.493004511831467,0.502639500649452,0.505241384306964,2.11814368652316,0.253418175732134,0.498024105732743,-0.0224424977770902,0.074523563354462,-0.289896657922668,0.533303337632632,0.490188081588286,0.498365408501453,1.00904998276526,0.362347042878184,0.3234593265042,0.893806575539342,0.371585468557285,0.561182908538364,-0.167340126365073,0.347115776020398,-0.490111167035735,0.539573381350088,0.12857632975603,0.15034628075827,0.859127856424653,0.418049220964098,-7.14136772395427,14.3931312709077,-0.497356593126233,0.50906301574782,0.113476432385092,0.320950991706575,0.362241960269826,0.53950492943993,-0.646642972627585,0.888790525242508,-0.728148718656878,0.471903787102672,-0.100711006632853,0.29418015473885,-0.354630829670529,0.514191488868042,-0.251558841940802,0.543715891278784,-0.481245594729981,0.531043106515568,0.103370966881896,0.583548049513768,0.174186719389476,0.58664633392558,-0.234567227874315,0.228526016268144,-1.0469593241821,0.373299172421034,-0.5594632252685,0.525797844192532,-1.0845514744462,0.354905083845894,-0.15482586475424,0.692219363356339,-0.235770139278658,0.574454493599242,1,0.985385235574969,0.992801963870048,0.996744992551067,0.984210911809743,1,1,0.990190819221881,0.995675524383764,1,0.997818211406402,1,0.982624997366413,0.998909091830528,0.971839340148079,0.995451170258242,1,-4.56316149651527,-4.40619328323727,-4.70221817465698,-0.494842741732234,5.06041701578678,-0.0846160788480073,0.455422794908471,-4.56316149651527,-4.63037137322791,-3.40241448929158,0.703361752691142,5.07126523278133,0.105215553308036,0.437500080733883
"2ddd18d49a8163e0fc79e28ea6273254",71.3697602391311,49.3355499223383,1.45086977845406,0.209213880937084,-0.57778204695536,0.86455515007002,-0.693441473622758,0.510267346955265,3.1611171091627,1.98085899549231,1.61382731995874,0.126212688255231,-0.0803518799878143,0.0696934168281758,-1.17352796238153,0.302571126399364,-0.066225069955567,0.466064511465102,-0.138425150797868,0.699254127369158,-0.943219952888351,0.83587568050848,-1.12227483171113,0.331841828797092,0.575098202005797,0.324617924545028,1.78328376066699,0.124661482638613,-0.162777237641514,0.140601784748457,-1.19581999596264,0.304910770802454,7.70393628512729,13.4602594397543,0.599547579087164,0.531082380676961,-0.374684183232391,0.30014897623764,-1.24833295043698,0.28667817646862,0.171041451710591,0.831184738899776,0.200286222511323,0.666389265333228,0.0151383498458855,0.275113255780252,0.0610019123336503,0.756395214898934,0.258812091702384,0.508475662479532,0.491417856359692,0.605119778889302,0.438700562975058,0.545726151882899,0.831422708810206,0.452099485537862,-0.318971225659616,0.213714403753141,-1.52948708430524,0.182279216370727,0.253776966208122,0.49171894999667,0.515942430382277,0.599697605697383,-0.973139676160318,0.647354077762833,-1.52033510513056,0.191263225045248,0.966013348762935,1,1,0.993237159074254,1,0.98752524222417,0.940675879962396,0.987634741796384,1,0.974731860222212,1,1,1,1,0.975650678154683,1,0.958184530223407,0.139089937022761,0.879255144888122,-0.330603236862066,-1.20646727561007,4.33204236980534,-0.233939180341459,0.374540443532858,0.139089937022761,0.033084613151912,3.16883068089694,2.53834518389502,3.534491227016,0.665875367102031,0.198444177741066
"42604f7f8bfc866837a5370b4b667382",-21.3475109441504,55.2799869876139,-0.384041206073263,0.59605800448124,-1.16066466947619,0.968725341486579,-1.2052856562594,0.302483717911788,-3.93627675922639,2.21953256156029,-1.79396319764248,0.159486583021987,-0.0460179444413048,0.0780907718967068,-0.608980031568113,0.532612278988929,-0.804780295681165,0.522220592853146,-1.54492276613751,0.184590679915907,0.509241205480993,0.936590284581989,0.541972088540059,0.559948272686335,-0.082298613481718,0.363731116264912,-0.219224029728596,0.641755366277386,-0.0996039470940644,0.157542884260235,-0.632026488901264,0.514113593949686,12.4258219101862,15.0820851870675,0.824889958386484,0.433170466689959,0.0741070642574888,0.33631390603492,0.220354356481397,0.605932671065451,-0.0928790133973148,0.931334131736891,-0.0945364579435081,0.637722673941578,0.229558030133478,0.308261633317001,0.752317114110486,0.477733357640958,-0.85945369612525,0.5697418605779,-1.5325216935521,0.218800084649673,-0.0086182949671123,0.611480658923959,-0.0201664066903489,0.612954070151529,0.0369155286104448,0.239464837771882,0.137927724667158,0.640429297446668,-0.00795583906696119,0.550966132944055,-0.0250999607355578,0.667833379854141,0.0622071378648412,0.725353726702965,0.0764584974378089,0.599338242833169,1,0.996879692802133,0.882521098830951,1,0.960954545047873,1,1,1,0.997521662204553,1,1,1,0.923720918486229,1,1,1,0.996022216306025,-1.74506916216478,-0.826761011288937,-3.25586406227402,-1.43793185771287,5.51864671625131,-0.236100562282531,0.390625002021689,-1.74506916216478,-1.45403935859827,-4.74722561081018,-3.25051995973048,4.70517968327453,-0.606499533664135,0.252918700395999
"de4edf45ab75f6490e1ada65b0e0306f",8.03049738894723,52.924997290889,0.157459608784306,0.57004847111954,-0.393034958300198,0.927456551053102,-0.444732689208532,0.541262244302569,4.5924385258185,2.1249779750118,2.18845938810283,0.0641648555940274,0.055091668271803,0.0747640170755227,0.745395961065055,0.466860220799163,-0.196709512704674,0.499973407522544,-0.396456183725207,0.563176230839445,-0.213934877574845,0.896690483760085,-0.243437639711836,0.57005855615078,0.261072742616419,0.348235761112711,0.764419287168525,0.464997359234421,-0.150049422349478,0.150831379980968,-1.01414123779479,0.354549746237791,6.55798946185255,14.4395713740915,0.463453030792882,0.526325622309639,-0.0760135263971896,0.321986554913166,-0.24138915325432,0.563165999297927,-0.977750882059023,0.891658248945166,-1.13000978357797,0.328466690533032,0.0711907998841714,0.295129340602826,0.25171523836295,0.53912902222793,-0.214017760279757,0.545470215728301,-0.393848716334777,0.553370235410762,0.508223234877046,0.585430894262561,0.896613817494967,0.409313630517587,-0.183060010149945,0.229263366020323,-0.819057202464672,0.427388310238511,-0.219307932120856,0.527494355235093,-0.423147851439578,0.517605382423991,0.408419648629273,0.694452841121186,0.593358193472274,0.474257575855915,0.997366733218324,0.996647375683938,0.832694820864614,0.98654584816381,0.992000823240723,0.996729876290486,0.99090707677838,0.980427781334688,1,0.995129138936847,0.972593768028404,1,0.989933870599207,0.981748691512242,0.987641938364454,0.987927681445928,0.997132498134758,-4.44909496869032,-4.438540709862,-4.46382888791646,-0.29826818543251,5.16605045171617,-0.0496266552917562,0.477481618044177,-4.44909496869032,-4.65536947765803,-1.08137435998897,3.52724559091071,4.27304844084885,0.776250515265107,0.187500652072834
"e1a9800482df461df81429b3b8f859a1",31.8973998337082,56.584110758179,0.564843549147135,0.548798523750517,-0.547719462657971,0.9915787793006,-0.564019357464923,0.577781460344586,-0.39332466712724,2.2718941001714,-0.174777653293763,0.680725158452817,-0.0250571922539049,0.0799330305049638,-0.316725131986659,0.665029489374799,-0.13999124404014,0.534540427312784,-0.26408746174664,0.672884884082891,-0.478208074964826,0.958685616364127,-0.498981804811053,0.583120326225796,0.127458082037362,0.372311986497777,0.344122642317157,0.653765242760068,0.0879888865021572,0.161259517194559,0.550160852945082,0.588268637543883,-22.2029498239564,15.4378903685439,-1.45160427430502,0.206314262468804,-0.162971876609681,0.34424797011728,-0.471742996775296,0.591287961989258,-0.437830293727332,0.953305464324373,-0.466457192915243,0.586031165935855,-0.126254824753304,0.315533909333491,-0.396519124793367,0.628755955198204,0.719012905889055,0.583182780953516,1.23973475948399,0.270070390125052,-0.927689220886611,0.625906249558091,-1.4987368531075,0.191244582249954,0.231699295612668,0.245114111662318,0.939981946387625,0.38537784921601,0.43554774249598,0.563964110510686,0.773731645040431,0.475594721504075,0.0505594210286153,0.742465724889093,0.0691000047010346,0.703833780012906,1,1,1,1,1,1,1,1,0.990203761339486,1,1,1,1,0.972302679757401,1,1,1,-0.310038308224001,0.0808363560556051,-0.685806542346866,-0.622144065258691,5.13321939662601,-0.114850406971277,0.438217731925416,-0.310038308224001,-0.313927808166572,-0.174701225483672,-0.488531922214888,5.21155088945478,-0.0723568731161219,0.457031305043806
"c38ee4acf990375c9b9df651cf77bf7c",-25.4344479730745,52.9474665841957,-0.492297052410781,0.587963305346055,0.529598520644737,0.927850302481379,0.567205595549965,0.575703842544247,1.8557991833398,2.12588013383721,0.874145061127115,0.401355947598048,-0.0482015128182791,0.0747957581187811,-0.645971982208949,0.54068127758469,0.129839681781212,0.500185671097683,0.26064936526054,0.688679947584206,0.47145385788647,0.897071173462802,0.538121672223333,0.574542843064401,-0.301115318853207,0.348383604511045,-0.87432288659588,0.412552471534554,0.105372305574789,0.150895415402605,0.691527646102237,0.515598273438159,-7.24120445924629,14.4457016902188,-0.498799446518205,0.578188381879369,0.133883610843326,0.322123254218098,0.42923429567528,0.609044432519222,0.612214874186878,0.892036802213951,0.683123509761036,0.515916026533531,-0.206782109060625,0.295254637684675,-0.690568469892963,0.523027316777696,-0.339958647159041,0.545701794961077,-0.638915166359281,0.521214796623666,-0.00918502388596252,0.585679438790617,-0.0150871924208827,0.7501495519156,0.245596152664022,0.229360699720451,1.06559305589899,0.328297353609361,0.328648601869292,0.527718302821151,0.625680651643292,0.54806322999684,-0.352533356299593,0.694747670887337,-0.516571919638991,0.602524027701271,1,1,1,1,1,1,1,1,1,1,1,1,0.99468575491208,1,1,1,1,0.506537720441838,0.0615046248099631,0.762094541759107,0.475029998014127,4.58905730539678,0.0877489274122273,0.450367647941022,0.506537720441838,0.344261970531596,1.44464142232129,1.77334870904786,3.49645117155885,0.404107863712168,0.296875309337306
"321b7763c5946d79f50284281735d5b0",13.0986776462558,59.4242060227667,0.223943367796209,0.619837728188983,-0.835531981891725,1.04134854960931,-0.805501050982213,0.465041197667124,0.102271194678398,2.38592603579936,0.0432121423306126,0.582834525750052,-0.058163552399127,0.0839450653037697,-0.699400739337094,0.508085138685019,0.264597376507918,0.561370322065921,0.473978122551034,0.557614182403078,-0.0388765067628902,1.00680439817021,-0.0404519284951377,0.644705498741212,-0.0185880614014367,0.390999238018272,-0.0477961024311153,0.640040526823718,0.0177833389781308,0.169353527774866,0.110029445700596,0.628565943845568,1.71560088629468,16.2127559402289,0.101270948342453,0.633008058521346,-0.079309844099914,0.361526619841977,-0.221407302241837,0.621908526294345,-0.528267926341397,1.00115420310732,-0.535195113422159,0.55879294713981,-0.182657091219403,0.331371329939864,-0.559431154147685,0.556054448639241,-0.0905832030868874,0.612454154708132,-0.144097163397105,0.596269316511163,-0.511366714681032,0.65732201896097,-0.799814091873314,0.467594503073035,0.0175755126112516,0.257416989952496,0.0680417862294297,0.650052813711326,-0.903620886430201,0.592270852071122,-1.53929039138034,0.220610660930189,0.392297952867435,0.779731900165542,0.506082705436517,0.560339279838457,1,1,1,0.997520959514641,1,1,1,1,1,1,1,1,0.987047300193811,1,1,0.925471103297581,1,-3.24663581916315,-2.76367791232347,-3.68270361689345,-1.01205577670448,5.54005283177833,-0.173953323021463,0.419384475502177,-3.24663581916315,-3.25051880010228,-3.16123837002881,-0.253228850658733,5.54983890816601,-0.0389089125708225,0.464843794925346
"01491b7ad3b35c7e644dd24ae831bee2",-33.0970335695057,57.6683440749205,-0.582186154969598,0.531856045568245,0.701867866070806,1.01057886137817,0.704108179326528,0.507197370417324,-1.51809787063472,2.31542687363924,-0.663244563348736,0.534879872645227,0.0227345383644021,0.0814646628593536,0.285530135717142,0.688970527707005,-0.0428997276488235,0.544782994221977,-0.0839381850755904,0.64939754211451,0.487567681009606,0.977055417914693,0.505828220222376,0.564477864312963,-0.281209968378257,0.379446022087879,-0.748052704735846,0.472574162096179,0.162393638002489,0.164349482537148,0.989374763214283,0.37395658101219,-15.2605734394122,15.7337026531853,-0.971811643701971,0.380470028893388,0.220809473079164,0.350844258605702,0.638449555212064,0.505131941624093,1.34981499656004,0.971572174388433,1.39438481978357,0.204789882420681,0.231123115683059,0.321579994930261,0.718855733669848,0.506003172653968,0.347076239084604,0.594357405638564,0.580842736742129,0.574739108386207,-0.59095820755193,0.637899517629899,-0.931394871587946,0.405315054419818,-0.0019062365567146,0.249810852190831,-0.010700975555533,0.718134536048949,0.0355853317520317,0.574770477702272,0.0616155768235767,0.714635598836407,-0.208322682862549,0.756692440917269,-0.276649004583819,0.70827055383946,1,1,1,1,1,1,1,1,1,1,1,1,1,1,1,1,1,0.847758334012591,0.519254181366115,1.26375496314123,0.730796739613632,5.01390475302939,0.126111344094143,0.413412955175441,0.847758334012591,0.92030646706157,-0.200247373933928,-1.15029121463292,5.14743503279019,-0.187735966837087,0.351562706989741
"a67690654fca1914946ee270222b7247",26.7088863201892,47.436609756309,0.568109854044766,0.593579609921785,0.206202447982237,0.831278162121173,0.252321287409478,0.724889909881864,0.986642148150986,1.90461513653661,0.51263093944882,0.620957729308536,0.116085013488086,0.0670108962374218,1.73805475173031,0.105446967711759,-0.0934783477696367,0.448125548137946,-0.213591713778395,0.734759011729937,-0.115642831084866,0.803702573975297,-0.146715497857994,0.683947575545561,-0.0826164231828823,0.312123282922466,-0.265611006003153,0.617274559941001,0.0300185878745449,0.135189979733726,0.226187153522099,0.738645932145358,-14.9517306358316,12.9421700025116,-1.16045627140098,0.288343779868098,-0.160114839326119,0.288596151800345,-0.560034177088892,0.594297806996744,0.318947422728061,0.799192188121039,0.397734800025921,0.672080436403492,-0.00600598342007474,0.264524063758868,-0.0186881082581755,0.830990217114084,0.104963130388257,0.488904281184489,0.215451711180628,0.796421862610917,-0.201994177677961,0.524720988038687,-0.384590160786083,0.648011129809237,0.276981081271162,0.205488472026735,1.35805760484264,0.209404865567926,0.520278181932803,0.472792539608699,1.11389271571614,0.311650515670274,0.312093835711847,0.62243722446249,0.506780884318273,0.621475658261928,0.994668907028713,1,1,0.998752655997172,1,1,1,1,0.999824790501384,0.992363484491964,1,1,1,1,1,1,1,1.71205111026043,1.62263876599952,1.78789278234881,0.0723109848764425,3.69757314929422,0.0146825113749045,0.492420762650525,1.71205111026043,1.61999730002194,2.59300149967569,0.703678400727588,2.20669567018172,0.25570524622033,0.402343879100395
"95c08da59378a0eb674c2b7dab943428",-41.6271691710759,46.5952956161286,-0.89611831308383,0.38753832555814,0.502711879537227,0.81653499063804,0.619814525147376,0.545677157971513,-3.50730639087892,1.8708357485449,-1.88982204863127,0.0975421646234345,0.00896032863187183,0.0658224214530659,0.13770432209709,0.763284158671757,0.550598905860545,0.440177797188598,1.24361841882666,0.247169235830995,0.841264473374821,0.789448470584299,1.07204697680534,0.324300870117541,-0.506889659861626,0.306587606305794,-1.65738275078792,0.147094667140253,0.105021451238308,0.13279231172699,0.779227628521126,0.471735627063091,-10.0005231344541,12.712633560433,-0.776025740146803,0.470979197419746,0.210764668029756,0.283477741682957,0.745373688866028,0.445083144263093,1.03393694832693,0.785018078882583,1.32054621892084,0.229894789148765,0.220922245214239,0.259832585248882,0.850594683420958,0.425000232584716,0.171078208868729,0.480233297168804,0.343833126987054,0.666038183127953,-0.399814170301335,0.515414775196871,-0.778097618243791,0.462410316342391,0.420660187970415,0.201844021926944,2.08905591416053,0.0532170724169873,-0.0179548914297539,0.464407306115243,-0.0381996905393736,0.776918686038483,-0.0393825395388767,0.611397960885157,-0.0582723188767541,0.713312544689116,1,1,0.91558913552735,1,0.997055573450666,1,0.994070199094858,1,1,1,1,1,1,1,0.95869244833745,1,1,2.0544857986916,2.08961871603521,2.01994844117833,0.372708352317491,3.74685261986245,0.0756788662312655,0.445107947692626,2.0544857986916,2.16898475456761,-0.323323891763982,-2.76726601804223,3.93051607127788,-0.611800907034728,0.143969782785868
"6a49b0df18b1abfe220ecc00d5cbf296",35.8558298638534,55.3897783762961,0.656944746762893,0.54127622805888,0.158962194522033,0.970649323496872,0.168722470319569,0.771103715920843,1.39275079570207,2.22394076741268,0.631025938566723,0.537114810596915,0.0564039103131637,0.0782458677054616,0.72078595894861,0.496170170699376,0.0987004047211459,0.523257773344896,0.188830041268183,0.738727679201123,-0.746983149826839,0.938450443268232,-0.802367238932366,0.475840613782387,0.0610794838803041,0.364453521361906,0.173349214671766,0.695416520273856,0.184048743849974,0.157855779631281,1.16864454131502,0.281353114034992,-13.9882332278945,15.1120396636718,-0.93203541870837,0.393794614082761,-0.276927395988797,0.336981857906634,-0.831196112387215,0.46556678169948,1.13520383969841,0.933183851196363,1.22858096095751,0.252218950326562,-0.0579357888662936,0.308873870668049,-0.186050914464659,0.731922939144775,0.13436920353183,0.570873422893159,0.245970392584722,0.709520318424188,-0.76013194158221,0.612695118520532,-1.2526355281314,0.254270706087156,0.391024752505775,0.239940438048079,1.63416728425663,0.128361168224321,0.292340105032399,0.552060404852374,0.534301229418373,0.612718863585671,-0.448566353076453,0.72679434920091,-0.612381479048587,0.567583215136927,0.994122282905676,1,1,1,1,0.994956676260086,1,1,1,0.989094095545285,1,1,1,1,0.997625440168608,1,1,1.70959190220516,1.66306404172389,1.75340394093053,0.0570728263889686,4.8254457520996,0.0107656401084902,0.491961414932379,1.70959190220516,1.62361212375507,2.35039142864194,0.942486052289987,3.06020499978177,0.237268416190173,0.346303716096689
"5c4a1032c65d0d99d6d6bee379b63a2c",62.2069931154584,63.6777705627223,0.989334676076754,0.392640838930739,-0.602311408439594,1.11588792608252,-0.549543751400584,0.565860691563796,-0.516783565409287,2.55670981332169,-0.198917741949992,0.649835282631765,-0.0840564246528911,0.089953824645772,-0.938679361226561,0.405295573360824,0.193179180001042,0.601553019581614,0.319829004453313,0.638459802434747,-0.808249715008422,1.07887111598361,-0.759728909148892,0.477775595655229,0.104157876313044,0.418986831043023,0.253187548604396,0.63383320500855,0.140254935663428,0.181475795932451,0.783700351520586,0.449954183118621,-11.7965495298018,17.3732595191222,-0.695494872957821,0.478288061032415,-0.405622854711902,0.387404572840132,-1.05920267876995,0.365537564410837,0.858014447049152,1.07281648187186,0.811412280980974,0.459623367373613,0.1304109483653,0.355090777500512,0.365936229260851,0.619630068645837,0.441799336448599,0.656293415662109,0.670368131332253,0.489323695747878,-0.491130914853988,0.704372906441287,-0.71324216242121,0.500176877718685,0.358685173958592,0.275842810905401,1.3195633291179,0.269284177850023,0.421702818314839,0.634665399058486,0.664125154057337,0.513122467112273,0.647949338521116,0.835544845481894,0.782598231606673,0.45893704780621,0.992472572817203,1,1,0.994923814504229,1,0.993134131369121,1,0.996468112763564,1,0.992248961488071,1,1,1,0.997820884164788,0.972997424984377,1,1,-2.24702327382376,-1.87133793539104,-2.65077618983115,-0.824898203911757,6.09669336771108,-0.127229488665719,0.431985295337241,-2.24702327382376,-2.30788774674197,-1.61837435169057,0.545529079764588,5.65647503037024,0.0946040807152464,0.459144020765433
"c4228a5878f56464e576996e95eefc5e",75.9260801710348,48.5182174860621,1.58325527028004,0.172330015237851,0.757072862123223,0.850232233466998,0.905310315494089,0.409588912555314,-1.65124812634338,1.94804249073552,-0.841818206201809,0.456479465933706,-0.0769336049397527,0.0685388195801821,-1.13856798882215,0.312617207142927,0.06304026430576,0.458343311575422,0.140601161238161,0.637620827708648,-1.00345650505159,0.822027891085853,-1.23544878064215,0.280782847505985,0.361689473781492,0.319240042682051,1.14789059033124,0.308504402417864,0.0713738427867259,0.138272462394614,0.519203802737619,0.561004145808713,-10.200074273208,13.2372659460541,-0.77173783306122,0.446495381769686,-0.416240036853102,0.295176466670395,-1.42688434579758,0.221899631453203,0.354746753422429,0.817414663392156,0.455711044934508,0.598386249166773,0.124044044732205,0.27055550811244,0.463588507745795,0.55735002685602,0.200629950125583,0.500051845320186,0.3902305092633,0.626747772639476,0.640289874984598,0.536685213128588,1.19920130600655,0.285561798663821,-0.0561773890172361,0.210173838895511,-0.275174852795329,0.662524431385824,-0.0944546993189656,0.483572738025858,-0.197805172431354,0.687236509293048,-1.54566268975277,0.636629488975556,-2.45871793086276,0.0469040877136781,0.966415734748619,1,0.987329928498049,1,1,0.989075706929196,0.99236654683086,1,1,0.976231045972069,1,1,1,1,1,1,0.697576422830265,-0.859568860056832,-1.07092537950433,-0.540246784396906,0.320093212329583,4.60600476183858,0.0621859998152101,0.46966911818284,-0.859568860056832,-0.781380995554626,-1.7811165126891,-1.0457271714259,4.01299430169791,-0.203706247576692,0.377432071143519
"f55e6f0203460ecfb665c9dbc579b714",170.146324191515,55.9933293142167,3.06544582480354,0.00835619117802806,-0.747328024693198,0.981225937571922,-0.767194596161556,0.47667642253735,-1.06415358516308,2.2481737861284,-0.473907028373292,0.635041992355081,-0.0511531818989443,0.079098468460085,-0.643744170851328,0.544126073337797,0.350970432011473,0.528959415942762,0.663511922985198,0.528096854694496,-2.85443037912535,0.948676204443494,-3.03411674615688,0.00890393099793726,0.990733656711975,0.368424764271602,2.70672535358258,0.0169800384060626,0.163335128346029,0.159575844355235,1.03994093027007,0.35326731181626,-21.9339268645131,15.2767069719781,-1.45127179030042,0.204391469339403,-0.982440735809367,0.340653757711325,-2.91034897902515,0.0117118313093507,-0.226897028900121,0.943352225310731,-0.239496139076921,0.698346915049714,0.047296063863601,0.312239493709081,0.152679570912036,0.754444591593419,0.141698446917855,0.577093906165008,0.240827369853568,0.630731048636032,-1.03345365223349,0.619371309043092,-1.67044666342076,0.127306945710598,0.0675490587451774,0.24255493264752,0.290225289811152,0.687947653286191,0.769502718937876,0.558075893357743,1.38602395778351,0.206625653065284,-0.784072457307388,0.734713814199589,-1.07648054318405,0.352529197226533,0.337345224484179,1,1,1,1,0.358092605662221,0.58227455008302,1,0.992230206874192,0.462742409698204,1,1,1,0.994694937936367,1,0.996194686519163,0.989494199518628,1.19361321030157,1.99050705139295,0.2478341395872,-1.21358872238493,5.49148131889951,-0.205842343152807,0.392922796092737,1.19361321030157,1.15439541895823,1.94787124419428,0.365700742931315,5.82502054031688,0.0493760855231013,0.46303506634964
"b73c9d186b67a61bce0ba79c990aef39",91.9606176951349,60.0216550017119,1.5453523076077,0.176117571862273,-2.27257365758813,1.05181823308227,-2.17915104558336,0.0567015234179269,3.55621578809592,2.40991405632724,1.47898314378476,0.157297167461269,-0.028576323761976,0.0847890461814277,-0.351316469422092,0.658079299550686,0.55338642105629,0.567014320499823,0.977590361157764,0.362629974630187,-1.21685129940833,1.01692677590049,-1.20629271401432,0.285137129232614,0.521726738654225,0.394930331273988,1.33154137789493,0.239762416650241,-0.0789769591321367,0.171056202476335,-0.463375307153086,0.598274086088547,-5.49098414938257,16.375758445953,-0.339972434751551,0.629167403983247,-0.506084671618686,0.365161396380738,-1.39701216499126,0.2225819685962,0.918006145969051,1.0112197739655,0.912987674608532,0.407658624789878,0.313234845081817,0.334702926202984,0.945947507274158,0.376115508684105,0.564116170103358,0.618611748286091,0.922846841337036,0.403404315423688,-0.23110159583864,0.663930712544792,-0.352090624666973,0.64083431675881,-0.0642116150442941,0.260005051755986,-0.247166791282707,0.659084470860376,0.190420605857758,0.598225523399727,0.32523906003976,0.6716840930511,-0.446810489233777,0.787571298599008,-0.575672098004083,0.579744209966312,0.980484367783964,0.842600896245406,1,1,1,0.99709011094549,0.991001487287818,1,1,0.987038891529068,1,1,1,1,1,1,1,0.795954293644562,2.20984605848703,-1.79675075078567,-2.35026017341645,6.16399570864326,-0.394147456170872,0.308222328253245,0.795954293644562,0.597412744035566,2.90867952398071,2.32155046784577,4.21732701978778,0.526793388371944,0.222656759381585
"6960eba3db7d4d863d042ab497d7481a",4.25569064420266,52.9928393366579,0.105373513036924,0.626425747581076,0.255344552861189,0.928645413651231,0.276984370750759,0.657761806752908,4.65019527648608,2.12770188356953,2.20573731718655,0.0406147475548111,-0.115577002513284,0.0748598535257436,-1.56125048769847,0.181620480614098,-0.24806399453092,0.50061429973856,-0.501261345131353,0.60094859601794,-0.22920820382779,0.897839908794638,-0.282921920955909,0.595959505563615,0.429257988017869,0.34868214803105,1.27158899344765,0.286981313069223,-0.299094918130744,0.15102472357866,-2.00065566918592,0.0918491736149169,32.5548207534381,14.4580807763058,2.27576115569843,0.0608089413411352,-0.0519857273974395,0.322399294218099,-0.186485450088086,0.632349223368074,1.74661350669642,0.892801223396401,1.97143816385461,0.0893447454400736,0.0901511877430831,0.29550765291757,0.310163342007578,0.673710497538492,-0.904443004216546,0.546169428146539,-1.6817618709,0.16147331188997,0.983001193128164,0.586181330380769,1.70263662267521,0.154713008213029,-0.384995833530175,0.229557247863816,-1.70658345242747,0.147293135041048,-0.440260669394784,0.52817052524969,-0.841186160360826,0.446419001445555,-0.722012008738432,0.695343027306227,-1.05187918692208,0.377402015613369,1,1,0.924007269544431,0.97797675988579,1,1,0.983802963612112,0.873305292726194,0.786991910377898,1,0.91149215027603,1,0.92241751990791,0.966507751298367,0.958005468358823,1,0.981713175059641,-0.371470619767025,-0.293613488486889,-0.484156639533532,-0.196288542571243,5.52893115128562,-0.0356472398504539,0.482536765013602,-0.371470619767025,-0.675422945246554,1.97032063414383,2.91486457595006,3.7653340587887,0.769370495517289,0.140625945295546
"d2a7d567b64364c09cf4bea1e3f5aef5",-18.536657096602,52.0839568881892,-0.372265695523934,0.498605097193232,-0.776790267949559,0.912718176539882,-0.842865119910105,0.406669811095616,0.623797866314074,2.09120957778337,0.304991728075634,0.531938901999425,0.0490452251403635,0.0735759289839344,0.674564659762498,0.443431393633044,-0.306883967042145,0.492028242524409,-0.638552876795661,0.483704333828419,0.106216170076235,0.88244101821144,0.133171686897344,0.53488525162915,-0.0677788979806924,0.34270188563321,-0.207808555633482,0.537306342487035,-0.030550643324791,0.148434492100904,-0.220362104516688,0.551105804276445,9.94435569586251,14.2101096160393,0.725436053128031,0.416713991433122,0.0488765254362105,0.316869810167396,0.167037206065941,0.534950339209864,-0.357543054331063,0.87748875152145,-0.417741961750292,0.529690627781647,-0.254414605971959,0.290439388554177,-0.889892800942548,0.420366117732075,-0.145208285154928,0.536802052981397,-0.284497791627517,0.525449808433499,0.557842357359093,0.576127709373249,0.987762157828219,0.378250655709838,-0.00670923525681263,0.225620101711356,-0.0349601366640807,0.569990433249842,-0.127262453656125,0.519111850036077,-0.26505526727528,0.553026822284394,1.13210048860534,0.683417169377219,1.68917954983818,0.186881439109739,1,0.976772879190794,1,0.967783842424517,0.990355834444636,1,0.999524531668082,0.997100034100193,0.983155526728563,1,0.998474163704039,0.970524846318917,0.992744388746418,0.959603527638848,0.99250027417523,0.995249456038902,0.883714183735053,-4.85561832625054,-4.74023499942715,-4.96425060344766,-0.304614336277461,5.00873057938313,-0.0576315567395109,0.470128676998193,-4.85561832625054,-4.85947147489269,-4.72043465180393,0.326087622764716,4.98217475433608,0.0563978448657548,0.466926111951107
"6545176af2fa076f03140433793c0d00",-48.7838258391022,43.0572422219209,-1.14754680748601,0.290224678086176,0.14054319939594,0.754534216591738,0.189217041152209,0.790035745957782,1.27619234145272,1.72878027529122,0.751364125092528,0.471122545610369,-0.0611068279140642,0.0608244224371228,-1.01967354204815,0.336440108332108,0.264923605549271,0.406754411226456,0.648745188274235,0.528970611451253,0.60836700659014,0.72950441820799,0.849161243653593,0.428298510515484,-0.167250065038832,0.283307931678368,-0.598148557214102,0.564493607475133,0.0655716786343943,0.122709184599716,0.527840635932433,0.607738737750255,5.38581769292851,11.7473434871957,0.462827238415191,0.645356715530857,0.344677235847856,0.261952835082803,1.33488347439065,0.218189029376922,0.517703207220176,0.725410433050983,0.722685486696917,0.493053155484608,-0.0787381948075574,0.240103092217243,-0.338255185618013,0.668306555133764,-0.629126617162604,0.443768434684457,-1.42230409427349,0.194631217068615,-0.147331647564381,0.476278528271143,-0.308121793159943,0.731833697784355,-0.346115862248316,0.186517690857763,-1.87814293907392,0.0800023091347406,-0.601064993565231,0.429144135789372,-1.41421389615726,0.176142179647293,-0.562910536843617,0.56497356112295,-0.98950437144715,0.378095669218061,1,1,1,1,1,1,1,1,1,1,1,1,0.989323574340799,1,0.995515247852705,1,0.994264462479376,2.90304155905645,2.88776666296798,2.93658386185176,0.170982362041688,3.20166745932656,0.0394086574820266,0.475643382782626,2.90304155905645,2.84483328991221,3.83672943223742,0.713319021708833,2.23734682597576,0.203008654601872,0.378906413571975
"ebc68f0a3a40711c1b0df994d93a6cac",-21.3504469848722,51.2179177435388,-0.416329672181989,0.454507268209698,-0.124396298204016,0.897541724592992,-0.135122438049611,0.562673485047021,1.36003196174204,2.0564374624866,0.679636743486676,0.459135888797154,-0.0209383669954258,0.0723525266464181,-0.285566207322515,0.508372643257906,0.0550778464614977,0.483846918681936,0.0989212135223871,0.51569709437641,-0.0304022811627651,0.867768007359809,-0.0443282288441764,0.487729373540663,-0.0361284278786161,0.33700352349569,-0.0974287703451316,0.496728191128782,0.0368328493306412,0.145966360102952,0.251953835763232,0.534301874983937,3.31380480443839,13.973827430266,0.24342486805791,0.557869321335653,0.0600880719224809,0.311600977387428,0.188737940240933,0.481097559363946,-0.0827515535831997,0.862898085734682,-0.0889813670766824,0.493772597876325,0.237758966434147,0.285610034283414,0.838162407501896,0.391992824553935,0.331868802532376,0.527876241299911,0.625860604873989,0.461672752452498,0.292823187861437,0.566548000410158,0.533381336417195,0.45658711058205,0.0700924518103923,0.221868546499806,0.314750728851203,0.549435051216005,0.117450424354045,0.51048018667094,0.241413591779829,0.522096218433463,0.291534346277211,0.67205347782672,0.453345933676851,0.486173558803818,0.993119479296794,0.99952484656758,0.996381988884397,0.998735714032498,0.996952989575488,0.995312487917689,0.995682272644999,0.991974413669672,0.984756735657099,0.99456999024676,1,0.978363460629021,0.997824255773177,0.998546130605001,1,0.995965851285654,0.996851007967503,-4.86149943772163,-4.86902590855362,-4.84815349281455,0.198410347992793,4.76104205116297,0.036896766336236,0.482996323829015,-4.86149943772163,-4.9348554171123,-3.19096903129231,1.61493846424426,4.7594658257268,0.264215053561169,0.361867892959493
"719ab97ff4cf3c7b809b054134f4dc70",32.7856145695455,47.7670778462307,0.676648695001475,0.513836359595136,0.614877655814975,0.837069278051275,0.755213854364297,0.467622914126052,2.55360348404936,1.91788367595038,1.33037610045177,0.191423344954166,-0.00153166901762574,0.0674777289853203,-0.0301752955789088,0.924695061106744,-0.148733131475889,0.451247423725157,-0.320813800240268,0.714443129873917,-0.56326036430051,0.809301584019463,-0.686387735008817,0.508768523459444,0.146741637428411,0.314297696010951,0.455850405864428,0.652372983338181,0.100371896904319,0.136131783429408,0.739643959530544,0.468854223447429,-14.5188104799516,13.0323318884926,-1.11186520173087,0.283859530628775,-0.138996939360104,0.290606662659661,-0.467661075560513,0.644731089292676,-0.0349225483390294,0.804759776472009,-0.0485646090784907,0.848308557898538,-0.52344035327366,0.266366875935746,-1.95650465150824,0.0610018615553119,0.0228348662904958,0.49231024263046,0.0510261429266915,0.862991750548821,-0.900151281923954,0.528376467288781,-1.71859511117327,0.10154197386411,0.0728088011996025,0.206920011573943,0.354990631572104,0.726044912283495,0.0995151385005683,0.476086258284979,0.211540773844418,0.823336876839664,0.328342352884119,0.626773445826558,0.505540990023258,0.623069257147704,1,1,1,1,1,1,1,1,1,1,1,0.995445612300617,1,1,1,1,1,4.19027430075439,3.82973850583544,4.66258207740042,0.803160564700891,3.5764858326509,0.180451909982202,0.397518384235662,4.19027430075439,4.11564633793081,5.35302098156308,1.50647601179514,3.20302681662258,0.397848702994208,0.315175367372265
"3fae853851bfe19cdb50e15749f373b6",-22.3734281036656,20.2084032825432,-1.10780201691181,0.283216339758431,0.430983556905764,0.354131638546994,1.21812092705288,0.236018958753846,0.189967074110484,0.811382410650647,0.233505875520283,0.804031963816944,0.0197576273967456,0.0285472174855492,0.692615955198395,0.499023602231238,-0.0710183870334161,0.190905333338623,-0.371435022092161,0.714761708319158,0.453085894345155,0.342384201095879,1.32399850905717,0.200416365232447,-0.147606474613914,0.132967199965838,-1.11068102576133,0.282444250948414,-0.0572754334139435,0.0575920927792405,-0.994805306957138,0.333901956032374,4.01909458357324,5.51347560682714,0.728870102538325,0.479073814929877,0.168954641549993,0.122944439987003,1.37506762439069,0.184350714519835,-0.176087844263484,0.340462737973388,-0.517534531594962,0.615307065943297,-0.0692032615048118,0.112689523678817,-0.61309734240423,0.549739912070301,-0.0641913442495849,0.208277423945206,-0.308532776832296,0.753758550949544,-0.092031981605208,0.223535648765246,-0.412295368436883,0.684127081143701,0.0607584894551359,0.0875398544280999,0.694629801678727,0.500239772402216,0.165945310246591,0.201413683618477,0.823938166679134,0.422319360257344,0.0910593323443166,0.265163604958762,0.34310911477918,0.736796187225912,1,1,1,1,1,1,1,1,1,1,1,1,1,1,1,1,1,9.10771897742303,8.84653104447142,9.3069984074993,0.530404399887343,1.92712831668263,0.25288557433014,0.385852092149618,9.10771897742303,9.08011759174889,9.28217062977626,0.0332326305364066,1.95800629610318,0.0138491369448409,0.49218750993648
"a99fb503372ef5103fa41e0c743bbad2",-17.6423776843032,50.1527999296708,-0.355915817631574,0.713667021407352,0.934046908644325,0.878876622189949,1.06545438434752,0.318174962364851,-2.1210637177559,2.01367219066576,-1.05710937672656,0.33814807196433,0.0560175718675162,0.0708478976336703,0.794817384959483,0.460473290881926,-0.316600137295762,0.473784932662633,-0.662027254407541,0.546112299887467,0.0269520639404886,0.849722073365151,0.0333241862878986,0.823242810344712,-0.146538693337155,0.329995264042252,-0.44685299819025,0.652876890028746,0.103849508514107,0.142930872187383,0.728512268873071,0.484540094630899,-2.59759703383553,13.6832304442967,-0.190043929235378,0.78396009438553,0.0921101547209834,0.305120984321409,0.306546684820765,0.742214447207012,-0.761546128994532,0.844953425678981,-0.900572357426082,0.402823078760849,0.0144100619793542,0.279670543793816,0.0518912353062231,0.676986462315151,0.273718659064208,0.516898630086946,0.525486257672044,0.577865725161612,-0.309565544542846,0.554766178847835,-0.544878750914327,0.598470686296056,0.0541848067743063,0.217254611540614,0.246975582063417,0.774919050442904,1.11384140910379,0.499864340412362,2.23260298977171,0.038310359347798,-0.262746015546457,0.658077584962636,-0.400483085020091,0.653652032836619,1,1,0.995384854401421,1,1,1,1,1,1,1,1,1,1,1,1,0.912404456468478,1,1.36114759391513,0.888050507819768,1.72044830336511,0.663348490970264,3.85743701824143,0.134825941696095,0.418925127784687,1.36114759391513,1.36150145995939,1.17591957847809,-0.458849080648949,3.80592563167717,-0.101822393924426,0.45312506013283
