"","Intercept..Est","Intercept..SE","Intercept..t.val","Intercept..pval","CASE_CONTROL.Est","CASE_CONTROL.SE","CASE_CONTROL.t.val","CASE_CONTROL.pval","F1_SDC_AGE_CALC.Est","F1_SDC_AGE_CALC.SE","F1_SDC_AGE_CALC.t.val","F1_SDC_AGE_CALC.pval","PM_BIOIMPED_WEIGHT.Est","PM_BIOIMPED_WEIGHT.SE","PM_BIOIMPED_WEIGHT.t.val","PM_BIOIMPED_WEIGHT.pval","PM_WAIST_AVG.Est","PM_WAIST_AVG.SE","PM_WAIST_AVG.t.val","PM_WAIST_AVG.pval","PM_WAIST_HIP_RATIO.Est","PM_WAIST_HIP_RATIO.SE","PM_WAIST_HIP_RATIO.t.val","PM_WAIST_HIP_RATIO.pval","PM_STANDING_HEIGHT_AVG.Est","PM_STANDING_HEIGHT_AVG.SE","PM_STANDING_HEIGHT_AVG.t.val","PM_STANDING_HEIGHT_AVG.pval","A_SLE_LIGHT_EXP.Est","A_SLE_LIGHT_EXP.SE","A_SLE_LIGHT_EXP.t.val","A_SLE_LIGHT_EXP.pval","NUT_VEG_DAY_QTY.Est","NUT_VEG_DAY_QTY.SE","NUT_VEG_DAY_QTY.t.val","NUT_VEG_DAY_QTY.pval","REFINED_GRAIN_SERVINGS_DAY_QTY.Est","REFINED_GRAIN_SERVINGS_DAY_QTY.SE","REFINED_GRAIN_SERVINGS_DAY_QTY.t.val","REFINED_GRAIN_SERVINGS_DAY_QTY.pval","PM_BIOIMPED_FFM.Est","PM_BIOIMPED_FFM.SE","PM_BIOIMPED_FFM.t.val","PM_BIOIMPED_FFM.pval","Intercept..pval.holm","CASE_CONTROL.pval.holm","F1_SDC_AGE_CALC.pval.holm","PM_BIOIMPED_WEIGHT.pval.holm","PM_WAIST_AVG.pval.holm","PM_WAIST_HIP_RATIO.pval.holm","PM_STANDING_HEIGHT_AVG.pval.holm","A_SLE_LIGHT_EXP.pval.holm","NUT_VEG_DAY_QTY.pval.holm","REFINED_GRAIN_SERVINGS_DAY_QTY.pval.holm","PM_BIOIMPED_FFM.pval.holm","CASE_CONTROL.rab.all","CASE_CONTROL.rab.win.0","CASE_CONTROL.rab.win.1","CASE_CONTROL.diff.btw","CASE_CONTROL.diff.win","CASE_CONTROL.effect","CASE_CONTROL.overlap"
"7e464b9b7f9ca86103a675a09263efec",-16.9729552276513,10.5548268976049,-1.64031434020212,0.123395803950522,1.12783067157085,0.5464602811138,2.08026490946124,0.0488939609341091,0.0209165749062248,0.0379611772043923,0.540307590349382,0.593398200271148,0.0166033592783653,0.0781698640514297,0.197684615180605,0.749220588874018,-0.0534258403169848,0.0948163984825455,-0.574335163148366,0.578634038802542,5.57555520080742,9.8286969200292,0.596252136736479,0.565200375424885,0.09264135717279,0.0578570576561495,1.63008375900952,0.129265406438846,-0.0884853675738599,0.465194285922141,-0.179081834787143,0.727973038283437,-0.380882901517545,0.245537859673377,-1.60209624152503,0.164083514630836,0.382934410297592,0.306999576507413,1.29216853979015,0.232702233542643,-0.00620742430270986,0.12052899906433,-0.0408389574174166,0.795716715710661,1,0.983255546313485,1,1,1,1,0.99563147687893,1,0.990122474005936,1,1,2.0727935853611,1.79369312705431,2.29497812073138,0.552587823094306,2.16245612666551,0.193790313095404,0.392003678464284
"41f01f3e3cbf6beb908ae1ebb553208e",19.1009160665717,21.7344114083474,0.893178438999218,0.414504141796733,0.141377189754379,1.12526644759504,0.121709164057809,0.664066334856718,0.0286158465462924,0.0781693391004509,0.364949296872138,0.648496337379875,-0.0687316560797068,0.160966731288969,-0.424899987264829,0.597495907738601,0.169324459144119,0.195245135980873,0.870143489564343,0.424056096810153,-20.7843907467307,20.2391706221488,-1.03078236804427,0.373061354890123,-0.118079139944131,0.119138769984051,-1.00654538057556,0.385263427360138,-0.185895544471882,0.957924188916684,-0.209083540058568,0.615585660166918,-0.242529846720786,0.505609510249496,-0.491180870269837,0.548804244156063,0.357239580825442,0.632170964311563,0.572860715240737,0.564937523510337,0.0772653990285842,0.248192308383087,0.311984231063834,0.629736155395596,1,1,1,1,0.992397064464934,0.988205493396816,0.994968779066244,1,0.997474200128708,1,1,-4.35137974526034,-4.52816139934662,-4.1338871469801,0.41784936912505,6.43555239424665,0.0633060599364259,0.468750000552142
"bc6f21affc11d8c4a5d6454f728e4add",16.1340354341859,17.4023902267621,0.95052759305936,0.413550608483733,-0.593426634679265,0.90098256917187,-0.666148108633926,0.473173118971444,-0.0270272462185992,0.0625889202719188,-0.443061108128087,0.534262649835842,-0.133552228386831,0.128883447487387,-1.0677965241802,0.373398843020337,0.135018925669746,0.156329609409686,0.892707763936713,0.418812598404033,-12.9105284246059,16.2051752134121,-0.818296279470615,0.432213016949235,-0.135692132394921,0.0953924781971609,-1.4510891113292,0.246044286647092,0.052573520143498,0.766994340448543,0.0816094897209317,0.544164399158063,0.321883887181953,0.404833323268395,0.810954348682696,0.430764897238269,-0.433344203517155,0.506169024055241,-0.874871760890297,0.420304539436928,0.228290199338593,0.198723550438754,1.17181792166406,0.326952862122478,0.970552210585691,0.992868969217831,1,0.984706558458048,0.997272172911627,0.998761188501801,0.936066245796439,1,0.996046866534105,0.990556861984945,0.979957086182461,-4.58512012451003,-4.36551676982804,-4.83216326460444,-0.515548007670308,4.91542361111664,-0.0839172025814784,0.454503677277987
"c2ba82ad21732bcd0ef11c61560cf91c",27.6416972778315,21.5328547815395,1.28347874508492,0.245547264937041,-0.525967139409231,1.11483115651786,-0.46937933830868,0.638106320206854,-0.0181560937364288,0.0774444265176863,-0.236064588309097,0.714147281065897,-0.113267729225523,0.159473987327454,-0.71954243475274,0.496699311076518,0.135535326905565,0.193434507191825,0.702279950414187,0.502081292702887,-12.1241408195313,20.0514802870692,-0.600855543671326,0.572668365782126,-0.131789106320463,0.118033922553455,-1.11800817009673,0.304893084082003,-0.203684688585518,0.949040766005971,-0.202605126911101,0.753017152614354,-0.41404535515309,0.500920680841916,-0.828931804389207,0.454661444135714,0.506601537097376,0.626308452337412,0.81809124042842,0.434766654171974,0.0637636014165484,0.24589066774799,0.263257475933807,0.682666549523584,0.997058113095941,1,1,1,1,1,1,1,1,1,1,-0.261602146559666,0.577487879216797,-0.647980766598231,-0.435312792664796,6.06484897580383,-0.0668265478233496,0.468290441736797
"250a576e3788b3f444938c7b08afb2e3",-9.22916786535566,14.1613703817718,-0.641578127675039,0.528433233492385,-0.0514009390518149,0.733183643356165,-0.0612201040997305,0.879157345954506,-0.00168581285503008,0.0509323644750115,-0.0421180356059489,0.861998988121709,0.0677337086027824,0.104880203935532,0.657487292546682,0.51854280867142,-0.104230334582281,0.127214794728815,-0.824921252664158,0.415162886956181,29.099978953756,13.1871246023274,2.20352542638176,0.0322371009212847,0.0295391836827869,0.0776265902431973,0.381351792875183,0.705171036678328,-1.41680440774576,0.624149372257554,-2.26399492230491,0.0288845726449433,0.269949313266591,0.329437195637117,0.814658403518692,0.430293766524823,0.295804027504463,0.411900143142572,0.715159155397535,0.481180896621756,-0.184516667614875,0.161713291373969,-1.14653291712127,0.259204660834319,1,1,1,1,1,0.998349487478405,1,0.98857317288186,1,1,1,7.2642987554922,7.23990654603508,7.28368807999134,0.18606416328344,3.36524289121444,0.0455268357143381,0.474264706336485
"eedb6e6a512baecd8df273d5495ca5c0",-3.69641604681811,18.7373761219879,-0.188681281020628,0.536893791101478,-0.207412474084957,0.970099455186702,-0.219104229908795,0.560084160593504,-0.0225117549559327,0.0673902909268491,-0.346392356297403,0.566811495940096,0.108457598363391,0.138770456242031,0.797320003316182,0.436819994327434,0.0997261758836958,0.168322089801669,0.591978607536896,0.552034352814825,-13.4474513857857,17.4483194055414,-0.776027569695129,0.461290782359989,0.0820311731857206,0.102710301280337,0.803212787350072,0.44417606446596,-0.0429909804909859,0.825832615701223,-0.0566473403076993,0.586216049791572,-0.251040773377432,0.435889216708226,-0.583889368640489,0.524774139886932,0.55639586446333,0.544998661760685,1.0320868199931,0.359440145790767,-0.311885573605367,0.213968188297577,-1.47961322238696,0.225432754611769,0.998697971071618,1,0.997078424103665,1,1,1,0.999562543708451,1,0.997891519985897,0.996016339537927,0.964080122379706,-4.45157203011952,-4.35868152767465,-4.55199040007605,-0.238716641714195,5.54822068434826,-0.0406805827876632,0.480477721979069
"ed32eeb458a2b9bdee12e2db96fcb98b",43.8192889548253,20.9528231292831,2.11142068694378,0.0591015194541653,-2.03703356840986,1.08480089047732,-1.87927877427561,0.077397128013029,0.00642913378808212,0.0753583018896778,0.0808119005247951,0.822027612310286,0.0517982916924884,0.155178228065623,0.343940865325681,0.645063470913783,0.0693673988673806,0.188223951603717,0.368954972070561,0.677777052251223,-25.1662614250202,19.5113524982046,-1.30021379046478,0.235790050719169,-0.136827989068833,0.114854436516161,-1.19816819568099,0.269526734458491,-1.97834611487918,0.923476404515127,-2.14289655974394,0.0533196486469347,0.32431235791069,0.487427353872228,0.671837488435253,0.518723214093094,0.313681261170039,0.609437548311121,0.521485841609988,0.584625889012082,-0.0786154533941326,0.239267097778504,-0.341058311372034,0.671665944967528,0.902093918207269,0.996214871588486,1,1,1,1,1,0.889879135790815,1,1,1,2.25571014584207,2.33564557067747,1.35695544609715,-0.568837484170836,6.59801044244945,-0.0775605529675531,0.463022508692349
"645dd8b575c7e7c0952933bbe90b4bb9",9.85117334336338,20.5222908257955,0.488726136366584,0.563172171997136,0.14133742011759,1.0625107282724,0.136195902396218,0.657369322417279,0.0245732745099795,0.0738098621830431,0.342870974102888,0.582044290392889,-0.154505041358262,0.151989672539335,-1.03161157276576,0.373264652008892,0.16759770580956,0.184356382495942,0.918499611571625,0.410216837521395,-16.5966014204871,19.1104390994049,-0.875368838255387,0.441036426338713,-0.0875765710283902,0.112494442122376,-0.788709217968599,0.458778165006757,-0.00646910314880093,0.904501089293922,-0.015024830415859,0.604207200724135,0.438375272319131,0.477411843305913,0.927949927273368,0.401992963999016,-0.123865803168898,0.596915008990894,-0.205850892664694,0.603798687186333,0.176169060633305,0.23435070946559,0.758618316092524,0.471487096884101,1,1,1,0.981164115492451,0.99185768047348,0.991366072293489,1,1,0.996875273958476,1,0.997779708692492,-4.36698869343991,-4.53563549915932,-4.20584687548116,0.281865833624358,5.78840977098704,0.0524563112034517,0.479099678824733
"0f898170dbe4592000abdcde0dd2ba2e",3.0466956426749,14.4198906948002,0.233138469563055,0.790357690474795,0.150562622828955,0.746568143575983,0.233620683972477,0.761116932478293,0.0258043825929926,0.0518621509612336,0.494295065921511,0.626444774932703,-0.0365441464039557,0.106794825361351,-0.361820814699115,0.714747949086401,-0.0012831311081514,0.129537141201546,0.00507828860149749,0.871170062763782,7.3273006130468,13.4278597492964,0.531996298027527,0.601861590405864,-0.0418960727478448,0.079043688297128,-0.538989985823444,0.600516942153567,-0.486134181432633,0.635543417236436,-0.756906842487058,0.468079680525783,-0.334874298355107,0.335451176250811,-0.989263655629348,0.336368504773469,0.307312788033767,0.419419511047725,0.725013830689077,0.477974454616415,0.104371461352418,0.164665418857385,0.645413932139932,0.527597517836949,1,1,1,1,1,1,1,1,1,1,1,7.38324357213248,7.18562613219057,7.6206458416665,0.59097756212036,2.24984622695378,0.163579522766877,0.381258614982529
"b5c3abd1c966bb0457d8dfe34c35b160",-4.08944011801138,22.463865722809,-0.183945871486067,0.76086984407648,-1.40882340313113,1.16303284713977,-1.21575556652691,0.263741097579077,0.028402576803719,0.0807928728412146,0.34778535160854,0.693699700329353,-0.0842234906098198,0.166369126339724,-0.509656490495027,0.594249588254867,0.0929466762118304,0.20179798915656,0.46634313329313,0.633345690307527,4.04130414399118,20.9184413902443,0.192132243381482,0.718649082640937,-0.0386752672877259,0.123137327301832,-0.310863562034354,0.687944793740155,-1.49749208074124,0.99007421678742,-1.51026812640338,0.176847947984407,-0.181476747187023,0.522578869656334,-0.345190399483142,0.687655816349749,0.987770780287658,0.65338800252486,1.51410997452274,0.162035491800291,0.0698016765189779,0.256522184300347,0.269646006206342,0.702518840935085,1,1,1,1,1,1,1,0.994252936129239,1,1,1,1.76219883244639,2.04586048069562,0.957874443950815,-0.629469691182061,6.86409047778299,-0.0903585621305433,0.443729904539087
"ca39c1dfb5e738c293917a0ab7391c33",34.645244576235,23.7483023324581,1.47194557401558,0.203912487172577,0.865888817999949,1.22953261995376,0.708992809439663,0.49075843335757,-0.0202742329376514,0.0854124394356949,-0.237092800964124,0.655717070464197,0.0203930231302457,0.175881763177163,0.111453937502011,0.689072844933576,0.0363293016482084,0.213336373877365,0.172845452994603,0.651125275819386,-12.0923562082495,22.1145138859567,-0.545724430633084,0.569363670015176,-0.188217198731835,0.13017806076919,-1.46227218587047,0.205330751318604,-0.417457044576921,1.04668457877958,-0.41508566570994,0.597011196176671,0.8514536178268,0.552458830652277,1.55284843749425,0.178113941528084,0.199207236143364,0.690747354699776,0.297734510656934,0.645641490608505,0.00924679393778789,0.271189583436729,0.0365868233103815,0.686851473940059,0.971536545062774,1,1,1,1,1,0.968449541375074,1,0.993623376858766,1,1,-3.77543371944346,-4.23078901757974,-3.03535554565827,1.08535548538933,7.32854288672475,0.145489690271419,0.434083602465705
"7d669e880492b330a9c9c649f65c2ba6",6.08572056029015,18.6267284524942,0.3240842089097,0.626987019541165,0.677572836617996,0.964370838586668,0.709443249538208,0.49214359786551,0.0448271455996288,0.0669923388022287,0.674486435670043,0.506511924868002,-0.189799824008134,0.137950991047022,-1.37894353502674,0.232540808639883,0.18787701779124,0.167328116748046,1.1266584933432,0.31435096962657,-17.1839038194061,17.3452838542329,-0.997600286189086,0.373567997271879,-0.0342573614038329,0.102103777965884,-0.330465296701897,0.625418122219684,-0.191229385469379,0.820955921455226,-0.226685720696487,0.64744997371108,0.474240338701491,0.433315210312016,1.09876795743361,0.327045474503662,0.253804981477941,0.541780343923204,0.47269845431926,0.628149847497082,0.11588368291303,0.212704666594924,0.54511423336422,0.585099294825988,1,1,1,0.973076654756036,0.997853368953073,0.997213324556897,1,1,1,1,1,-1.98579821506414,-2.44858255908325,-1.53907077627517,0.839211994107992,5.38495851301916,0.146691627349337,0.425815343547832
"494975433cf1f940b003816db0232f8b",-16.771969709814,21.5246506143832,-0.791136285962771,0.419905611565495,-0.174303050236187,1.11440639810789,-0.157600682634998,0.623627879803657,0.0238716135937595,0.0774149196535514,0.314754122614739,0.596743773138683,0.0188381291741357,0.159413226631188,0.118715319103472,0.616810177486416,-0.0417229757081982,0.193360807301732,-0.212967366762506,0.60249042494654,4.8313342020318,20.0438405338792,0.240388916098202,0.586586899844859,0.0548085743447977,0.117988950809551,0.476407076829858,0.522254798963174,-0.316294755333931,0.948679174885728,-0.345285335394597,0.57099555777398,0.00927647941042261,0.500729826585043,0.0174834560646217,0.655557309965654,-0.549304755371675,0.626069824469137,-0.890179754202841,0.439540766689843,-0.00859221938287734,0.245796981696565,-0.0392218900182596,0.62643047020958,0.998855310164982,1,1,1,1,1,1,1,1,0.986606902638395,1,-4.78751019978454,-4.80914048410547,-4.77120627636664,0.0368518778405527,5.52566534218162,0.00492607367937938,0.496095544395713
"b67b924653e2ba692fd3ea7c8f75c2ee",-14.5975451071882,16.0363946573181,-0.922350114392743,0.384950415950663,0.725822566501642,0.830260203933651,0.894173170079844,0.389245422664746,-0.0181885957972084,0.0576760211429102,-0.303050408194162,0.450823098483113,0.106827410224793,0.118766778687965,0.906647870440585,0.393169939130503,0.0594182019147783,0.144058562096993,0.425666749323137,0.505148925445422,-6.62558664615126,14.9331546889244,-0.458403993286845,0.531651058987959,0.0943143468146714,0.0879046733107252,1.08483556351144,0.354366430723134,-0.0520175188177885,0.706789342331091,-0.0707977097290775,0.508514434461027,0.244928222541339,0.373056049069733,0.672742432951068,0.452434667076109,-0.181500437663866,0.46643743343811,-0.406785927991608,0.507075666831126,-0.24214236465311,0.183124803030707,-1.33637549583038,0.276029370197506,0.981717082342662,0.974036086152712,0.994285705189554,0.969462384187086,0.997071166690656,0.993955480141392,0.959780793867998,0.990415812203267,0.977059681652011,0.986118907045062,0.943243596056188,-4.88067157438251,-5.0832689439441,-4.5836328628902,0.617821287692608,4.51793617123595,0.125739639389324,0.438677079643191
"632a77028290d1ecbd9bfe2958610b8c",-11.512927520725,6.14200196289832,-1.875769968685,0.0723874732211582,0.0236436809918967,0.31799290995559,0.0740814814103668,0.877730682156864,0.017387843957295,0.0220901419952435,0.787833243359063,0.445152602469772,0.0148069122610849,0.0454881414068783,0.325724509545753,0.741984461105985,-0.127374498761503,0.0551749935119155,-2.31022877196138,0.0270853577342665,12.5586474282069,5.71945673398495,2.19734869970236,0.0346121071454458,0.059632322844131,0.0336678341709449,1.77234793527557,0.0890744015760948,0.110648446264181,0.270703086368117,0.409504573365899,0.683831014756975,-0.283257842792061,0.142881927928344,-1.98436829121121,0.057439329372399,0.189604791717481,0.178647363884798,1.06242525301253,0.303923889279855,0.129291418085928,0.0701375167988086,1.84485174859076,0.0770337328949631,1,1,1,1,0.93387855107871,0.977388944874804,0.999625282871232,1,0.996761860309391,1,1,8.56334141868257,8.54028600690314,8.57915176721767,-0.00428600904498833,2.12918203729686,-0.00166571905783521,0.499540441184559
"5b239eddc0c4c102c7f721bae475cf22",-15.465615231573,17.1276621275559,-0.912323640490702,0.391524315914711,-0.432288866370106,0.886758935210034,-0.496409135174691,0.625931696802087,-0.0576068062702314,0.0616008413428973,-0.940690434197315,0.37219369947378,0.167641483396051,0.126848789944028,1.3323723410532,0.218061263775279,-0.251780591985824,0.153861664726046,-1.64924859770943,0.122639123562105,26.4389364073143,15.9493473112864,1.67078618078977,0.128830889587049,0.114208661890076,0.0938865359747314,1.22987770172649,0.25374207841761,-1.08352235099027,0.754885952203731,-1.43514151053983,0.184931186386792,-0.525146554066025,0.398442299509726,-1.32471305863741,0.21441165248286,0.51317554519342,0.498178233592336,1.0290512191182,0.328092992735891,-0.175850635166925,0.195586340976826,-0.907731096714628,0.393941273800824,1,1,1,1,1,0.995937698863977,1,1,1,1,1,4.38320225707858,4.55552509828992,4.18467575288176,-0.377400186078008,3.84704609563999,-0.074656769951723,0.440055122796551
"51c79d7c5c2260b32f6ad5b82272898e",-13.5155975556579,16.9289755122519,-0.791367799604435,0.473149819861023,-0.781404781144037,0.876472234660051,-0.910519182992166,0.404199036809493,-0.0752085350059853,0.06088625095834,-1.2546729019297,0.298024089181837,0.0746209469824204,0.125377301509606,0.5800605672741,0.476789020158554,0.00932230688225732,0.152076817899795,0.0794048989316088,0.567516931390098,-1.5482933514469,15.7643295423705,-0.109457791289348,0.580302172286399,0.146319313154639,0.0927974207226607,1.57879741436707,0.222450766620816,-0.560409917524252,0.746129022409876,-0.755701260919975,0.480231462563659,0.370198980876177,0.393820235430347,0.963792660720321,0.380056329440909,-0.307119027446988,0.492399199284359,-0.644102217797519,0.478387883754946,-0.275635018741307,0.193317473935956,-1.43076049634968,0.268420589425033,0.988302529670527,0.993597357778099,0.967667056641032,0.991479138189831,0.999997893234458,0.995159549242752,0.920340552155492,0.97993112278175,0.990344268476899,0.98592393143842,0.92597531316291,-3.85299261485901,-3.34044221329665,-4.34965119638577,-0.960012126466398,4.70187733902303,-0.17175886405599,0.412224266299816
"20f887a0f58476d52027e0798805c1d2",-15.3892051417312,20.6091166890095,-0.744508872605991,0.486034149545579,0.0782823313094234,1.06700600669621,0.0747133164505499,0.698298650958817,0.0332962217052699,0.0741221375061123,0.446540123360631,0.594173801899955,0.07293889714754,0.15263271159525,0.485215510151321,0.558597574847862,-0.188078826364602,0.185136358873096,-1.01753884148435,0.363178574798155,7.29405658458645,19.1912916896585,0.373956667754186,0.578490033360469,0.0169570581173039,0.112970384458783,0.148861419053644,0.659206561650411,-0.343591496732517,0.908327859342282,-0.372819030497314,0.635870127481824,-0.581916974706503,0.479431680942728,-1.2170550317561,0.288480455075618,0.41486558386062,0.599440441524764,0.68944519159106,0.512486546382448,0.209492829114881,0.235342202219341,0.892172638209938,0.405045532057181,1,1,0.997400723031641,1,0.996865325020238,1,1,1,0.993718864001578,1,1,-3.0158546498917,-3.04747878660744,-2.98873145406621,0.0844572566444315,5.9122478171295,0.0101187501821357,0.494485294214715
"3a4c1eb8dbc9f93fbbfbd8702754c0df",3.62291217520617,20.8874376148434,0.187215262989354,0.662734516222069,0.284441719860438,1.08141565385069,0.266391189442368,0.657416277334985,-0.0777973388732792,0.0751231382887655,-1.03274632062743,0.34721267446547,0.13333086074673,0.154693977890393,0.867749676281438,0.425056927218404,0.196548270609611,0.187636578731358,1.06373830994945,0.339072419558015,-25.2895294045294,19.450465246275,-1.32625140826764,0.251895011357654,0.121663494697264,0.114496021023845,1.06798163680776,0.340250056252457,0.260157507481909,0.9205945981156,0.28674229079491,0.649217375566218,0.552277592303953,0.485906284940931,1.15130275851557,0.30414253127682,-1.15973441336783,0.607535733583372,-1.92709690895746,0.0983680947959874,-0.465464064210873,0.238520439336336,-1.97183338444002,0.0970456215351082,1,1,1,0.997864658084887,0.996309943477266,0.984207542314045,1,1,1,0.90076625909732,0.889832249756093,-1.58452445777834,-1.522954323437,-1.74299984592127,-0.0102016384213552,6.37615084949434,-0.00206107146388203,0.499770326140924
"969732ae717bf5a9282f4781499aadb4",29.3436128849118,15.1329013435367,1.9324614969049,0.0790416934496304,-0.775731039696624,0.783483197070047,-0.984746802097609,0.343384054954591,-0.0836120627017763,0.0544265439018176,-1.53348834898519,0.139630459846234,0.216762915089356,0.112075437352401,1.93502415421547,0.0605071900729124,0.0260021822190066,0.135942277206972,0.195655515690586,0.830590540348009,-2.21801756822548,14.0918181102596,-0.161131998195868,0.849344315725193,-0.0588823039338827,0.0829521084553739,-0.698025627391574,0.513525815547448,0.282994634305798,0.666968705667184,0.431343318491902,0.670042969200015,-0.320510012004691,0.352038005226169,-0.914051380194145,0.38286153658638,0.656678816338922,0.44015826586871,1.49433229451966,0.145154982051926,-0.436963614237484,0.172807519210913,-2.53283239727619,0.0148635311450306,0.938838688652663,1,1,1,1,1,1,1,1,1,0.786373569185006,5.38656081051374,5.4708788966825,5.26239931514727,-0.164947907398566,3.66924672080635,-0.029652093409614,0.477721635670413
"81b95cf5e2e0e3f7579b7dfa4b2ebed0",13.180645749209,10.3620545615505,1.26998555132977,0.216009250350481,0.646168781361324,0.536479783472938,1.20676485103559,0.237147088579805,-0.0335990339190565,0.0372678579410771,-0.895608242523973,0.379399201848579,0.0935640226797801,0.0767421772263933,1.21060996553015,0.239604540646321,0.038907501264636,0.0930846809651417,0.444633596090355,0.65485851205594,-6.07988755604714,9.64918655154795,-0.652140812486347,0.524812898073821,-0.00132374678623061,0.056800361959497,-0.00257378353063507,0.865339511865798,0.115094821508465,0.45669802254555,0.262601616943933,0.788879464496162,0.0700921404321138,0.241053379988562,0.292181004454745,0.773686570810748,0.316618552707444,0.30139256597989,1.05977516321209,0.30027220149141,-0.211811131962289,0.118327669100576,-1.80493097395341,0.0813774113360268,1,1,1,1,1,1,1,1,1,1,1,4.26877217207335,4.10174592159874,4.6765262622997,0.504177719147643,2.70901668913591,0.173979060682393,0.419843823219675
"26de4690cd2c89c490c37a8d1418d67a",-20.0136989040111,20.3867077403123,-0.9840348426478,0.359816718053162,0.327238383931162,1.05549111802903,0.311548659428865,0.698622224184898,-0.0452339695094084,0.0733222280812357,-0.619026805532031,0.5466711953145,-0.021345017466034,0.150985533725623,-0.142780141320919,0.722140823160059,0.147880605229846,0.183138408957827,0.811535235380541,0.440531540423077,-3.35040533211289,18.9841835892364,-0.177453421793542,0.765404494107672,0.0896631213091549,0.111751233496588,0.804759345480032,0.445567888253961,0.17219064418369,0.898525389526757,0.194666395262026,0.693816767002469,-0.248356620840101,0.474257762150397,-0.524959687685608,0.609337701764213,0.596298679157604,0.592971415199284,1.00547206883699,0.342930276784736,-0.0373618841347994,0.232802442142793,-0.161030778037139,0.788506012908161,1,1,1,1,1,1,1,1,1,1,1,2.13482525496734,1.83436098146727,2.29372863396567,0.340779463090799,5.79271689960812,0.0563915011590883,0.459099265430565
"c5bd025300b4ef0c652dd11cef56ac29",30.0566602623853,20.4938160171481,1.47175786519904,0.210211559480051,1.10380382653179,1.06103648789981,1.04806441536917,0.333079501516904,-0.0753988924073445,0.0737074505312545,-1.02983914035664,0.353406273096772,0.135743985911512,0.151778785904958,0.898365549757089,0.400416487605194,-0.12873404222521,0.184100586846272,-0.700435639388481,0.508479601140117,-0.179520035415097,19.08392324398,-0.0116106175107453,0.724625868962102,-0.12488399990308,0.112338355370633,-1.11384847714451,0.33410128455236,0.590165865476979,0.903246088297314,0.662222887742756,0.526216376263936,0.0298243457637285,0.476749431346179,0.0633585368697768,0.750110680912202,-0.0698427933621563,0.596086785631033,-0.123266566442106,0.718215616626056,-0.083659504813581,0.234025546370248,-0.35926590275473,0.676657446188711,0.969102233147512,1,0.99964335134683,1,1,1,0.986483556295352,1,1,1,1,-0.576420645154974,-1.57974130134413,-0.265187078201538,0.787024498136631,5.96306531361604,0.11773008009395,0.440514470514349
"95251fbafeb9956f566a3da93d145d63",16.2431368107719,10.0262174725965,1.62211636122041,0.116182686776539,0.899481983363789,0.519092323515644,1.76070692566821,0.0978482334624673,0.0106648221059865,0.0360599962329438,0.286332245855825,0.76103392719345,-0.0944836037953115,0.0742549417803129,-1.29226180783637,0.220725144559443,0.0801758326167394,0.0900677803981877,0.918889696844681,0.380901564257643,-7.68315988004418,9.33645371434876,-0.848339956894835,0.41568312431224,-0.104741847389105,0.0549594463284602,-1.88891772034461,0.070736931141113,0.961684875357836,0.441896311792947,2.21015918327552,0.0401900092848106,0.0820959238905056,0.233240772465892,0.364940233291741,0.720433773073517,-0.119368373666997,0.2916243485487,-0.434106428354724,0.670889183576307,0.17011136234925,0.11449263622197,1.48193606347215,0.152247386759568,1,0.998061488876263,1,1,1,1,1,0.934324979621652,1,1,1,3.25979409074124,3.10830238284118,3.45805564994059,0.706666594635771,2.5439513730324,0.223672928881913,0.386488972694532
"cb3f42ad378ddeda014d895db355586b",-4.60984022111497,9.67024595681433,-0.48241443363687,0.635701483179838,0.236005017032239,0.500662433904953,0.454404911565379,0.654801252177188,0.00768782453167432,0.0347797196427718,0.220635217131272,0.813897096190875,0.0423761206407109,0.0716185892124478,0.596085088224168,0.56157999057913,-0.204144721578787,0.0868700077187993,-2.34187978407447,0.0248115029740312,17.1603850847118,9.00497161855238,1.90721278022529,0.0640358993767769,0.0040874408553502,0.0530081623602478,0.0981667087201643,0.85843434230005,0.145581164984705,0.426207194699944,0.34848539629587,0.729369798590601,0.0010976852212557,0.224959776013959,0.00936491529556552,0.897359023046688,0.196719092478996,0.281270497589892,0.677342940136267,0.510871965740259,0.116563317731453,0.110427681778959,1.03420408033684,0.319636589452181,1,1,1,1,0.931093275864227,1,1,1,1,1,1,4.61120401581255,4.67102563775413,4.55432694228008,-0.0816821324389276,2.1392066339341,-0.0301086578751101,0.479319853305761
"1e2270e7a0c8c2e951edc6813b58451a",-3.04204220696068,13.3944765237469,-0.260941131208434,0.743252756843456,0.028271414483967,0.693478867777533,0.0427240449530664,0.823806890531609,0.0308516862240321,0.0481741767828905,0.617621208362819,0.562256546384685,-0.0414335221758644,0.0992005287305047,-0.416515718068897,0.654357221144164,-0.131082849922696,0.12032561366107,-1.09540335543508,0.28586996416198,16.0146551858371,12.4729899818848,1.31184691525891,0.212092608766914,-0.044752908041556,0.0734228053218209,-0.568481897011074,0.582575472008307,0.725467606506719,0.59034923094563,1.23818971772501,0.231575315938999,-0.248450012625484,0.311596876859477,-0.812073268891425,0.428651802748738,0.43336442037947,0.389594131691717,1.12109705843192,0.275560476726552,0.193446718240674,0.152955881139483,1.24317311195802,0.241888146306074,1,1,1,1,1,1,1,1,1,1,1,2.95055323836962,3.11782307420186,2.68893294369146,-0.291153288651957,2.9919308549099,-0.0761527157712096,0.45863970661529
"820d3c5095323f85949bc959fd15d1b7",9.72512889580893,18.5212762354137,0.531548588392415,0.598149766030162,-0.962167771328643,0.958911208717897,-1.00338953656141,0.358742129481316,0.0681375915292039,0.066613072487582,1.02725365354574,0.349579549013881,-0.202523798101777,0.137170003774273,-1.48074374355142,0.197511012267154,0.299576109878621,0.166380815619134,1.80876093715461,0.108109222232592,-27.1306655461558,17.247086328941,-1.58467054917854,0.158075642527642,-0.0580130993065914,0.101525733904832,-0.576109161098507,0.580658135797869,0.0991636150542888,0.81630821199494,0.135519901335487,0.660286978177259,-0.222562165847909,0.430862066178915,-0.519735571116387,0.601803150895708,-0.357861689624592,0.538713141940685,-0.667084103921477,0.526838152569818,0.160783140378378,0.211500473452097,0.764574563173455,0.48498811519447,1,1,1,0.987577365929392,0.963782308911706,0.982151405638081,1,1,1,1,1,-0.0425643358503454,0.462519571047404,-0.499123769625195,-0.636502101607269,5.03673249494262,-0.110732704245241,0.435920993336628
"92fb114641e27921122496428e2ef0dd",-24.08419183041,18.4687484968491,-1.31806361066717,0.2697405354546,0.598345171045713,0.956191664090521,0.641425031855594,0.508975451565799,-0.0501047296951754,0.0664241527818266,-0.75983497237517,0.469419961566391,0.139589525948875,0.136780979281275,1.04252707710696,0.332648365578874,-0.0891843802415517,0.165908947057059,-0.540619665884274,0.523183654611843,14.8856704321757,17.1981722892079,0.864820612953548,0.424523989604593,0.12191263221807,0.101237799253875,1.22902149773384,0.31339354664509,0.355344255997819,0.813993100238993,0.45250590245665,0.535895416195172,0.167588564237293,0.429640108810429,0.398392643218381,0.539654099151023,-0.255059078688526,0.537185310773898,-0.484888595137945,0.54712079430004,-0.267494424399217,0.210900642131913,-1.29813513966631,0.292207649660821,0.986221578994858,0.997064663877336,0.997677225263103,0.976842209524937,1,0.99463722230572,0.973018159545434,1,1,0.996950203820346,0.941643976374926,-4.52433869162619,-4.67333842115339,-4.36392807801505,0.384691001444823,5.32004944433295,0.0695316861526373,0.468534681308796
"5431c93e93b57f0b74748eb702ea1e72",-15.1265334240004,11.2885562229082,-1.3554490134082,0.195217474348791,0.162798166692612,0.584448012912381,0.26696453346542,0.790533794274216,0.0160893635580052,0.0406000863222876,0.394546699612367,0.695856278949738,-0.0447643369263874,0.0836039201630007,-0.525193982859231,0.606582863590197,-0.0675813723091599,0.10140765504802,-0.672385000009598,0.50768667668665,18.8262842009473,10.5119485952774,1.79378441539189,0.0809090652550229,0.0603424482758065,0.0618790487593586,1.00558728520981,0.351499916448973,-0.947546161955046,0.497532730963058,-1.90714266722331,0.0688609351816341,-0.258713369684474,0.26260666903068,-0.983446742389955,0.33438612982348,0.612841313256622,0.328340958448057,1.86894046809869,0.0692770678427241,0.0177550982906676,0.128907692719933,0.122038422262539,0.836200713217235,1,1,1,1,1,1,1,1,1,1,1,4.53662264998794,4.57139165148511,4.48447184672152,-0.0377300591446033,2.85469129907618,-0.0114947273123828,0.493798805804966
"7c821085a5548386a8d91fe359fa3ff3",-6.04183857408609,8.92773451788126,-0.66366028277312,0.517468225715659,0.0937147842341029,0.462220021387354,0.227889639275699,0.793718161667498,0.0217058287216649,0.0321092250356056,0.670179999185536,0.511047207840623,0.0574290556041294,0.0661194920883443,0.883986366891255,0.390279658620029,-0.0113354389905627,0.0801998594392759,-0.151472102751991,0.861634461585595,2.39417637806464,8.31354200405213,0.283310525871526,0.779744057240279,0.0688453221678624,0.0489380314571584,1.41626239903712,0.169048698959821,0.394099382303375,0.39348168607963,1.00072037612959,0.327653816902803,-0.23432915369992,0.207686667580509,-1.10138847595114,0.289097153321282,0.121333492463357,0.259673677526828,0.442408366807473,0.661268300934825,-0.115545933842809,0.101948702313296,-1.14076825453347,0.265493542440553,1,1,1,1,1,1,1,1,1,1,1,6.102407409671,5.89626212103895,6.22614402681736,0.0957556710862519,2.02132850310925,0.0357481962878556,0.477721635670413
"3a8a7409bdc33da14a01ec3e3313b9a7",-19.9146273579789,17.1989282680385,-1.17431893989242,0.324158427049317,0.12965045060533,0.890448632401645,0.137071136535111,0.623155603337868,0.00137776860709195,0.0618571550289273,0.0319056508523744,0.566248370268927,-0.036068163455453,0.127376592490393,-0.281752854507116,0.561345100440224,-0.0179050044301371,0.154501864592881,-0.111739038418036,0.573070659673871,3.78312364065815,16.0157106256505,0.223982560659953,0.536908623780526,0.0718683625581133,0.0942771865499456,0.781089241856882,0.423423010818594,0.875442346432536,0.758026941786399,1.16288809442984,0.343598917156864,-0.0650260049244659,0.400100169958105,-0.172476580464342,0.556440401264675,-0.355856837653742,0.500251093257372,-0.744878948084622,0.461008031866281,0.0469081951225206,0.196400152199207,0.240202935954795,0.563560340937211,0.98176274761582,1,0.997342494095814,1,0.997393110687017,1,0.993595876388378,0.978526837659876,1,0.990337575565643,0.997167754845309,-4.71973290213357,-4.64758657597435,-4.81112676880261,-0.236549885966385,4.88163721189138,-0.0407306691285529,0.474506201643739
"564e9f4d70915c0026898422d57b1431",11.5318049674879,18.3015092711025,0.639963168461882,0.482729876723057,0.0937351264456647,0.947533104816991,0.0758866281092699,0.598841791057154,-0.00785280340533853,0.0658226651453468,-0.107833568751756,0.57344840292373,0.00646074452837271,0.135542392645273,0.0364839053813594,0.593951716963518,-0.146616081186251,0.164406599247461,-0.903753799721539,0.412393048971878,19.582068671329,17.0424384549204,1.17021595352128,0.328642680181035,-0.111093689790787,0.100321065173793,-1.13032588399775,0.343533111783194,-0.0942619933263694,0.806622185210814,-0.132437657324132,0.623946360389473,0.185922755429162,0.425749608100031,0.430245320431882,0.557701314807766,-0.257000925205866,0.532320960843981,-0.486086054263726,0.510449783290411,-0.0142600526549316,0.208990883053997,-0.0571781877716171,0.608397084581868,0.991832789744462,1,1,0.999745566600422,1,0.982620229431326,0.978394269849814,0.997051394372195,1,0.987571497337589,0.995366676227285,-4.06469438274504,-4.0402388777757,-4.08283938732116,0.0319574694410667,5.39059228978907,0.0060403199975768,0.496323529476472
"386a607b118090dd71bfc8b4b4081447",6.89709295852051,6.04973510216446,1.14216572873418,0.271522372637663,0.31302096184556,0.313215932072082,1.00029635890186,0.332982960663314,-0.0126502328638911,0.0217582977419563,-0.582733334778983,0.57346701737674,-0.0506767172797822,0.0448048059026594,-1.12855358472911,0.282366028176651,0.0540206093650379,0.0543461394227915,0.991794729609106,0.336596179746498,-2.07946265726586,5.63353746513161,-0.367073810325477,0.712756155898971,-0.0338872265034852,0.0331620666076282,-1.02377836914738,0.32396141283414,0.408074950129827,0.266636509359345,1.53201805780519,0.141262652222209,0.0783895202150104,0.140735515891163,0.558051135893563,0.589786988510616,-0.0749649442247159,0.175963673527224,-0.427323960243642,0.673672706777186,0.0806502157198519,0.0690838915258461,1.16676194050373,0.263514587980216,1,1,1,1,1,1,1,1,1,1,1,4.95238612514673,4.86237790003249,5.07448547909951,0.254368045124487,1.79990069730614,0.132895677099715,0.434742648227224
"afce1dc2c06acb90ad5d3da0fffbcd02",-24.7674859689069,20.1424297059457,-1.23820913184172,0.288835084277603,0.747543210572641,1.04284399035703,0.717059385986935,0.483146117410395,-0.0296763636551347,0.0724436649518077,-0.408396469420011,0.597248689972155,0.0390173965637611,0.149176391716717,0.267291207139813,0.63547335837816,-0.0681214245206976,0.180944004097214,-0.389744580586328,0.597180724749105,21.5431603585807,18.756710908983,1.16358942779131,0.313972030122029,0.0892303795717004,0.110412205537571,0.809038856364359,0.470384886166117,-0.140969702252764,0.887759059878147,-0.161488398565983,0.634003715465403,0.290854922966469,0.468575100908724,0.624844070319165,0.520046339475401,0.744573812968425,0.58586630074993,1.2803911813109,0.257043799140088,-0.168497092590316,0.230012951868699,-0.730313022181828,0.501256457344297,0.993255223280546,1,1,1,1,0.998559691286996,0.999637180058545,1,1,1,0.996513877724204,-2.70233011245818,-3.05190668944948,-2.23210551592927,0.584021156567824,5.91395154386957,0.101586765007531,0.451079468025139
"1c6bf8efe709f63c28e0225da6870395",11.0553020094322,6.02740968558618,1.83575487949981,0.07888368968474,0.733203314069448,0.31206006722108,2.35150914929336,0.0246624923009578,-0.00737392884641427,0.0216780028111998,-0.340809518308774,0.730184863697539,-0.0580784846544215,0.0446394621413883,-1.30172485768201,0.211347514365845,0.0644464359021432,0.0541455851536301,1.19109056938778,0.2472443108767,-6.419037951097,5.61274794813716,-1.14427357399311,0.264371612744484,-0.0119952842053596,0.033039688199465,-0.363709393734779,0.712950352134164,0.571478054423126,0.265652537161241,2.15262608827069,0.0404523931910643,0.140099019911882,0.140216157776044,0.99934486263862,0.332899957152829,0.0344189970750145,0.175314312481195,0.196637227399987,0.811117326091385,0.0520147461164463,0.0688289503373284,0.756169478555911,0.463189962504533,1,0.92207351419324,1,1,1,1,1,0.978832916101618,1,1,1,8.21752873421701,7.92435321902498,8.46836230504233,0.556660452473726,1.77519506584614,0.276991515650058,0.380339919549263
"f2d099ef5556f02539ded15181a3d994",9.02557355034998,10.2874976799677,0.884778202012587,0.385576590492179,0.193850636816545,0.532619713112337,0.385892492898241,0.701148570886928,-0.00860277556772514,0.0369997088732592,-0.235915665377449,0.810749867761451,-0.125827132480328,0.0761900031970163,-1.63961491208976,0.115508322706981,0.150109341865828,0.0924149196263389,1.6176200820061,0.117389920998003,-10.4799140978696,9.57975888594158,-1.09314392597569,0.284316173857023,-0.0214329044905152,0.0563916729456224,-0.389314721511724,0.702596451483937,0.385675119874148,0.453411996576108,0.869181341898241,0.399732622241287,0.150248990635468,0.239318956742652,0.631789602930505,0.534450271373301,-0.0342113549166468,0.29922399123265,-0.121981624884097,0.873516326260287,0.0764892783596405,0.117476279835957,0.658047006269413,0.518773590424225,1,1,1,1,1,1,1,1,1,1,1,4.48614608687557,4.45728032027768,4.54608837230163,0.219868045236955,2.38788011799165,0.0757138071125358,0.468994029026853
"304a3df568087b761af6bca76a3816aa",-4.4640873500264,17.8804953470233,-0.260532553268139,0.557775937589861,0.47389890942928,0.925735742383946,0.508154680593538,0.504554913191241,-0.0522202697723088,0.0643084589596335,-0.820062405248251,0.426334837379337,0.0767153743643461,0.132424330972798,0.587215878063115,0.485071690403139,-0.00861550552433421,0.160624535895834,-0.050787910472594,0.60905832726105,-3.10824804907846,16.6503886090034,-0.187910994904141,0.580788226810704,0.0559489981486372,0.0980132464747467,0.584785646967482,0.504616701434063,0.298126162589163,0.78806638380589,0.361748658900805,0.522079510514496,-0.173513818613091,0.415955524424954,-0.417506048840404,0.583163206241546,0.0133159897678261,0.520075274803846,0.0119464096971358,0.585680584603742,-0.15461241090916,0.204183188209383,-0.768766765775973,0.481516862706437,1,0.990069509793983,0.999847912874325,0.998157429770086,1,1,0.99502800320397,1,1,1,0.994951071403117,-4.26699783085387,-4.49763644674277,-4.08878222636373,0.245908561705959,4.89211755175539,0.0491619297666072,0.479559026542843
"2ddd18d49a8163e0fc79e28ea6273254",27.1944546032826,18.6623043576813,1.46980378178114,0.212772033594108,-0.139441743766943,0.966212727547807,-0.145518007442827,0.722729465764186,0.0542043500689925,0.0671202900471062,0.808341861533178,0.470309160832099,0.163212623044864,0.138214468951394,1.19299336097363,0.295277379461681,0.055166320240184,0.167647703154846,0.328190289111134,0.660420898916566,-29.2273307353215,17.3784122790884,-1.69000688802391,0.132013971720092,-0.0706357106547007,0.102298789899055,-0.699414204491469,0.527572535512253,0.381532598477566,0.822523896749383,0.481282088505952,0.604051452422844,0.166825882488442,0.434142815700558,0.387169077589602,0.66773541114626,-0.693552698035542,0.542815111042767,-1.27712701259637,0.268585949544706,-0.164493730534179,0.213110919419779,-0.777416986216968,0.471179596249599,0.96727574132586,1,1,0.999292769286514,1,0.978377044523444,1,1,1,0.983344899344141,1,-0.179772531214294,-0.230283944793659,-0.147505886496533,-0.171157924721559,5.44603833620107,-0.0280562875366125,0.483455882644429
"42604f7f8bfc866837a5370b4b667382",-28.0439487498263,18.5471080486103,-1.52135218301103,0.181814702451759,-0.522064154669728,0.960248611977849,-0.53528551474685,0.559362589538857,-0.0224606342653156,0.0667059784203633,-0.337418174092613,0.66620753630669,0.0886137461930981,0.137361316179997,0.653266848665865,0.509921484871064,-0.188280650553301,0.166612868642584,-1.13805331801731,0.315715637565958,17.2825290151211,17.2711410164567,1.00526911246359,0.368315983977199,0.13321426853408,0.101667332883193,1.31990939423116,0.255733406240243,-0.279940555375576,0.817446725398395,-0.354804378886964,0.607318990616471,-0.228758983510654,0.431462993904714,-0.539157870568239,0.593510700351009,-0.216314740783368,0.539464490663758,-0.407388619207272,0.617972495406003,-0.00127493963363702,0.211795455323312,-0.00740820249581978,0.652507295448773,0.982334122741439,1,1,0.999140993599798,0.998566619216534,1,0.996494117732808,1,1,0.999440159492881,1,-0.389532379286556,-0.351154367153614,-0.462684615872234,-0.335185202959073,5.29517065820411,-0.057065865143609,0.466452206475448
"de4edf45ab75f6490e1ada65b0e0306f",-13.0751125880488,17.8613478818382,-0.744161365579644,0.469684327128238,0.544713648118852,0.924744411184566,0.58441323749763,0.488091967346417,-0.0130492201007326,0.0642395937545518,-0.186623163711401,0.554618050967722,0.0270641567378834,0.132282523365249,0.213724197766075,0.571182600922961,0.0354012666376068,0.16045252988318,0.213658367464772,0.606853831085855,2.72954813035516,16.6325584130261,0.178165943012112,0.639352799671382,0.0440555616573143,0.0979082882401942,0.451758183096334,0.524521615599249,0.444905985631907,0.787222476891984,0.564946106834079,0.48014190760361,-0.100043772014519,0.415510095270566,-0.246739375973809,0.500423821181527,-0.425948869615429,0.5195183482185,-0.843742546387465,0.453652269685847,-0.11414145851784,0.203964537080779,-0.568763701491587,0.502071687186919,0.989373280080876,0.994256211915903,0.995416775817279,1,1,1,1,0.996065682123947,0.98919038087625,0.977937388325171,0.997552572104781,-4.55688050359127,-4.75592663759665,-4.36325377146377,0.437232772052009,5.06050857396624,0.0684627739681769,0.464613971214147
"e1a9800482df461df81429b3b8f859a1",-24.2505447609684,19.4798357217688,-1.25551543452331,0.255226528221784,1.09366096338236,1.0085391838102,1.0855269419918,0.319047308876678,0.0249610949698996,0.0700605990908592,0.345989645240078,0.667805422247811,0.029821815142956,0.144269169441366,0.205867010969659,0.669603418224803,-0.16508628575191,0.174991772398359,-0.956757519530288,0.377558172311881,10.4348990101165,18.1397007472164,0.59930411287831,0.543596503086543,0.0810355602203218,0.106780148023313,0.761814344467632,0.486161692094162,0.453091563373651,0.858555839558597,0.5442559760842,0.560582767393859,-0.502258713796835,0.453161119202955,-1.13128346728643,0.300692491943131,0.209189348868671,0.566593974020932,0.379873091023438,0.642370260612879,0.169128775620625,0.222446575795113,0.762024333194276,0.456826434611734,0.996042715871646,1,1,1,1,1,0.999532840241791,1,1,1,1,-0.0149326152890392,-0.0505545708139907,0.0368405602045963,0.554344735747271,5.31207460201459,0.0959548078970625,0.444393383343847
"c38ee4acf990375c9b9df651cf77bf7c",-2.73516995932487,19.6233013333854,-0.149862903546802,0.781063985909279,-0.403063225345657,1.01596689998354,-0.405826327265307,0.657000989227848,-0.0643463257294104,0.070576583252243,-0.909728554078905,0.38914698153415,-0.0357201376187865,0.14533168685306,-0.252480645813284,0.733948434054265,-0.175030606692495,0.176280556452473,-0.991962446026709,0.355353955649533,29.9431396892898,18.2732964971709,1.64496529857659,0.12579423855896,-0.10005696795966,0.10756656529415,-0.926396846435997,0.382566516658571,0.176178222102805,0.864878954413799,0.199961912841751,0.726112765536758,0.43140036932516,0.456498572252142,0.944601441762826,0.369151682984189,-0.296280347631223,0.570766840372691,-0.528868790678642,0.596621176868281,0.240863583620276,0.224084856245948,1.08295461858956,0.308694234187201,1,1,1,1,1,0.99526288921779,1,1,1,1,1,1.43064248008649,1.60386757749356,1.20812949477135,-0.163668994998794,5.64013479865301,-0.0261781154988977,0.485071199160298
"321b7763c5946d79f50284281735d5b0",-2.73188479946022,18.8397540968213,-0.140381450959429,0.644405273693411,-0.806339886157963,0.975399920788844,-0.834920503314026,0.438033883825621,-0.0493415206009702,0.0677585005130583,-0.734751637076618,0.488138276540247,-0.103867666114733,0.139528675439013,-0.746264066329194,0.467337839052335,0.00662969974934541,0.169241774316802,0.0405198186362772,0.666333775735863,9.91193585171069,17.5436541841868,0.569213123713399,0.542674319626169,0.0277473341307395,0.103271493657069,0.267708532751332,0.617780368703022,-1.13972538526516,0.830344830762522,-1.38967123173697,0.241669472781602,0.255094269545787,0.438270844475517,0.604432672875481,0.50368774478206,-0.913727038945037,0.547976445785232,-1.68913427230859,0.169200906690691,-0.0307769119346682,0.215137275668939,-0.151696196044908,0.640385406804112,1,1,1,0.997065316803013,1,1,1,0.984140387450434,1,0.915115305380549,1,-2.13754940416468,-1.3816346276922,-2.81646221017024,-0.830018242906262,5.77401607601537,-0.129092585402902,0.439595775078759
"01491b7ad3b35c7e644dd24ae831bee2",-6.98561845164351,19.5140785533912,-0.363813858191695,0.663590066044112,-0.434394826040097,1.01031205489336,-0.433191571434292,0.634200692799514,-0.0207838382359864,0.0701837558429127,-0.296915958917809,0.6996111521387,-0.130670815500363,0.14452277449985,-0.91047228901336,0.390561396953656,0.104257746560266,0.175299383503664,0.600850781708862,0.54448297549123,-9.35910116609241,18.1715878086495,-0.516256555383434,0.603631960273056,0.072606578587231,0.10696785261598,0.686587305436718,0.514366298515492,1.52697326390302,0.860065060861708,1.78278327277908,0.111485797469809,-0.424299626271017,0.453957713184768,-0.940421697707581,0.390865464252199,-0.512620718503977,0.567589967125174,-0.916384961476179,0.427489898426481,0.0776521731860764,0.222837605819633,0.347629154096855,0.664923693789982,1,1,1,1,1,1,1,0.981915652472323,1,0.992670534527288,1,1.28275092146155,1.36023853853022,0.923275934284488,-0.47833826903826,5.970708173874,-0.0820122756709044,0.441892513667776
"a67690654fca1914946ee270222b7247",-6.97450073391412,12.3587486360158,-0.602249147698457,0.563406952083343,1.15557994496144,0.639855614816809,1.82368889963722,0.0951750062395807,0.0791727990303188,0.0444491085972046,1.79547473481594,0.106505224622257,0.0396603885981235,0.0915298479165364,0.447099247727314,0.650315475953238,-0.144446587504463,0.111021435669778,-1.32948321590189,0.210518916217249,8.57092433218095,11.5085160403519,0.773619061111951,0.455184835184631,0.000172183814776107,0.0677453869522086,0.0374772663353389,0.787543598673072,0.322875174762716,0.544700477080037,0.591673752289931,0.569235762174271,-0.229382997839005,0.287502648576565,-0.807661493128927,0.431531516790362,0.0385925291838243,0.359468765734033,0.109336873491664,0.87384295121701,0.106825671645014,0.141128567738486,0.753176102464961,0.475793428551081,1,0.997390068010408,0.984554239555775,1,1,1,1,1,1,1,1,2.60556488701634,2.3630653871356,2.734589404517,0.570434382708521,2.81736473482012,0.169600150383601,0.41157556430596
"95c08da59378a0eb674c2b7dab943428",7.15099226973002,14.2098926391787,0.498702827668811,0.61655573778989,0.193995315804177,0.735695810223524,0.263323196805354,0.710220607290549,0.0855686606745143,0.0511068781860985,1.69051598833817,0.118412291148123,-0.0852481644654143,0.105239563525392,-0.803280466024604,0.462387221559918,0.0209780068594411,0.127650681147247,0.163502364544249,0.78759360890038,-11.6355006619242,13.2323087220249,-0.886290484715229,0.398908786885357,-0.0734348043372927,0.0778925685554553,-0.932881368186736,0.378173947031239,0.64829911724801,0.6262879461162,1.03942944185173,0.32017189194367,-0.0908675148020169,0.33056597314771,-0.273633571155591,0.776663056433277,-0.0154256688034525,0.413311470170446,-0.0387568386091698,0.87467956126746,0.294188932889512,0.16226738280288,1.80952157684284,0.105343116253498,1,1,0.98757898772707,1,1,1,1,1,1,1,0.977339477712918,2.67598145763991,2.54124359798263,2.79257876636976,0.201617010527439,2.85319194667985,0.0478191099335079,0.463481856410369
"6a49b0df18b1abfe220ecc00d5cbf296",-7.87456433495251,16.4023626795495,-0.489496543978662,0.629417605931039,0.277940017658075,0.849207647624333,0.321415501558563,0.697264324476728,0.0504536747576484,0.0589922508715305,0.845739888652728,0.433471450376184,0.00862938261856701,0.121477166155475,0.0744089096200492,0.741440008799972,-0.130055094839904,0.147346135655934,-0.889295313376642,0.412273344967038,3.77143150425006,15.2739455714117,0.253627388154251,0.713852467963456,-0.00643564941501029,0.0899107538621133,-0.0588212367800702,0.806862849182487,0.590937635649864,0.722919046249867,0.815246162042937,0.433343329338733,-0.134439344847685,0.381569595124003,-0.35763083457089,0.687394950175074,-0.0935447427521625,0.477082044565348,-0.201692856335557,0.793845528711447,0.242358581475469,0.187303910830108,1.29356351209892,0.225658498787176,1,1,1,1,1,1,1,1,1,1,1,2.06026431625802,2.17665290704147,2.000464487439,-0.188939013758389,3.56371143888507,-0.039963886626722,0.470588235813548
"5c4a1032c65d0d99d6d6bee379b63a2c",-29.4703202346783,21.5317088010388,-1.37467734065739,0.2036781206554,-0.699957654647543,1.11477182510175,-0.630337708700578,0.546327809158223,0.0371991095787219,0.0774403049182246,0.485969756703758,0.636030400730337,0.0268751717560016,0.159465500107264,0.163001186197434,0.70353269338607,-0.327361481123531,0.193424212589662,-1.69239622700261,0.122102755131595,37.8698862602582,20.0504131454545,1.88745133939948,0.0851067072113568,0.123487696727157,0.118027640777302,1.05197764099037,0.333600372847308,-0.703147299564401,0.948990257969612,-0.746458734651283,0.477619343748798,0.0742719161029936,0.500894021797472,0.160085798289696,0.747994809196929,-0.153991355608034,0.626275120144301,-0.259170964475613,0.684190679354946,0.00318075140749414,0.245877581424165,0.0193118321264545,0.722906442700506,1,1,1,1,0.988780328951873,0.962455129207313,1,1,1,1,1,1.26334554493513,1.52965484403643,0.71176862916179,-0.856467232343103,6.38057862050995,-0.123219078521864,0.435461645618888
"c4228a5878f56464e576996e95eefc5e",16.9384348568748,19.3885662868502,0.880118297784018,0.433884656881895,-1.2324727454559,1.00381384614748,-1.23076145449412,0.284461757028022,-0.0302234113924453,0.0697323421496603,-0.44026135647727,0.588177708203508,0.0328096560914099,0.143593220949851,0.226263666963306,0.643378865759084,0.162191180926187,0.174171878411041,0.934405346163436,0.401397208379129,-30.9987015881078,18.0547102852619,-1.72631147673968,0.137335615015164,-0.0139964515698525,0.106279847922747,-0.132613964954479,0.661683024141103,0.450138376709133,0.854533223175079,0.526614916960772,0.571783446144866,0.277491040850648,0.4510379103696,0.619432023940052,0.540749140938034,-0.78388455758176,0.563939294968407,-1.39937486083115,0.244906434914541,-0.0647703125125742,0.221404340451736,-0.289077456643103,0.647637057147354,0.996779542372401,0.99751305874942,1,1,1,0.95194703097029,1,1,1,0.947475804314682,1,-1.69041994298869,-0.576646079771082,-2.84220660819317,-1.35647028092154,5.61160341617756,-0.21991409159732,0.384650737438329
"f55e6f0203460ecfb665c9dbc579b714",-16.224604791737,16.7368620962253,-0.98598928445562,0.367002899481478,-1.56756701875245,0.866525851612172,-1.80823879896112,0.108670165931162,-0.0570364232750748,0.0601953015472433,-0.951075983954441,0.377721826898984,0.262787002573271,0.12395449469724,2.1268260597183,0.0610050699239186,-0.276243407419981,0.150351019610109,-1.84992535497202,0.0909751109545949,29.7683706902797,15.5854327628482,1.92765162778626,0.0797291569912889,0.109442712977572,0.0917443369444613,1.21282555044577,0.298803641281864,-0.787141237662147,0.737661800327357,-1.0730780869987,0.320569270237553,0.0685811195978694,0.389351084259671,0.174764150730792,0.743142617290449,-0.0478982263916977,0.486811354222216,-0.0910256487657546,0.743249334737133,-0.330826925778806,0.191123668394174,-1.74289209285009,0.132777129053884,1,0.987495583892387,1,0.878775733316985,0.976775001800502,0.974050792168698,1,1,1,1,0.956189576954808,1.95394092694591,2.11162097961679,1.70966261054644,-0.779997354063253,4.18042903457039,-0.153365756535919,0.399816178307524
"b73c9d186b67a61bce0ba79c990aef39",36.1147701513247,21.972821857373,1.65592402702712,0.143355366541612,-2.14775328214362,1.13760978986478,-1.90261174459497,0.0922154920643817,0.0231160037226407,0.0790267990465626,0.293315722780045,0.670931003929739,0.0268285701498852,0.162732417507186,0.167297258673446,0.668816240894442,-0.0854285399912564,0.197386830994586,-0.435867694193272,0.639140423530038,3.43146604084481,20.4611793835214,0.169686347461032,0.727086716192394,-0.236277600373273,0.120445634343734,-1.97371876836439,0.0819455960346002,-0.874558480630056,0.968431910139094,-0.91325047615092,0.398421504858013,0.195193465339706,0.511155673341075,0.388561045907624,0.658129318693556,-0.00383501886975236,0.63910541312781,-0.0110276221595331,0.777060470386878,0.116554810897604,0.250914794792982,0.464086046173665,0.60405462614659,0.973419298897202,0.949800363662576,1,1,1,1,0.921371543173634,1,1,1,1,0.996122459473837,1.72522348469984,-1.27026786852445,-1.31990360866065,6.54983153148982,-0.21037311104119,0.384191178624309
"6960eba3db7d4d863d042ab497d7481a",26.467242263292,19.7856530959744,1.34917321233315,0.234254564557227,-0.0957414677930363,1.02437241820609,-0.0893848838057064,0.717120917695436,0.0865348393301435,0.0711604927837661,1.23023117509347,0.2809107517366,-0.290723942159588,0.146534076559041,-2.00829201062158,0.0802885568076862,0.412606672444772,0.177738999074538,2.34783347939658,0.0387496294820504,-36.784716383138,18.4244791062654,-2.02403977900393,0.0735595289239012,-0.154687178099006,0.108456508386521,-1.43808986794326,0.206862306089805,-0.665142626422357,0.872034458999378,-0.75828838244453,0.477430530160772,0.278126570434947,0.460275375480375,0.611452872869999,0.554891759894743,-0.933258747346561,0.57548903267803,-1.64277796404046,0.159717675591481,0.218194558027771,0.225938803793456,0.984051158328825,0.376381595650459,0.997721109450665,1,0.995254372190178,0.906126188041866,0.772091008901502,0.915972743002789,0.988816852230299,1,1,0.965890418318507,1,-1.0983013955443,-0.643888352853889,-1.227297667423,0.158080937222628,5.95039936961201,0.0236677209226198,0.489430147244931
"d2a7d567b64364c09cf4bea1e3f5aef5",4.1991661339966,18.3512973249054,0.247870576823678,0.505968389383952,0.20965410529968,0.950110806388145,0.229803981401511,0.541402703705183,0.0538421304744762,0.0660017313821887,0.831810220655344,0.460553370375607,-0.108436150518702,0.135911126821107,-0.817107645811955,0.456631548660535,0.0944263018269823,0.164853856601356,0.59519256644368,0.51610964209348,-16.2967044437251,17.0888012892723,-0.985288853506579,0.419223857101284,-0.0499553181785588,0.10059398204182,-0.512370491415686,0.46751877924024,0.629018850983577,0.808816547881179,0.77832792368023,0.417172154335141,0.0449797801686867,0.4269078319427,0.103197374016096,0.609656749702036,-0.503163692555994,0.53376910505145,-0.955251437925007,0.407970779536733,0.179596082751968,0.209559429023385,0.872229554693827,0.448412760880671,0.998749914069502,1,0.980316939147145,0.995902897240937,0.988712011406745,0.972420350434661,0.992650983806864,0.990865130484991,1,0.968850948715699,0.981068367408035,-4.76816971937163,-4.83858447975911,-4.70284841096113,0.051229032196682,5.26686585052762,0.0122955425293745,0.494258153523115
"6545176af2fa076f03140433793c0d00",-2.1638390924081,11.4891889419834,-0.195689426530931,0.811228518027075,0.406629080857518,0.594835470056879,0.692739201777879,0.504677475403903,-0.0223968976285646,0.0413216760059177,-0.533916412028897,0.602541406133155,-0.0480150960599386,0.0850898215924155,-0.551493691703259,0.596248811991919,0.064121980763346,0.103209984164833,0.615975800728007,0.556595814506841,-6.16673278468019,10.6987785837899,-0.573782309259055,0.581496806867662,0.0534370736851009,0.0629788317219648,0.87488351649889,0.401171360956686,-0.146633054920558,0.506375433490371,-0.290186776019389,0.767520315517617,-0.363757789431283,0.267274005492006,-1.35445082215201,0.20274146018751,0.369644101603233,0.33417659747721,1.10444239817872,0.281370767791358,0.0165852558911742,0.131198782952324,0.100862692329365,0.794185674482527,1,1,1,1,1,1,1,1,1,1,1,3.18712820979965,3.00594676272249,3.34401760776253,0.351344713331115,2.75405744474013,0.105368488134952,0.436380341054373
"ebc68f0a3a40711c1b0df994d93a6cac",-15.4335640269359,17.2707829483461,-0.904518185372485,0.430097906000365,0.036861755414472,0.894168800357138,0.0472128264656694,0.541507754325239,0.0243828486819243,0.062115585439827,0.414413084159042,0.520337188016822,0.0790584688422175,0.127908753808205,0.621907542892661,0.486549543618419,-0.0464998919121609,0.155147351446145,-0.290741485444465,0.505058570718251,0.470295660923384,16.0826219906478,0.0109270785914776,0.562855264598761,0.0857312984567254,0.0946710632493698,0.927451427932606,0.427933418564852,0.193830113687616,0.761193870720445,0.251749173593406,0.556692401343589,-0.10193556525629,0.401771731659818,-0.27270629298978,0.495889221783837,-0.447799248555245,0.502341071296664,-0.917591392961731,0.416250795895764,-0.134157214460463,0.197220684149146,-0.695436460648333,0.49641324461641,0.977856248072863,1,0.989388931359432,0.979859748708274,1,1,0.983871694612206,1,0.996037857890744,0.97363527359764,0.979990135846392,-4.96240503480338,-4.91798927138072,-5.02905797024863,-0.136145590078947,4.93880720113639,-0.0254471835233412,0.490124024059803
"719ab97ff4cf3c7b809b054134f4dc70",-24.4309098635129,14.6480439409773,-1.69555035993561,0.114378624500712,-0.204218268953617,0.758380434601927,-0.278389067517353,0.744378912320957,-0.0051363469056712,0.052682720155964,-0.0957485018854508,0.853615371445791,0.0247777743979222,0.108484545942235,0.211215779619214,0.808812729829062,-0.235366946288247,0.13158669344096,-1.79226113285952,0.0814368292469049,31.6114414640849,13.6403169624511,2.33507610669505,0.0262399661036858,0.0748409841697985,0.0802943270472056,0.956011571521154,0.369517795196146,0.59949300999431,0.645599061679099,0.940660674203186,0.369381035961236,-0.176815440493291,0.340758725136958,-0.525992930664469,0.605524772048018,0.598076387192444,0.426055617033608,1.4161297539546,0.173522931371954,0.0997452555391687,0.167270774933972,0.606911708752154,0.556141693552808,1,1,1,1,1,0.917184502141395,1,1,1,1,1,4.89080216561061,5.20410613146685,4.32030835703817,-0.518735692474006,3.37533632220103,-0.121640339146794,0.431985295337241
"3fae853851bfe19cdb50e15749f373b6",-7.02029503256735,6.05841645917481,-1.15946931703853,0.262793848229732,0.328981205681526,0.313665396268733,1.04945293045737,0.307165699006553,-0.0121849188569177,0.0217895208529596,-0.559874969131513,0.586639184448022,-0.0405396480621128,0.0448691007038782,-0.904888427860489,0.383124077514952,-0.0430094723384365,0.0544241260173277,-0.790728305487903,0.441070114812269,7.97442325642242,5.64162157941762,1.41495657081505,0.169290357284673,0.0645057326889626,0.0332096541027102,1.94343170509311,0.0626446704080346,0.579886344558261,0.267019132183428,2.17402003527982,0.0386345137580839,-0.149015442377993,0.140937471057275,-1.05900255230995,0.305641975319572,0.253701761142972,0.176216181024651,1.44175231381629,0.165128341809024,0.0798146109036255,0.0691830267633188,1.1554203184568,0.264418669608285,1,1,1,1,1,1,0.996492148321281,0.975082665134914,1,1,1,9.03458940428983,8.90602077781304,9.18849974825715,0.10870800421596,1.96548545563461,0.0506443485938775,0.478640331106624
"a99fb503372ef5103fa41e0c743bbad2",11.6483603834375,13.0441543662114,0.902276715986053,0.396810231729515,0.957467908076015,0.675341465189653,1.43867306918964,0.193725146015969,0.0916660054148263,0.046914218506943,1.97272609386586,0.0746648380651941,-0.17274200556984,0.0966060157465949,-1.79234851889926,0.108320780162399,0.282116422484636,0.11717859044521,2.42015565967321,0.0313170134826094,-32.1607783036381,12.1467685910282,-2.66799861411275,0.0176212117544628,-0.0547936467927306,0.0715024887251215,-0.769746213608658,0.463900803894954,0.848768205788851,0.574909104120393,1.48313451973374,0.169911183317054,0.62313329786062,0.303447301921687,2.06749101436048,0.0559988044118041,-0.153485372798427,0.379404598973851,-0.419874813134525,0.681534317656876,0.136569725484217,0.148955438554546,0.918105781750906,0.391605902388144,1,1,0.942237205930084,0.976875309597291,0.756144422670519,0.593402513569289,1,1,0.953008317601417,1,1,1.08144045425413,0.887373658946838,1.31466294392555,0.682280815550145,3.47008131024048,0.15487401088328,0.415250346045058
