"","Intercept..Est","Intercept..SE","Intercept..t.val","Intercept..pval","Crohn_case_control.Est","Crohn_case_control.SE","Crohn_case_control.t.val","Crohn_case_control.pval","A_SMK_CIG_CUR_FREQ.Est","A_SMK_CIG_CUR_FREQ.SE","A_SMK_CIG_CUR_FREQ.t.val","A_SMK_CIG_CUR_FREQ.pval","F1_SDC_AGE_CALC.Est","F1_SDC_AGE_CALC.SE","F1_SDC_AGE_CALC.t.val","F1_SDC_AGE_CALC.pval","A_HS_DENTAL_VISIT_LAST.Est","A_HS_DENTAL_VISIT_LAST.SE","A_HS_DENTAL_VISIT_LAST.t.val","A_HS_DENTAL_VISIT_LAST.pval","PM_BIOIMPED_BMI.Est","PM_BIOIMPED_BMI.SE","PM_BIOIMPED_BMI.t.val","PM_BIOIMPED_BMI.pval","PM_BIOIMPED_WEIGHT.Est","PM_BIOIMPED_WEIGHT.SE","PM_BIOIMPED_WEIGHT.t.val","PM_BIOIMPED_WEIGHT.pval","PM_WAIST_AVG.Est","PM_WAIST_AVG.SE","PM_WAIST_AVG.t.val","PM_WAIST_AVG.pval","PM_WAIST_HIP_RATIO.Est","PM_WAIST_HIP_RATIO.SE","PM_WAIST_HIP_RATIO.t.val","PM_WAIST_HIP_RATIO.pval","PM_STANDING_HEIGHT_AVG.Est","PM_STANDING_HEIGHT_AVG.SE","PM_STANDING_HEIGHT_AVG.t.val","PM_STANDING_HEIGHT_AVG.pval","A_SLE_LIGHT_EXP.Est","A_SLE_LIGHT_EXP.SE","A_SLE_LIGHT_EXP.t.val","A_SLE_LIGHT_EXP.pval","NUT_VEG_DAY_QTY.Est","NUT_VEG_DAY_QTY.SE","NUT_VEG_DAY_QTY.t.val","NUT_VEG_DAY_QTY.pval","NUT_JUICE_DAY_QTY.Est","NUT_JUICE_DAY_QTY.SE","NUT_JUICE_DAY_QTY.t.val","NUT_JUICE_DAY_QTY.pval","REFINED_GRAIN_SERVINGS_DAY_QTY.Est","REFINED_GRAIN_SERVINGS_DAY_QTY.SE","REFINED_GRAIN_SERVINGS_DAY_QTY.t.val","REFINED_GRAIN_SERVINGS_DAY_QTY.pval","PM_BIOIMPED_FFM.Est","PM_BIOIMPED_FFM.SE","PM_BIOIMPED_FFM.t.val","PM_BIOIMPED_FFM.pval","SALT_SEASONING.Est","SALT_SEASONING.SE","SALT_SEASONING.t.val","SALT_SEASONING.pval","NUTS_SEEDS_SERVINGS_PER_DAY.Est","NUTS_SEEDS_SERVINGS_PER_DAY.SE","NUTS_SEEDS_SERVINGS_PER_DAY.t.val","NUTS_SEEDS_SERVINGS_PER_DAY.pval","Intercept..pval.holm","Crohn_case_control.pval.holm","A_SMK_CIG_CUR_FREQ.pval.holm","F1_SDC_AGE_CALC.pval.holm","A_HS_DENTAL_VISIT_LAST.pval.holm","PM_BIOIMPED_BMI.pval.holm","PM_BIOIMPED_WEIGHT.pval.holm","PM_WAIST_AVG.pval.holm","PM_WAIST_HIP_RATIO.pval.holm","PM_STANDING_HEIGHT_AVG.pval.holm","A_SLE_LIGHT_EXP.pval.holm","NUT_VEG_DAY_QTY.pval.holm","NUT_JUICE_DAY_QTY.pval.holm","REFINED_GRAIN_SERVINGS_DAY_QTY.pval.holm","PM_BIOIMPED_FFM.pval.holm","SALT_SEASONING.pval.holm","NUTS_SEEDS_SERVINGS_PER_DAY.pval.holm","Crohn_case_control.rab.all","Crohn_case_control.rab.win.0","Crohn_case_control.rab.win.1","Crohn_case_control.diff.btw","Crohn_case_control.diff.win","Crohn_case_control.effect","Crohn_case_control.overlap","A_SMK_CIG_CUR_FREQ.rab.all","A_SMK_CIG_CUR_FREQ.rab.win.0","A_SMK_CIG_CUR_FREQ.rab.win.1","A_SMK_CIG_CUR_FREQ.diff.btw","A_SMK_CIG_CUR_FREQ.diff.win","A_SMK_CIG_CUR_FREQ.effect","A_SMK_CIG_CUR_FREQ.overlap"
"7e464b9b7f9ca86103a675a09263efec",-13.8803101859232,37.3604035546769,-0.385146266469163,0.652961348077992,0.121722019576822,0.613303263263205,0.215421558704395,0.729790740576234,0.222820977317271,1.48309661925105,0.140834532209186,0.8013830134159,-0.00436980072771481,0.0406607594366434,-0.12583892853967,0.774570221002425,0.0777989343670591,0.385192640465995,0.219011962013854,0.689030264353904,0.237152183227293,0.688385565309479,0.361635702409958,0.666029010132009,-0.267151659850602,0.249458108374555,-1.08985644200973,0.321589981087415,0.239201036214726,0.101293013115928,2.36630653136781,0.0316521321388309,-21.9988785363466,10.0775340907458,-2.19202292213697,0.0514392983530909,0.128805296258366,0.22624429351011,0.58630482413066,0.560598253598744,-0.115104551248887,0.535879374013437,-0.20682556640183,0.721830820847884,-0.335205273390498,0.230838649756271,-1.44578075647841,0.178855186583233,0.609959672659766,0.400269951887347,1.52838964608296,0.139676397740254,-0.615080592901265,0.363672415065305,-1.68622066575928,0.120701137426692,0.10942314119146,0.0871810121208796,1.25613014916236,0.229079196507121,0.277514126801322,0.321755500624922,0.858669011864444,0.415591620239206,0.42770689773813,0.636559689527685,0.654849896199253,0.529154308561772,1,1,1,1,1,1,1,0.801683969759232,0.859573343924147,1,1,0.999239778476457,1,0.99012220463443,1,1,1,1.8880521914679,1.69151007084259,2.04467104149496,0.489250031044423,2.64599094315333,0.149177396264914,0.417578126077323,1.8880521914679,1.91833098358958,1.42551544745503,-0.34913882449969,1.81153919352457,-0.157861810411566,0.410156368053223
"41f01f3e3cbf6beb908ae1ebb553208e",-37.6538731370675,62.397446648721,-0.614347446067941,0.500066450608881,0.703809402281162,1.02430793053256,0.701203951796849,0.487587980860861,0.0947916688537562,2.47699257421514,0.0392666980551147,0.578598231474563,-0.00575476015947261,0.0679095332557464,-0.0852110482058776,0.609881314124167,-0.0113434014161725,0.643329165269364,-0.0192794741215818,0.607500745057705,0.481281324877547,1.14970657429558,0.426203150175761,0.565556395037955,-0.269399686385764,0.416632250388087,-0.654888318387637,0.502836967469576,0.085011290739155,0.169174440863289,0.501453659463784,0.52932400591813,-6.40883134125269,16.8309851058678,-0.378851230219269,0.567192432752604,0.203168047666217,0.377861716970331,0.547537440906235,0.511460958633156,0.640665522603505,0.894998486866388,0.730341016377454,0.463862015441384,-0.269791306250545,0.385534977199854,-0.715691595236235,0.491806226196831,0.331708876858646,0.668510524288763,0.507805519622177,0.552556108848324,0.0944919508688584,0.607387178873452,0.158343852710785,0.60582149080028,0.0769941667754683,0.145605294242415,0.533487607860072,0.519522382291328,0.26241883272998,0.537379679392216,0.498561144408115,0.550785885950824,0.0636356868969027,1.06314963134433,0.0684072958247664,0.614300090401468,1,0.991145971266532,1,1,0.999855628200517,1,1,1,1,1,0.986818325628421,0.992369114665895,1,0.998467003146585,1,1,1,-4.6242445745893,-4.94349210459543,-4.26606213372451,0.973743957605584,5.36359234756762,0.160929729430209,0.4240531052439,-4.6242445745893,-4.61048349638606,-4.93874179404464,0.138033986672817,4.94033606044766,0.0286019223378077,0.49218750993648
"bc6f21affc11d8c4a5d6454f728e4add",26.6485629489505,60.0818440266373,0.443232881383191,0.546825718640089,-1.26849325163247,0.986295315319065,-1.3013315488924,0.292531256801909,-1.16126597585987,2.38507005482064,-0.494463879300134,0.55245912106921,-0.0386778243242021,0.0653893741512118,-0.613021624287763,0.507561360469407,-0.608343924556499,0.619454875823721,-0.993962798543094,0.412090273530283,-0.351189957370052,1.10704034833519,-0.313581390719975,0.577447016074746,0.125377735545249,0.401170804715885,0.311777339174354,0.582561396914457,0.0170509253979691,0.162896286869938,0.0992269757836341,0.615659767632794,3.21037623388763,16.2063782455454,0.202099877567408,0.591920854280645,-0.198656084702797,0.363839066531966,-0.544935964397145,0.526599322565184,-0.294770396233175,0.861784614276119,-0.343779562563228,0.555628714848467,-0.0978583155683595,0.371227567969876,-0.25768247619347,0.580185822658395,0.0215506679661553,0.643701741140178,0.0275272035333085,0.585769280848799,0.154391887046094,0.584846715768649,0.27084883596473,0.562723412352301,0.00658901656852001,0.14020180388751,0.0378485126448949,0.555214899163526,0.367083288580514,0.517437232040797,0.720057622905508,0.468587126268528,0.597704925169064,1.02369557983694,0.585981153155099,0.531577642541647,0.986964724851844,0.945295639365283,0.992796980665198,1,0.96814324703455,0.989187846478733,0.990822451806076,1,1,0.986469189590304,1,1,1,1,0.986479290972983,1,0.996401985559729,-4.48727002978776,-3.8752231165342,-4.93694634428668,-1.32211386341348,5.38228958819399,-0.230219116823772,0.393986725346342,-4.48727002978776,-4.46337086180919,-4.97940277849302,-0.824315331846658,5.0892874206806,-0.168156074593827,0.431906702321737
"c2ba82ad21732bcd0ef11c61560cf91c",-78.1608983543857,54.2952407768299,-1.43919768156947,0.178834309626033,1.59223771980376,0.891303229617354,1.80538297214865,0.113680781056883,-0.208266598921122,2.15535916039263,-0.0927594597638003,0.739365963420883,-0.0617011916226303,0.0590915919992772,-1.05297472526361,0.330079324757017,-0.0484568822561557,0.559793930730868,-0.0826234371416854,0.789535321757538,1.01239376641788,1.00041906563114,1.01052608972471,0.347476165932175,-0.334085768475693,0.362533237578838,-0.919288413637252,0.388916425012689,-0.0662121637042549,0.147207417823821,-0.455383576622509,0.632935848316335,8.56467459241368,14.6455093584036,0.59355595304912,0.567244715240183,0.46157594175588,0.328796994190322,1.40355458370749,0.19229575874554,0.461054747640631,0.778784404638856,0.590309151577551,0.567316358602514,0.382039320179217,0.335473894193149,1.1414699731208,0.296393832081425,-0.178068261211378,0.581705531677348,-0.306134842353779,0.716343686650133,-1.14477514909004,0.52851895218327,-2.16923428160049,0.060718617814125,0.0445151037621023,0.12669868614624,0.348308051145072,0.728026193121898,-0.433784610812754,0.467601811424027,-0.938404371388346,0.386469877937286,-0.288588566023178,0.925101399430765,-0.311197283659622,0.741049573141848,1,0.964040074483968,0.999736701401668,1,1,1,1,1,1,1,1,0.99611153442929,1,0.854198181434014,1,1,1,1.35346543970368,1.00264448516413,2.00153587832768,1.22977456572648,4.44416234728825,0.235147969785804,0.374853574519463,1.35346543970368,1.31267818127201,1.97853750522592,0.307013683817786,4.25234874146301,0.0688457137246827,0.46303506634964
"250a576e3788b3f444938c7b08afb2e3",28.7213401625079,46.8011927769473,0.617053363632674,0.548942382360228,0.452813167419968,0.768281964960705,0.597483276283951,0.563667198562431,-5.02834890903518,1.85786780067364,-2.7179460837896,0.0167609357223277,-0.0102420723930392,0.0509355322692495,-0.209460461062661,0.826408596452203,-0.57190826174411,0.482528915843406,-1.19726516583547,0.259208008842537,-0.417224619618453,0.862337193434402,-0.488143667469043,0.634800057068302,0.147502993023773,0.312494938731694,0.480044470604704,0.637031736715326,0.0937239781675266,0.126889256612512,0.729148744227304,0.480644508285826,-13.9157102726441,12.6240771196973,-1.08737712651441,0.301893844669115,-0.0562154988056436,0.283415107648788,-0.201714719111571,0.794707752951583,-0.252822684888756,0.671293441776893,-0.386099889829003,0.685413935694145,0.152566797229087,0.289170434998179,0.54601086648195,0.572813438562963,0.317228029347126,0.501416189300076,0.631071464980512,0.533989414631943,-0.106392290324114,0.455570635906545,-0.226478112816304,0.805944373686181,-0.171688265462861,0.109211222753184,-1.58179632401042,0.130400937317166,-0.278164735740231,0.403061524476095,-0.695201442868622,0.496816669677888,0.623347134453346,0.797415175133713,0.772442557278894,0.452021643057612,1,1,0.533696069270447,1,1,1,1,1,1,1,1,1,1,1,1,1,1,7.11321818735542,7.08587116577087,7.15577414040997,0.0886173696964621,3.68945183494676,0.0175883981120134,0.489262007165001,7.11321818735542,7.17649454227956,2.83519041164721,-4.92580588208189,6.91918899573171,-0.683261947828481,0.218750523151062
"eedb6e6a512baecd8df273d5495ca5c0",-15.3531928468456,55.2661928080404,-0.26729286212268,0.497241179920282,0.122574295838113,0.90724224506032,0.151224593016867,0.560480899282857,-0.773316500356559,2.19390306083085,-0.360402805481243,0.52954782528894,-0.0615415289155499,0.0601483163172517,-1.03615422991203,0.414179947888834,-0.113615634039136,0.569804624970838,-0.204189528043725,0.503038695788309,0.0552683279502442,1.01830937995591,0.0409274257699356,0.53729504487607,-0.0633505207171571,0.369016354300898,-0.155387097282382,0.53643766416812,0.145172639578572,0.149839901616144,0.967135122807873,0.410438041063056,-3.90912075904691,14.907412369721,-0.253470715346103,0.556319288946402,0.0912308307566764,0.334676811735974,0.26114744865914,0.498875800286657,0.37865287793863,0.792711266160056,0.469850892662476,0.491277549630623,0.0745470769436017,0.341473113541375,0.221992144576089,0.55317380771693,0.523866763414035,0.592108067138421,0.893232969565956,0.433525671211008,0.0930262392786447,0.53797036160357,0.180046951128065,0.552164654981164,-0.177710075376533,0.12896441597643,-1.39676218692027,0.247890768405247,0.0159965188458535,0.475963850566022,0.027507101144951,0.586492625749991,-0.793945868437952,0.941644821469263,-0.842491977611815,0.433736011316169,0.999874850943746,1,0.987618721134764,0.957941595840615,0.987948512154382,1,1,0.992720218483397,1,1,1,1,0.998453607068255,1,0.956217621998992,1,0.98030396102103,-4.88146497771254,-5.16678297243443,-4.46363014365649,0.819926605509574,4.9667323118029,0.152674046708794,0.430078125906837,-4.88146497771254,-4.88566783224493,-4.73708785211813,-0.215002472437826,4.80000790594265,-0.034622110825486,0.480468774873089
"ed32eeb458a2b9bdee12e2db96fcb98b",51.7428207838826,57.1222728646936,0.902389007709945,0.40346449765179,0.485307084375511,0.937711400832613,0.524058399665869,0.599928987761835,-4.48651110244304,2.26758390458975,-1.98715927491665,0.0734139979346114,-0.14703572496492,0.0621683593975755,-2.37585269643997,0.0270337144948511,-0.291786574056377,0.588941152147056,-0.501212909710082,0.625477857972848,-0.823269512121258,1.05250865505712,-0.778237373391051,0.463052094699008,0.356771082066448,0.381409534670238,0.932393407573919,0.378745227743793,-0.00222848495971745,0.154872179740433,-0.017944053092031,0.805134001651754,12.8513723036779,15.4080683655456,0.840234318657039,0.426859668548092,-0.309360353970427,0.345916720333352,-0.890141801693391,0.409637219965951,0.148556538883955,0.819333971597982,0.176099883435749,0.757626651059046,0.615395006459462,0.352941271627257,1.75129524680892,0.112248059922299,-0.868385538175364,0.611993641283475,-1.41806813367294,0.173840724988396,0.276506829163683,0.556037755221783,0.496206661928781,0.627402778177716,-0.105849990029164,0.133295604146804,-0.79973966641008,0.451486987335546,-1.14462205663427,0.491948794811991,-2.33704706279712,0.0298372595254656,0.31702605110763,0.973269365965219,0.329416815455844,0.726254270817848,1,1,0.92773707789349,0.839145990085359,1,1,1,1,1,1,1,0.998690611417712,1,1,1,0.84604571649087,1,2.93636939614143,2.70995999218244,3.14234699878659,0.14072326525198,4.94312045446151,0.0234446999461723,0.483795392630942,2.93636939614143,3.00877619995424,-0.617322349614136,-3.78940670856399,5.05785934555041,-0.559809738479343,0.272373903130409
"645dd8b575c7e7c0952933bbe90b4bb9",-71.486443832099,63.7430767217094,-1.14352145329688,0.342359715766418,1.40526708700589,1.04639760934722,1.36147250625652,0.256494543223747,-0.325711310785919,2.53041007569077,-0.113544463548858,0.594378107047154,0.0165927723860755,0.0693740340502419,0.256275974334575,0.622129880956109,-0.71663199953028,0.657202859116015,-1.11331366591694,0.353588019182441,1.00236326121582,1.17450053341692,0.872383676617857,0.43980171326031,-0.39446554369336,0.425617119410937,-0.941347841357015,0.413483065917455,-0.0394741163072505,0.172822766675213,-0.250834481859329,0.60702676558121,13.8858815426234,17.1939531587752,0.834983933369074,0.43942358504549,0.356885872858575,0.386010481336424,0.94278749137665,0.413836649301792,-0.377519414931409,0.914299547148336,-0.420232232715244,0.568007386122461,-0.225615829605514,0.393849219005767,-0.591566711911449,0.494701040595178,0.551404896230191,0.682927265900909,0.825877181611082,0.422724584221115,0.884489922437324,0.620485767000639,1.4412169899149,0.212368321691491,-0.00721776057709141,0.148745340402027,-0.0568073769653687,0.651324482883291,0.351395527260609,0.548968523103626,0.646091907328842,0.503842510079143,0.803834292904771,1.08607694957383,0.758651914745061,0.462889078884786,0.981197356762466,0.96373851884412,0.992187634502396,0.997811934169025,0.991010811993914,0.994367138974934,0.990981800319442,1,0.995846319216893,0.993415604101642,1,1,0.998945676982059,0.992918145687058,1,0.99782439979528,1,-4.74033486613044,-5.3885104067554,-3.95782134563736,1.74537378718771,5.81991336091103,0.261686088330613,0.371484376749759,-4.74033486613044,-4.7232783291105,-5.27636942522143,-1.20646910991314,5.51443022187613,-0.188478483841286,0.420233566303314
"0f898170dbe4592000abdcde0dd2ba2e",-18.3959487266279,28.1189754941357,-0.643406496057823,0.530959083496696,0.964008457897574,0.461597247067548,2.07541047893641,0.0480655647625532,-4.01652082746071,1.1162394814907,-3.56073067156549,0.00178775713759019,-0.0139324969851551,0.0306029589990549,-0.465221253772711,0.649317626366951,-0.0962739278094591,0.289911815377831,-0.343763176870583,0.730613798902836,0.129875353656986,0.518107274005364,0.238644003898204,0.789202176811305,-0.0455015615821368,0.187752426869046,-0.236062894408453,0.801834913445611,0.0471522675877243,0.076237285535889,0.636916990270268,0.539098461799657,-5.75109026799092,7.58476641517769,-0.764075953366067,0.45395817426621,0.184088485842138,0.17028075554881,1.07210468240405,0.297340845321454,-0.551701195507294,0.403324845344458,-1.35067322885392,0.197820674250324,0.503282495907381,0.17373865692046,2.87645288259896,0.00777473152297588,0.0768328167432257,0.301259619738508,0.267557950833087,0.776044495855074,-0.209629281617296,0.273714809106614,-0.778825298734943,0.45140288375233,-0.0716550538168274,0.0656160134831862,-1.08726900959559,0.287925753187789,-0.252459627245026,0.242166416214821,-1.04066438872454,0.307493118577377,-0.345334953050403,0.479100989479084,-0.716745223577991,0.481123133730705,1,0.987439706012032,0.10139597376778,1,1,1,1,1,1,1,1,0.409995297546208,1,1,1,1,1,7.48904462421208,7.29487235596436,7.74509567071269,0.555208029272848,2.49028890646021,0.194769732027448,0.407031251224493,7.48904462421208,7.56150819696421,6.38867666151169,-1.66132098331964,3.29115976870155,-0.389712559983184,0.264591821286511
"b5c3abd1c966bb0457d8dfe34c35b160",153.178418126998,71.4075124928911,2.16332311877946,0.0542424370874013,2.25040294078814,1.17221593630018,1.92206077994782,0.0769893105757144,-0.39933848101114,2.83466532186525,-0.141664359442303,0.763750134912415,0.0522526671980934,0.0777155333237585,0.687898055468336,0.507052213265638,0.652047291389012,0.736224603302017,0.880301922855487,0.400434628675496,-2.94246156480858,1.31572189210491,-2.2560052148572,0.0435444313304846,1.22422435913672,0.47679310969271,2.58873242474441,0.0211949466409914,-0.115948414258119,0.19360288999375,-0.603663133918558,0.550095833880016,13.6540012344515,19.2613455159637,0.720102405822015,0.463865049695483,-0.983433120369832,0.43242418919873,-2.29496468614086,0.0427595339223548,-0.309868089499866,1.02423446894906,-0.299598032255451,0.712530163360375,0.45751638868762,0.44120545277808,1.03115963115249,0.336849147186867,-0.417078095707137,0.765042099935953,-0.539056034513386,0.603623549658923,-0.238879447135964,0.695092666332957,-0.345003117567145,0.698689274335925,-0.148955343115005,0.166630405987285,-0.894927044516371,0.407434230408975,-1.28948973980301,0.614976224678773,-2.10908168781207,0.057584947746414,1.38223366928642,1.21666630061679,1.15299775740209,0.283717324427924,0.88998534492965,0.984801501779041,1,1,1,0.848661416647807,0.619613892375767,1,1,0.815083563826652,1,1,1,1,1,0.891965278789693,1,1.57609789497862,1.48984669104654,1.70645985901781,0.769720648035474,6.77337624901518,0.0989007998465293,0.449824288031743,1.57609789497862,1.61565890152959,1.05865544780969,-1.27798890680035,6.24783861042325,-0.187864934482564,0.398437634700327
"ca39c1dfb5e738c293917a0ab7391c33",-80.1141952299661,71.0309012941272,-1.13731867759721,0.315874522074789,1.4248929568363,1.16603353848841,1.22034389971532,0.287569971764747,-0.880108323791365,2.81971498025983,-0.322111640017262,0.612504214293387,0.0122070929455954,0.0773056529183803,0.154877912966065,0.68322058675626,-0.724557530615222,0.732341672490828,-0.994656237222459,0.379748631568462,0.977937341433575,1.30878262784928,0.754863789767417,0.481738793369393,-0.390978662186876,0.474278449563335,-0.834124733902012,0.445306798029909,-0.096687975932943,0.192581806721987,-0.501950602429518,0.593790848825257,26.9080427446225,19.1597590277731,1.41088047523212,0.223302865269315,0.382401969869104,0.430143535713078,0.897823720384286,0.414843038994036,0.481046352812828,1.01883254192907,0.475351184046002,0.584040985192666,-0.372960142231617,0.43887848592724,-0.854608896990649,0.425279307646004,0.922950296927911,0.761007182427932,1.21945325547909,0.267035771612888,1.39008275348409,0.691426669952735,2.02580258930468,0.0728242444805245,0.00657709451703063,0.165751578609624,0.0410029831867832,0.671092065316884,0.0413590838884286,0.6117327713627,0.0757634147796878,0.668539576143801,0.154231882093323,1.21024946661747,0.123407324773476,0.656457745017412,1,0.991960412402155,0.994244252699712,1,0.994177077422912,1,1,0.999543780265729,0.984579947740709,1,1,1,1,0.927795020018883,1,1,1,-4.15904004091884,-4.83695608098154,-3.13304085660252,2.06899343509262,7.11955526490908,0.283715437911167,0.372265626737632,-4.15904004091884,-4.08991486282721,-5.10549103936891,-1.92529083557477,6.46562155052897,-0.237122631995672,0.371093925582189
"7d669e880492b330a9c9c649f65c2ba6",10.1527829190697,63.0975751600424,0.167128194195072,0.640448930696971,0.1350973745723,1.03580114419843,0.135246909750118,0.648205355223594,-0.223735353731391,2.50478558845982,-0.0971372691217572,0.683330289792018,-0.0160375486255196,0.0686715099547376,-0.238998233823114,0.667641429183123,-0.0529708717760454,0.65054761914786,-0.0703051727162755,0.642111690689577,-0.81464742812857,1.16260681934646,-0.707470201463384,0.495156169064825,0.403382525972408,0.421307058940348,0.963643522557537,0.391944544953432,-0.00712519894067412,0.171072657149318,-0.0312771270830804,0.679687710703659,10.2926536790203,17.0198366243055,0.599588793844264,0.549494120462508,-0.113837614287525,0.382101502019182,-0.304713577305636,0.618477354234488,0.627983919235927,0.905040788144712,0.71138536475563,0.457759834269217,0.0754357478629431,0.389860859814391,0.199925783714752,0.611742778908501,-1.03019724001083,0.676011524783349,-1.54157690083512,0.201890598789396,-0.211107269687169,0.614202346867975,-0.355433915920257,0.583759659189293,-0.180963992262207,0.147239053688892,-1.23314521485146,0.263748234082342,-0.664908307268265,0.543409330526265,-1.23747875537602,0.28953419622461,1.56101802202593,1.07507866704503,1.46582542745285,0.207820742703932,1,1,1,1,1,1,1,1,1,1,0.997026419047898,1,0.950611558747147,1,1,0.984232989615925,0.996082173208409,-1.81918643080669,-1.60333235645167,-2.07610999004357,-0.1926426184875,5.93180063846977,-0.0328944957421378,0.483795392630942,-1.81918643080669,-1.70647963362084,-3.29887057029393,-1.25683903395403,5.50221716630094,-0.199581353782431,0.385214160662816
"494975433cf1f940b003816db0232f8b",8.09013715138191,54.3322219197497,0.145013134958771,0.53679635951118,1.07270494423176,0.891910306990026,1.21812099163802,0.329041146564004,1.93180914442613,2.15682720149556,0.899698920424307,0.410900668472704,-0.00630739823794181,0.0591318399948256,-0.120057458189203,0.538581135202121,0.3806728722366,0.560175213124349,0.692108721644391,0.420823466065736,-0.259795068077208,1.00110046311491,-0.253145975226715,0.526304842524929,0.0807030416867114,0.362780163336608,0.215055409000878,0.529416974728003,0.00476393656610252,0.147307682570409,0.0272350339934883,0.539269632633717,1.15741534890115,14.6554845913516,0.0872785310920611,0.505584359618613,-0.102635258368681,0.329020941786093,-0.31042272224925,0.521995047365166,-0.242087531871388,0.779314844083633,-0.328376163945142,0.515987597803486,0.0433081625765543,0.335702389505989,0.135524402409157,0.542132444932039,0.13524042752186,0.582101738326336,0.243912609681958,0.509567582455613,0.431954303052053,0.528878932811901,0.834106246009526,0.409861986016535,0.0384345999314048,0.126784982148488,0.314935695882533,0.524748049641756,-0.120187048904371,0.467920300653847,-0.246126744910487,0.558758829071205,0.296958953064272,0.92573149714427,0.311480551989605,0.527715671929793,0.99942774016545,0.932257512346577,0.989146002640302,0.992793228327574,0.999850366480613,0.998555445423631,0.999443372244821,0.997269074765774,0.996022232371931,0.999769698883149,0.995270657601064,0.994855918240941,1,0.97683334320565,0.980114496392486,0.994910320731881,1,-5.17797915536831,-5.57262142469492,-4.76698622777426,0.832332592152858,4.80704278818257,0.153509692085937,0.421710270445734,-5.17797915536831,-5.26113986425057,-3.00968951371014,2.15055020805285,4.56783479282479,0.359572267066159,0.32031276236758
"b67b924653e2ba692fd3ea7c8f75c2ee",54.6618401955606,58.4262254218464,0.962731083685578,0.413006331068452,1.38828459306111,0.95911690726061,1.4656394201757,0.227174152353198,1.62643746360402,2.3193469329614,0.71059146623116,0.446654861866594,-8.66050046323501e-05,0.0635875009538382,-0.00160549788091727,0.611161686013122,0.275410922187523,0.602385143130639,0.458619286955221,0.462809803378745,-1.2929543648689,1.07653468349332,-1.22538490263849,0.321289531684376,0.531432411778387,0.390116119914732,1.38959876441239,0.267897957309552,-0.00275426081504336,0.158407507812597,-0.0203728331303199,0.585582339819762,-4.03371036473155,15.7597943935632,-0.259925035758528,0.52741376780007,-0.342537579535937,0.353813097165363,-0.994936492283971,0.403648773456739,-0.281031806974814,0.838037229956731,-0.345185205864389,0.57063511955095,0.188542098692459,0.360998000650509,0.526372407165575,0.509208018665106,-0.364299060295665,0.625963860490318,-0.598458741536655,0.495877580392109,-0.0731091313203796,0.568730647441117,-0.115498959452357,0.586377375025712,-0.101716621024665,0.136338395253806,-0.758341514421475,0.489738212561415,-0.337494948435725,0.50317870316145,-0.671540490181572,0.473902228232604,0.843139363938746,0.9954865680285,0.868465185470626,0.432892062492858,0.982557457777254,0.945952565966183,0.992107742595617,1,1,0.96391405863091,0.953039924620468,0.993819743677584,1,0.981906683890867,1,1,0.992643666574952,1,1,0.995734367279698,0.998854216647139,-4.79380181787303,-5.2043021033204,-4.37034173174551,0.886096549098305,5.11833908799742,0.147201680180261,0.42773437593851,-4.79380181787303,-4.83781268201849,-3.69769328070319,1.49255453699601,5.1924055466312,0.258408615925972,0.386718901837579
"632a77028290d1ecbd9bfe2958610b8c",6.91824206725271,21.5549472641874,0.321557175850352,0.746546357590723,-0.0683995395549725,0.353843059463888,-0.193456213613206,0.825432310180282,-0.0134296066151407,0.855667133489758,-0.0162282173168795,0.881595921142964,-0.00357688086605667,0.023459075437876,-0.1531880460659,0.850589783511508,0.38903029481897,0.222235475579017,1.75127285371056,0.0895305453266674,0.0122089929879064,0.39716151716504,0.0303510925371998,0.872640724998336,-0.0771465788056776,0.143923937084035,-0.535830935921215,0.600775238974719,0.0979788570790698,0.0584406309409671,1.67737406149787,0.104744431411073,-10.2832217437936,5.81419618664382,-1.76929432242091,0.0876332764618264,0.0106708300736104,0.130530812074787,0.0813652949268067,0.865398627449642,0.358069780753068,0.309173631647761,1.15925974934848,0.25880760806125,-0.101000921262872,0.133181508993892,-0.758579303982836,0.459213725213305,0.099383682773945,0.230934274886614,0.43084072618739,0.672604749524322,-0.462833539690034,0.209819460774829,-2.20685233311166,0.0340173621690244,0.105484572441183,0.0502987639294061,2.09798798062081,0.0435532865080276,0.282756920142942,0.185635651332899,1.52425050573754,0.138862090834075,-0.0573342052809702,0.367260768963485,-0.156909414889159,0.843694345172805,1,1,1,1,1,1,1,1,1,1,1,1,1,0.975655336249796,0.991657765141486,1,1,8.37889787765297,8.28644882471452,8.46675210329233,0.0229571793044907,2.12168926423262,0.0110012968048314,0.496875000039738,8.37889787765297,8.37801160833582,8.39603618012798,0.360192380337742,1.94263688957084,0.168676392600166,0.417968857192783
"5b239eddc0c4c102c7f721bae475cf22",-90.8664705429687,48.5776041687572,-1.87743400450564,0.0741031368754714,-1.14123799646007,0.797443290852181,-1.43273758962763,0.1770519268491,0.328408235781587,1.9283860359956,0.162189328072295,0.845772588622669,-0.0115566260333096,0.0528688688874471,-0.212055541662965,0.732994334536717,0.468967029079069,0.50084404441432,0.932402899138799,0.3666784332037,1.95571002615449,0.895068530460343,2.19097177727203,0.0399124695328614,-0.682641024022142,0.324356165681435,-2.11292178927276,0.0486460982730544,-0.0486538318521194,0.131705533881748,-0.369935209738107,0.688251547000652,-1.8221638677513,13.1032434202956,-0.138615011108754,0.763145267363269,0.590248171946405,0.294172564798177,2.01324373987001,0.0562637930228548,0.31476874523773,0.696773418813015,0.452371458780222,0.648828531094467,-0.208551718220304,0.300146344465991,-0.691634959560258,0.50387512826218,0.703717843280539,0.520448213440054,1.36222608847742,0.196610332854743,-0.436827834471228,0.472862521420137,-0.926504549266989,0.37699936977459,-0.0212954847868286,0.113356503005695,-0.172444282712617,0.783730823052417,0.858193138175718,0.418360345749562,2.06902435545343,0.0490355439285127,0.335054144479013,0.827682296911161,0.401677444416985,0.684931207175872,0.999141499843167,1,1,1,1,0.919004724795401,0.940197031940599,1,1,0.986119223793933,1,1,1,1,1,0.991305513429027,1,3.64467791466804,3.82882255109932,3.45354988352251,-0.530064592731669,3.48154389520578,-0.101624391652501,0.432812500870043,3.64467791466804,3.657174808267,3.30528783671349,-0.56813315769996,2.50153582342602,-0.183369706737396,0.400778340435001
"51c79d7c5c2260b32f6ad5b82272898e",9.11177079684107,55.8829442648334,0.161509687150209,0.535870727821839,-0.494442289226216,0.917366752428661,-0.541393046179951,0.527808092632738,-0.148659482590574,2.21838625462583,-0.0711612817678972,0.570468332889459,-0.0358452071622028,0.0608195505714578,-0.598285090471518,0.51243671424539,-0.223289468198736,0.576163446063488,-0.400486880111573,0.520877377976811,-0.353906150574755,1.02967335785349,-0.344564075212414,0.539943698764304,0.0970497105141497,0.373134448248241,0.261555235137673,0.541544585788288,0.0977865229850212,0.151512062713408,0.645785628526339,0.4813798305692,-5.50259054424966,15.0737738979698,-0.358285759669421,0.526649772271102,-0.0233343297616123,0.338411688352317,-0.0665340587935211,0.543478057612269,-0.341383089742859,0.801557647706884,-0.445809453391449,0.515411897937865,0.41582852771084,0.345283834518009,1.23678256043284,0.342026859448657,-0.467706952475196,0.59871578687506,-0.801840375401702,0.480247840684932,0.0642842529716313,0.543973923408215,0.117298283673064,0.526815367199724,-0.171501966314588,0.13040361392705,-1.33829249427067,0.273341491409267,-0.99233546935235,0.481275441310784,-2.10461236581218,0.111818512681556,-1.2838282314631,0.952153249604344,-1.36514614181033,0.266580158787945,1,1,0.998804758833275,0.98960012536832,0.998158140818269,1,1,0.987090572233143,0.9974592271679,1,0.986692811004261,0.936986685888665,0.992165355026153,1,0.940112412451462,0.770593791254101,0.933980763960756,-4.46799431532834,-4.20720802141511,-4.70429202000926,-0.497654228636448,5.01231235105433,-0.0871768866027405,0.455468750570772,-4.46799431532834,-4.50799832863495,-3.61722752294578,0.559480160394338,5.01335253414533,0.0969348281020093,0.460937549975292
"20f887a0f58476d52027e0798805c1d2",55.8375473345447,62.232991160033,0.906699131943813,0.406210358460069,-0.824435389193479,1.02160825177437,-0.815831826535403,0.439233693601268,6.03577441343289,2.47046418169033,2.45405988069879,0.0230102438769806,0.0794884108661634,0.0677305500428432,1.17764231095432,0.298059231128375,0.776319531401436,0.641633598896958,1.22424006604733,0.270498486745861,-0.539036911800698,1.14667639330775,-0.474900110523193,0.591956722215811,0.24027886276519,0.415534169232195,0.585106281882885,0.55136073713678,0.00565558584737187,0.168728562596791,0.0335845620265479,0.694386402079817,-1.34667567913572,16.7866251515853,-0.0824057799320586,0.645447168480643,-0.348803974521336,0.37686581991591,-0.93491573152,0.396630243614678,-0.639146646732711,0.892639617690839,-0.711955860043263,0.500433231797785,-0.714957523546217,0.384518856405061,-1.87303118069874,0.10561960930421,-0.55960062203961,0.666748589612431,-0.846743192277146,0.445597466648494,1.11797269313511,0.605786341648705,1.85722829996548,0.09836406041465,-0.173797668327614,0.145221535112734,-1.20658697867666,0.293182851345014,-0.313439130532513,0.535963354806325,-0.581320311349446,0.570413357651634,1.48044048317472,1.060347580915,1.39877165586562,0.205893470900493,1,1,0.751987393054383,0.999504884434937,0.999654448770398,1,1,1,1,0.997422095305008,1,0.932582453909771,0.994665763868529,0.962376583468933,0.994479449418078,1,1,-1.73743675227059,-0.925788738527965,-2.05364439265108,-0.551399200745425,6.20263953043213,-0.0826078898021335,0.458593750530143,-1.73743675227059,-2.05614210241644,2.3188862123103,3.99090119947999,4.86784925784215,0.839320021607865,0.164063278652761
"3a4c1eb8dbc9f93fbbfbd8702754c0df",20.9371314594828,56.183857747851,0.378514203408318,0.621331863078374,-1.9285545948661,0.922306506915641,-2.11048542322688,0.0634357685490307,2.92064705093698,2.23033162263283,1.32058726067391,0.21746837353196,0.0546268112692143,0.0611470462508424,0.909848371440485,0.419553788930243,0.619625921657288,0.579265919485804,1.08142286494739,0.32020637720237,-0.350339370241654,1.0352178509105,-0.344119104283938,0.623141527946223,0.158024227559555,0.37514366927146,0.427785738828664,0.601065896239297,-0.056442744683947,0.152327911325361,-0.373208972053422,0.603094621884877,1.7870740457428,15.1549418082424,0.11968678128791,0.655117126226452,-0.134856341317733,0.340233937361842,-0.403110974054575,0.615415273526075,-0.181892163552578,0.805873803678692,-0.215825100013678,0.649642201896441,0.0301774428271648,0.347143088045921,0.0818491270195979,0.639412267354867,-0.225235683719922,0.601939698126271,-0.37618280888772,0.630390107026814,0.41388071390207,0.54690306556629,0.759606782346089,0.437701463590296,-0.0385626036136116,0.131105799650818,-0.297062067804219,0.720489406611721,0.278911914522253,0.483866970286948,0.582990498043407,0.545026549532295,-1.27407305408259,0.957280319311823,-1.33669925233558,0.239193739212444,1,0.86493530473884,1,1,1,1,1,1,1,1,1,1,1,1,1,1,0.995725987895063,-0.675619303371498,-0.00534037703238077,-1.66211736723826,-1.74513252359194,4.89521859369849,-0.314415916570728,0.335806327992407,-0.675619303371498,-0.807497143958007,1.89342178004496,3.258145526499,4.24123235947007,0.745150948679132,0.206226246990343
"969732ae717bf5a9282f4781499aadb4",-49.0141287919196,40.6642192881801,-1.21873064673013,0.234703043378737,-1.1815043660678,0.667538249446168,-1.78855408187004,0.0866987530811769,-0.183442821230413,1.6142482524987,-0.1132326815516,0.891714082033569,-0.0131850372482398,0.0442564287544647,-0.298758658752193,0.767232541512915,-0.515059445488174,0.419255589067146,-1.2291644835274,0.241708496761078,0.85940636382802,0.749260150297769,1.16112848657245,0.25756024493381,-0.260955987300802,0.271517924245966,-0.975611504150153,0.341019922798874,-0.0314926254397556,0.110250449829281,-0.279447569118462,0.782100448817109,6.2894500621,10.9686999379026,0.566279118230987,0.57802285028956,0.349227656525151,0.246251289832302,1.43456802453002,0.164412062915708,-0.212121577850721,0.583267692625532,-0.350526497615436,0.729175199097212,-0.00243709541909242,0.251251929335793,-0.0101797929254399,0.905303569632607,0.34681588832119,0.435666201361972,0.793420252006462,0.433378998895468,-0.20685727353204,0.39583230983131,-0.5269206347487,0.60581098921783,-0.17108783098607,0.0948905112724657,-1.81381606280245,0.0777104831607235,0.10595433705706,0.350208643101023,0.291305304847535,0.766508796864134,-0.439771627640673,0.692851263426175,-0.630180458175343,0.536810163080684,1,1,1,1,1,1,1,1,1,1,1,1,1,1,1,1,1,5.48278797029642,5.86869036998483,5.25725837289945,-0.681416422751211,2.98476659646167,-0.191890318643574,0.394767670278368,5.48278797029642,5.55462013971233,4.52047979831497,-0.437084639844702,2.42402689099541,-0.159286920809942,0.417968857192783
"81b95cf5e2e0e3f7579b7dfa4b2ebed0",-58.864881964329,39.0296416413667,-1.52249209609658,0.144391332226454,0.603556557173012,0.640705246869506,0.95477810437074,0.373009424563628,-2.08952466002506,1.54936039393088,-1.34682977021814,0.249363138689257,0.00603300925439038,0.0424774552382839,0.136717634211429,0.85802155039246,-0.630010446942079,0.402402792525446,-1.5845895728091,0.149105126818344,0.889261257621628,0.719142176443519,1.24846515053504,0.228988938885888,-0.24089554140284,0.260603731438368,-0.933667354159643,0.366161729733085,-0.0778734222519571,0.105818717854669,-0.744132873000549,0.478103854782088,9.17652507466021,10.5277916394784,0.888553001141316,0.414350492282376,0.396502288675301,0.2363527387005,1.69251778351499,0.106766279375873,-0.39810794990415,0.559822109526601,-0.699385657962582,0.512330746209093,0.324964902939458,0.241152367740855,1.35822919605269,0.219739261794484,-0.180706550626107,0.418153748235264,-0.445144802564396,0.662361111128048,-0.954405301998592,0.379921057706892,-2.51772660471602,0.0351574888132315,-0.208826650862581,0.0910762020016675,-2.30948847684116,0.027075312632673,-0.0451485444651448,0.336131323291265,-0.146062872449319,0.809296156071322,0.0411065668386041,0.665000754856541,0.0689164096314975,0.826402858539288,1,1,0.957043126869642,1,0.992550222472576,1,1,1,1,1,1,0.99136243847907,1,0.655520959906332,0.935913762183847,1,1,3.97024868702675,3.7110354814048,4.42861198303484,0.476942054816813,2.82853398395434,0.126868227808519,0.430691137172765,3.97024868702675,4.04636802571131,2.82961465666676,-1.43693616357258,3.23804590019016,-0.325086798740016,0.334630584464653
"26de4690cd2c89c490c37a8d1418d67a",-105.657616102836,49.5122212375151,-2.1420662810503,0.0446591771247388,-0.894202805969761,0.812785836532445,-1.09622229833201,0.295958803642995,-2.74407351930465,1.96548754676865,-1.41279339396264,0.195889911748972,-0.0165011391566882,0.0538860484728477,-0.311701168611472,0.65550680396852,-0.795290782402761,0.510480118500419,-1.58125311205968,0.153597424697136,1.86602843606811,0.912289353524612,2.05403588638091,0.0556124793296277,-0.530389884232639,0.330596671239296,-1.6097472269207,0.134301258010182,-0.310450183419222,0.134239504877685,-2.33006015003792,0.0405852310113488,40.0520795029735,13.3553454983263,3.0141417334578,0.00972949647144933,0.590708269716961,0.299832347838641,1.97864664506412,0.0619093201454846,-0.120954586790457,0.710179109386332,-0.177794278071237,0.718996916046092,0.524620645754151,0.305921061055321,1.72677379728713,0.111283625075992,-0.328812131105301,0.530461465266879,-0.625573681567187,0.550143822524432,-0.139371658017435,0.481960240240519,-0.287398186658969,0.752916233342338,-0.152637825652192,0.115537444704585,-1.32256801350909,0.215564217169307,0.31853302580117,0.42640946070119,0.753072204657109,0.488322998238893,-0.910212928525618,0.843606631086115,-1.08735151467347,0.314138949839212,0.950573938010724,1,0.991706207024095,1,0.98732061340517,0.957143018347512,0.996275503248199,0.785866425406361,0.360547008469899,0.989005187124182,1,0.991566782434947,1,1,1,1,1,1.9459476369861,2.12069983504684,1.7470869978342,-0.503067800551572,3.74942185317681,-0.110127801472134,0.426171875959697,1.9459476369861,2.00849949135415,0.503843874695568,-1.45881791963305,3.47909095994664,-0.350561347147109,0.319066410537704
"c5bd025300b4ef0c652dd11cef56ac29",58.8060870526255,57.1464984265476,1.04481467190336,0.359585358126824,-1.44375655100058,0.938109084335087,-1.54845842494364,0.174801086423457,5.90897964395726,2.26854558715917,2.62200497392446,0.0197970352969138,0.119043775709351,0.0621947250052521,1.92579512559221,0.110052258346755,0.372317131307802,0.589190922150843,0.621837219867499,0.515010846719249,-0.946576716663285,1.05295502408704,-0.911352476703621,0.410407352153559,0.493520417613045,0.3815712904935,1.31438377229568,0.258738000349287,-0.23141495181135,0.154937861047944,-1.52471103644731,0.22382599818092,7.52691577992123,15.4146029289395,0.509116891934445,0.525954068719081,-0.346426711075674,0.346063423650368,-1.01742873292251,0.371751529236352,-0.337607657034642,0.819681451220423,-0.420430335519882,0.600446270618346,-0.0614608251895431,0.353090954057206,-0.167218448654733,0.65864917343197,-0.484397602515573,0.612253187850298,-0.811637491783463,0.466404293172279,0.998390863360119,0.556273570891516,1.81790388472268,0.12088090053323,-0.131072575323743,0.133352134826365,-0.996598677935452,0.370835097696016,-0.61606015517531,0.492157430346959,-1.25684984501749,0.270480995482629,0.201776585387904,0.973682129604397,0.213153259617877,0.67801150647877,0.994576720838847,0.980286949084696,0.595419447790792,0.879797892244092,1,1,0.992268091712226,0.953275627971465,0.999443323765682,0.995053464039113,1,1,0.991687358029026,0.940826977092487,0.998819421608711,0.997673528316501,1,-0.787181958299019,-0.0870241566074323,-2.49349058787031,-1.83316919392878,5.61752447418549,-0.301091039479403,0.374218751707445,-0.787181958299019,-1.01096582296397,1.55194901210111,3.76432254820009,3.81981474927722,0.893257721203261,0.147860803702751
"95251fbafeb9956f566a3da93d145d63",-6.19844226532619,26.3152113390776,-0.227419277254446,0.779333663328087,0.511607659503378,0.4319869019642,1.19673562623773,0.27780321887059,-1.62300034066705,1.0446354230287,-1.554053306184,0.20335404161227,0.0148157998016215,0.028639853320019,0.512328937649341,0.616683452177585,-0.00414537490508507,0.271314674780891,-0.0338326850919858,0.82365863135044,0.188588107477941,0.484871947578886,0.379962213976643,0.704634800519497,-0.105639456945937,0.17570856354685,-0.59204309320821,0.565553812370747,0.0606937096797272,0.0713468483662544,0.842041559752436,0.425271649988008,-15.7954555218998,7.09822202500106,-2.20908595276853,0.041673283769184,0.103326052976843,0.15935765761378,0.638039214008971,0.540922996083808,-0.111717973759785,0.37745253363707,-0.305410740316634,0.68278881851838,0.221069820196786,0.162593742989779,1.37345218400409,0.227167266857739,0.150314400472023,0.281934544983773,0.536359165457199,0.597336056012734,0.0465317753792152,0.256156667222033,0.197599609130704,0.757508664980439,0.0300912703382573,0.061406905183936,0.508308783428329,0.616806717953244,-0.191849953422338,0.226632027303024,-0.843974415575121,0.411134960833336,0.393375773415331,0.448367821705761,0.875654302938725,0.400600092291767,1,1,0.920214565878955,1,1,1,1,1,0.892188211672928,1,1,0.984352297635593,1,1,1,1,1,3.02634535181076,3.04219863085891,3.01221154493233,-0.0783304124529676,2.43205392510966,-0.0247546046982189,0.486528699897956,3.02634535181076,3.0661515082317,2.35588813422299,-1.48745209566401,2.82801218890625,-0.426096681697315,0.292969067724722
"cb3f42ad378ddeda014d895db355586b",-49.6592676183994,29.137918636976,-1.71525015016112,0.110678640803677,-0.794595872959332,0.478324078020246,-1.67970405425942,0.121605793595104,1.62163698483026,1.15668848595993,1.40689777986225,0.17844932911455,-0.0142261479409623,0.0317119138836031,-0.450188726937568,0.66082978933584,0.390414542851907,0.300417306816139,1.29633628993987,0.208603647677588,1.22284643444912,0.536881850419558,2.28843412945121,0.0386486380201175,-0.515775335708865,0.194555983703816,-2.66025348237512,0.0163745201327109,0.0680067503712868,0.0789998847401793,0.851753813294735,0.41817540331188,-15.8900321531444,7.85961447037811,-2.01204443697527,0.0628053963599191,0.383231669434914,0.1764511940223,2.18468651709759,0.0449330399113742,0.298559172564969,0.417940067922059,0.71173314727199,0.50667192341254,-0.405637933135905,0.18003439885289,-2.25385119084063,0.0332434620625711,0.478700448862663,0.312176319879709,1.53676025103621,0.145458373559982,-0.503119620747633,0.283633372031896,-1.7687368188309,0.0931063247523745,0.087379063071642,0.0679937312280293,1.29476868509428,0.216164492833166,-0.0188179953115879,0.250941764707861,-0.0798043924268503,0.842934488762824,-0.340644554427301,0.496462100948439,-0.697144551701158,0.501605756003343,0.996557395669509,0.999864322006354,1,1,1,0.832706786729156,0.599960701445847,1,0.946506240744616,0.892525461106018,1,0.918977736350185,1,0.997666959315217,1,1,1,3.96697974813234,4.06944954996472,3.79014931936414,-0.443003784657559,2.13072485891739,-0.166824057292763,0.403748536998239,3.96697974813234,3.96688412008791,4.15508928594501,0.341461557255059,2.06938756088582,0.149008947087698,0.443579838639472
"1e2270e7a0c8c2e951edc6813b58451a",-3.20532077489736,45.6373429459359,-0.0771027057948508,0.676811254902669,-0.536083711847918,0.749176365679291,-0.716362714475159,0.49340419015844,-0.334733027502002,1.81166643276917,-0.186052565472401,0.735420713918674,0.0195780711330584,0.0496688698808233,0.386336368174599,0.695574620773207,0.474293678094908,0.47052940976588,1.01663631474442,0.329155643563046,0.127086232299113,0.840892633214821,0.159552942484767,0.683896932328011,-0.0502224908457597,0.304723829491633,-0.176770984727147,0.659868337014919,0.00524581202481379,0.123733780627755,0.0535824456714628,0.794778241425845,-1.42113401991424,12.3101421716617,-0.123988864466086,0.758217547083342,-0.027556368302179,0.27636715426189,-0.0921611993626238,0.70679628135417,0.394694494678695,0.654599748466667,0.594944620071652,0.571143425042168,-0.546437313423252,0.281979358405108,-1.93328980037325,0.0771796351992549,0.452193715505413,0.488946995406567,0.939224014166537,0.365409126152229,-0.351449071023063,0.444241527049415,-0.796705197522422,0.449593604588539,0.20013517867957,0.106495363271747,1.89422388042899,0.0734127480718635,0.645589451078677,0.39303820969896,1.63984941023278,0.119668975168671,0.816246913382242,0.777585092570467,1.04729879665581,0.309650094734864,1,1,1,1,1,1,1,1,1,1,1,0.956521301582892,1,1,0.995841263644595,1,1,2.49239999749055,2.56263291469351,2.31545232253298,-0.216326826247007,3.3546066568695,-0.0467601958593152,0.472862163563318,2.49239999749055,2.48965191370324,2.82042896344421,-0.0947745656838772,4.44857901907717,-0.0188925012229743,0.48249029449239
"820d3c5095323f85949bc959fd15d1b7",-22.6289463113407,52.9598033785761,-0.419985644064358,0.667439375675742,1.30822375773875,0.869380872353891,1.51565062124932,0.177224449116898,0.249364565982983,2.10234627771129,0.122192065505769,0.698224297940399,-0.0482453013630867,0.0576381842834417,-0.839264766232839,0.434271426696215,-0.543543691777959,0.546025325237686,-1.00190060765234,0.386571232362482,0.210089620869495,0.975812912033605,0.207206288315406,0.745508432271937,-0.0814964939232312,0.353616425780125,-0.224001412028934,0.74109362613058,0.0826039765321086,0.143586726797322,0.584099024561114,0.577200095758684,-10.41095600685,14.2852906608924,-0.739209684317194,0.496111380436924,0.199897751448809,0.320709953849531,0.618386824622527,0.554219478286577,0.0153110945651457,0.759629543103085,0.0231316320866491,0.724548837335341,0.0596505696477475,0.32722262984597,0.178060224625779,0.699401337438366,0.067928327987419,0.567397991814581,0.124917650735545,0.739214263972483,-0.109045682685892,0.515519581256221,-0.211995795491765,0.736110310609979,-0.13954756849186,0.123582424732376,-1.13879148059658,0.293524928640198,-0.1327896051062,0.45610074912957,-0.287797014180078,0.699913421930409,0.938780247959065,0.902347747576551,1.05294242581673,0.331517342503095,1,0.989850371382069,1,1,0.98934841116463,1,1,1,1,1,1,1,1,1,1,1,1,0.630795492217195,0.344449166805602,0.984410101417912,0.794990072240019,3.9526382549771,0.156352667882311,0.406640626230009,0.630795492217195,0.676767175867223,0.0747062982189783,-0.835990909929764,3.28030498530146,-0.180629031357842,0.394531390354669
"92fb114641e27921122496428e2ef0dd",33.237762805898,59.083424836105,0.574714607252232,0.482510245601801,1.78991588824686,0.969905402753962,1.87074315505302,0.149836567769298,1.45328782867384,2.34543579005938,0.634667914606318,0.465008285297592,0.0698658979639248,0.0643027562707665,1.10921147050096,0.331267372967959,-0.0835376723224854,0.609160990113139,-0.147153446734171,0.569000974089902,-1.18001148215808,1.08864393680059,-1.09892106577608,0.338321471540925,0.449456867184825,0.394504287790539,1.15538577186505,0.33313190414184,-0.068889309243278,0.160189333022029,-0.441285507675408,0.535698727942438,16.4349310905375,15.93706628764,1.04596704061801,0.367768115735587,-0.324876824475467,0.357792915449622,-0.923641385011638,0.397848768897508,-0.285268224396423,0.847463777242267,-0.333402823788737,0.568187614314985,0.0702417905413429,0.365058637339993,0.194336147975226,0.553007141006563,-0.268248202687991,0.63300492945363,-0.43003509524318,0.551016925723059,0.455437155198025,0.575127936426851,0.801033925099998,0.386934907071034,0.0381417648713455,0.137871979065781,0.278476755739596,0.576549746658703,-0.476328479235519,0.508838640057895,-0.948689556141803,0.416243439781675,1.32819829950704,1.00668416268205,1.33607231614128,0.265856943949408,0.989241630364001,0.858605966493665,0.997961792703015,0.975323819214812,0.996566624697165,0.981304209168013,0.985277664446645,1,0.979321420941854,0.981781134442355,1,1,1,0.994873473763175,0.98672743254591,0.984541773610028,0.976222548517359,-4.78464908615236,-5.38446879791994,-4.11462420515995,1.37120165768686,5.39079755286534,0.231139994324336,0.396875001369562,-4.78464908615236,-4.83281089608149,-3.25060871110978,1.02880623948285,5.14158380334682,0.179487631954192,0.394531390354669
"5431c93e93b57f0b74748eb702ea1e72",-43.9618762783561,29.6981290113215,-1.48891758958188,0.150707736848686,-0.264538307982066,0.487520414729969,-0.526352567308419,0.606645690325861,0.522370860652267,1.17892716737688,0.427601122931684,0.675949755956392,0.0415162644097544,0.032321612310223,1.27500290986068,0.217185530860555,0.365549922219261,0.306193178936865,1.18777867460803,0.24683788471515,1.00410203927108,0.547204028408658,1.84600511476579,0.0760807424810396,-0.43294848355063,0.198296548766811,-2.19738579139183,0.0371564415934437,0.0435710732275058,0.0805187494042936,0.538879589588755,0.607754077970218,-8.83273198829176,8.010724699613,-1.0907223017435,0.316449978452473,0.295775523473147,0.179843673447083,1.65224531337125,0.111061994930324,0.627608741007464,0.425975451808657,1.45253058365581,0.16857991119635,-0.527692235521503,0.183495769557949,-2.88567678634494,0.00733460953609769,0.539422696108212,0.318178272702779,1.71271482587343,0.101416853271475,-0.419541045517575,0.289086553486017,-1.4526916684085,0.165172980755494,0.110436095302478,0.0693009897902815,1.6157311512173,0.125456074551784,0.428296158881903,0.255766411989548,1.69254791199779,0.107364970573177,-0.091418813349815,0.506007162244193,-0.191978452011465,0.7797156186835,1,1,1,1,1,1,0.956911309378244,1,1,1,1,0.373168166236882,1,1,1,1,1,4.23492757244242,4.09322730391516,4.45894951626407,0.374148106594333,2.48875863117575,0.133562035198448,0.440625000765791,4.23492757244242,4.27792307198592,3.49192016368644,-0.629417914181487,2.4002358831189,-0.222759350750995,0.410156368053223
"7c821085a5548386a8d91fe359fa3ff3",-11.9464574156362,24.7874135961487,-0.481358750922484,0.636964895297177,-0.686971702536984,0.406906783651957,-1.68907721967033,0.101137014029524,-0.0252300859163699,0.983986408247016,-0.0256910550559225,0.892928970958201,0.0112146423818179,0.0269770924667492,0.416704239131532,0.682341351342223,-0.260983544382413,0.255562798711471,-1.02230653135438,0.318389630446708,0.245025087444668,0.456721450986806,0.535882427012574,0.600277796613722,-0.0453296098186097,0.165507347856763,-0.273345190356368,0.777859672107303,-0.0517703529893537,0.0672046223170496,-0.769778460251208,0.450859409213119,7.12313014361185,6.68611636303737,1.06492140843255,0.298063192466281,0.105691757414547,0.150105736111663,0.703755467493499,0.491595074793647,-0.259982793770084,0.355538549305994,-0.730348980673698,0.474215851948439,-0.00106654424566518,0.153153942170652,-0.00574853809287286,0.882198783903897,-0.0826153589443842,0.265566104847392,-0.313217774997984,0.754064687424347,-0.179293084814916,0.241284828536214,-0.743287737544621,0.472873063959719,-0.0761012545425316,0.057841768277703,-1.31594244790786,0.199173781433707,0.0128350177526634,0.213474318047815,0.0588209407081033,0.886630762035991,-0.610445802245908,0.422336666676169,-1.44610361934052,0.158294413127805,1,1,1,1,1,1,1,1,1,1,1,1,1,1,1,1,1,6.26609452864562,6.37465135539007,6.15285795221966,-0.29272671596532,2.03751389216401,-0.136760866293976,0.428906250922657,6.26609452864562,6.26495555561574,6.37741543754203,0.24282466571656,2.10496238533267,0.119621067185046,0.468750039892044
"3a8a7409bdc33da14a01ec3e3313b9a7",19.6768988592807,54.8492621088896,0.356269768003467,0.539494547919273,0.7899530399664,0.900397967857329,0.868123352054454,0.380570133633954,2.54674626991724,2.17735215528542,1.19081297726716,0.30223648840343,0.0337535983658625,0.0596945546539144,0.576712073595493,0.500760941668363,0.00981223929194045,0.565505992685933,0.0201761960201202,0.574091421791651,-0.754735640014793,1.01062720718147,-0.751355624733472,0.45136986747092,0.137818126242721,0.366232477960236,0.369523217725539,0.532576421708058,0.163073147563188,0.148709502510157,1.12671861757847,0.364106944270674,-7.29119947616297,14.7949501655047,-0.507416201133824,0.533037509789057,-0.168056230522859,0.332151994483023,-0.50497122572771,0.513293908573821,-0.146217267243664,0.78673101592692,-0.1939986136806,0.551536555176657,0.120207353175931,0.338897024675175,0.346902184398226,0.505034518494088,0.158636318774261,0.587641176660506,0.285847653991993,0.53944579687448,-0.0150735873761176,0.53391188846494,-0.0457277832884237,0.53814685835399,0.0390906303329568,0.127991502493762,0.320087826794933,0.54988068486826,-0.206974843646067,0.472373157397121,-0.441641516141525,0.557391362479265,1.07698167765119,0.934541009648345,1.16634353744051,0.347769395665773,1,1,0.971640418299703,1,0.997932929705846,1,0.998990082337781,0.963205118198411,0.984079361521065,0.999563201027987,1,1,0.979958461753918,0.996466779402093,0.994767159854404,0.994613719548262,0.96694389849588,-4.87674469273851,-5.34179178780454,-4.36279447629273,0.809773843569834,4.9726354280029,0.138412920055966,0.438281250796937,-4.87674469273851,-4.99671871626778,-1.76343811077958,2.85610774611999,4.30161943068777,0.550710073955563,0.26070078072771
"564e9f4d70915c0026898422d57b1431",45.8530754313537,61.1339894092288,0.759342260641794,0.455368121411919,-0.314609977255765,1.00356718968804,-0.325855713463274,0.573677400523318,-1.41184247047644,2.42683708920501,-0.584197447755746,0.495826207834883,0.0117476526428732,0.0665344643061219,0.174433246974453,0.590867906640641,0.312936934755822,0.630302688467967,0.50476409359852,0.576918956802394,-1.08145007017264,1.12642669390619,-0.971966967363191,0.388147693576813,0.398400986353748,0.408196055299493,0.987011197467866,0.401833373644206,-0.104097061157141,0.16574890530814,-0.628152428529644,0.527212859061149,14.8682022863073,16.4901822185396,0.903883094749639,0.425201243166699,-0.357371026885801,0.370210568606508,-0.975255817500429,0.392636175169583,-0.107075955506942,0.876876073557845,-0.119183543151828,0.565654945046208,0.308639809597874,0.377728456513793,0.8228080391955,0.426939286489268,-0.771205666751194,0.654974161713795,-1.17430355122314,0.33877894783228,0.33744265258234,0.595088474847265,0.572691503946248,0.521028938249936,0.10940904898231,0.142656999512429,0.771451775358468,0.456417426669882,-0.620676820917125,0.526498525070207,-1.18471640641788,0.308768232883797,-0.591573076830761,1.04162240273917,-0.573635714815038,0.520879554454648,0.99410520486627,1,0.995825143533432,1,1,0.99111462606978,0.995904289719403,0.995300833663068,0.982337064731701,0.992944741072672,1,0.995301380199579,0.969500700605189,0.9932911765246,1,0.993986197672726,1,-4.46375796483865,-4.25736459380478,-4.58398603714614,-0.559917719913574,5.54244275759512,-0.101325616921928,0.45117187562686,-4.46375796483865,-4.43334147806659,-5.08285461912597,-0.760464065352233,5.06739919269378,-0.137618714603852,0.42578134649973
"386a607b118090dd71bfc8b4b4081447",2.81244469716661,25.5745072920415,0.0971662659456462,0.843476472936837,0.572296767091309,0.419827605866269,1.39716985365065,0.186360596371939,-0.773742481766879,1.01523168100495,-0.768840000654306,0.452465993507629,-0.0341069974589365,0.0278337167100061,-1.24331092845191,0.22745964035845,-0.593167466317595,0.263677879657301,-2.22338218601631,0.0353819293139762,0.0686023648140259,0.471224076420328,0.162802855134022,0.829413768761009,-0.0450253938768868,0.170762829216958,-0.283836297816555,0.763507747519828,0.0504700073993688,0.0693386220728299,0.743340497860606,0.469767914498229,-6.94985729257224,6.89842572798742,-1.03165502726768,0.320789355492281,0.0350817866905707,0.154872158318342,0.245361910495365,0.784497363362071,-0.336872677353063,0.366828236699966,-0.91222020592615,0.372719339657208,0.168043235587215,0.158017156394921,1.06545429889165,0.299044379011659,0.210050507595971,0.273998828421289,0.771809703466201,0.44858269160385,0.286207616282572,0.248946530178411,1.16230821744167,0.257917769180979,0.0318047822894285,0.0596784621705158,0.545365398296377,0.594282288547648,-0.115215244612434,0.220252931287099,-0.565644372757047,0.572595377741294,0.274879284205194,0.435747445763537,0.629322557345259,0.536825770492398,1,1,1,1,0.938945168006427,1,1,1,1,1,1,1,1,1,1,1,1,5.10142077338217,4.90217724449116,5.37553733861228,0.433911925461828,2.17032257664045,0.173181878818891,0.404529481930533,5.10142077338217,5.18278316907026,4.55700886477482,-0.770547067103186,1.52740710872083,-0.396381811686877,0.324219005037364
"afce1dc2c06acb90ad5d3da0fffbcd02",-12.8392186701746,68.4423316111833,-0.188190343263912,0.668921911550306,2.02789150883805,1.12353993342308,1.81593044950187,0.111138406890232,-2.21527483673184,2.71695648248688,-0.819298106328947,0.462817223212146,0.00910046302270879,0.0744884132970486,0.129360123732593,0.70425447915022,-1.07883274514669,0.705653042381569,-1.54692159476378,0.199994892486869,0.372120425418309,1.26108683671767,0.295675449023886,0.645526209447959,-0.127993148767596,0.456994383143713,-0.281654314347179,0.666671125684834,-0.0494055102694347,0.185563573568745,-0.266269579741742,0.68505482553677,10.3285495624918,18.4615224793386,0.562196208690569,0.559216236182433,0.0146433485997345,0.414467872085349,0.0355147744618975,0.702778401605398,0.863380936226051,0.98170336319158,0.889463804303095,0.417445874724698,0.400557054464358,0.422884495671318,0.947589383537706,0.379347448416794,-0.190961610557789,0.733273898954893,-0.257736936347374,0.716252674109736,0.290079163147428,0.66622909983593,0.432248588063827,0.603443150438192,0.0430633771112296,0.159711115888867,0.269712761741025,0.64822004176381,-0.39629756435307,0.589439475386407,-0.680522129917218,0.498883679846094,0.590292378273731,1.16614450636767,0.510473078220038,0.608154571053969,1,0.952538540828627,0.995532516586116,1,0.936506833299655,1,1,1,1,1,1,1,1,1,1,1,1,-1.06826327568005,-2.67604192910068,-0.125676814737672,1.68089323009928,6.37205956313187,0.269902342571393,0.389843751472164,-1.06826327568005,-0.950764450923629,-3.46642112565698,-2.45702695068753,6.29817131624218,-0.387163995023125,0.322957453835057
"1c6bf8efe709f63c28e0225da6870395",5.59347682116301,19.6222798727961,0.284841481031984,0.764341755221528,0.564576849576225,0.322116656503386,1.75394677030641,0.0911082166521681,-0.224757630619846,0.778946000911135,-0.288930341852993,0.76762780704252,-0.0325832824032769,0.0213556794251054,-1.52645735484916,0.138780428573987,-0.259723381136528,0.202309318878299,-1.28467732334894,0.213172151977936,-0.0165645771869544,0.361551079155958,-0.0454039908562381,0.856508258532971,-0.0626541330564082,0.131019377558384,-0.479015892512105,0.63889532719134,0.0914753353335059,0.0532007061864493,1.72074629386347,0.0977759553165399,-10.119980744132,5.29288164853089,-1.91356252133649,0.0663015090386109,0.0354271398659658,0.118827111714179,0.298750578149845,0.753931014825426,0.0123220534118245,0.281452394901502,0.0441310303812524,0.866482963859743,0.116897998485166,0.121240140898019,0.964923698552724,0.348965600600816,0.310189259229117,0.210228163330985,1.47634966574845,0.152012782847375,0.140131214412618,0.191006553234454,0.733600944346694,0.475813264547711,0.0872530619767698,0.045788858167068,1.90691700050416,0.0671337221559847,-0.180954459982188,0.168991121164789,-1.07144057851844,0.297755163844049,0.119119931936837,0.334331302534572,0.356430827769368,0.724410700203348,1,1,1,1,1,1,1,1,0.998806652517113,1,1,1,1,1,0.999259808247014,1,1,8.17326962913911,8.12711906766026,8.2020153960573,0.307162392564596,2.11499577163215,0.147904322572244,0.435937500828192,8.17326962913911,8.20623914427281,7.76295518245481,-0.367491550665147,1.57987753503249,-0.206006308157897,0.408560430643848
"f2d099ef5556f02539ded15181a3d994",-11.2565904427996,38.3355249860918,-0.294027194888717,0.770073179529257,-0.746391178225554,0.629310723008372,-1.16041561523885,0.262337138016437,0.0939735844335946,1.521806032445,0.0384864525221342,0.83458273770767,-0.0403080888610863,0.0417220214726986,-0.97755543943311,0.344020170184358,-0.526359545060103,0.395246321989858,-1.38387170121601,0.199263474981056,0.333692201818616,0.706352703079486,0.470072487407771,0.643553418473547,-0.186929008044441,0.25596906448241,-0.732467978752744,0.472312843830376,0.115158888929019,0.103936801152034,1.1282827249105,0.283791752520657,-16.5499790205606,10.3405617492485,-1.62113029236287,0.135764845310196,0.168370507094023,0.232149359792763,0.730430150279094,0.473206317820416,-0.261576774222945,0.54986603937397,-0.486020237929147,0.614265559623514,-0.165645079805381,0.236863630569093,-0.667420935518498,0.521025758650954,0.37295165892766,0.41071715725186,0.905437835294289,0.377737653192103,0.0381940693089078,0.373164410124342,0.0907604677708633,0.795190432953788,0.0136743390065227,0.0894564713034095,0.170691153986576,0.837041614547666,-0.419379742055587,0.330153447501375,-1.30801113616685,0.214062941464906,-0.350352025613701,0.653174151272587,-0.545216288197095,0.595704552858926,1,1,1,1,1,1,1,1,0.988327045259595,1,1,1,1,1,1,1,1,4.49871180316337,4.59306401956701,4.34190892248317,-0.293276523039824,2.77750023964911,-0.0858198807031434,0.453338540231032,4.49871180316337,4.52921768996748,3.89087101200722,-0.985720326947213,2.51956723710493,-0.353964795648848,0.335937733785496
"304a3df568087b761af6bca76a3816aa",-35.2005326000757,55.0100227564104,-0.646909460890826,0.468030260052328,-0.019299585536545,0.903036992609419,-0.0224539025298923,0.595821682382718,0.0413600663170333,2.18373387363324,0.00999297239291003,0.601932888395744,-0.0465035998560414,0.0598695166295301,-0.811825070611804,0.439431659310665,0.0957926502332988,0.567163464565511,0.167235225749045,0.557318562539715,0.33273264015594,1.01358930873,0.332877205388926,0.548532225755438,-0.134676776937941,0.367305888395241,-0.371352144766168,0.56369645661915,0.032837659737438,0.149145363176224,0.222078502643951,0.56773142334154,5.08077633936396,14.8383134793797,0.351259234717604,0.53375415372483,0.194318961177215,0.333125516599008,0.591409585961628,0.488631715542615,0.510316414452183,0.789036888106095,0.656750587072051,0.469074920348194,0.376632287930148,0.339890316162334,1.14535583732984,0.340544445585248,-0.678849459285172,0.589363525739375,-1.18829060810155,0.338132097401733,-0.038984842878508,0.535476759487968,-0.0949413780036772,0.585934653944991,-0.11920087879066,0.1283666396611,-0.947310782257497,0.40038487737473,-0.475478279598668,0.473757661248857,-1.02601558118623,0.380708693274036,-0.822484337788189,0.937280106074976,-0.904229407809038,0.410260580882681,0.999968407539382,1,1,0.989288739214883,0.994657115666918,0.998362676359462,0.99634254411753,1,0.997497767931079,0.99787353036308,0.985827935984773,0.966577793208216,0.933590508846607,0.99854161587912,0.987480180024844,0.959438580210252,0.982169449066271,-4.56489385788954,-4.70398747367572,-4.44436102131728,0.302723487388716,4.90617429948521,0.0473753414880984,0.475204998363453,-4.56489385788954,-4.62566313072567,-3.43852690546903,1.14716710777573,4.85714056489262,0.244680551988268,0.404669385514707
"2ddd18d49a8163e0fc79e28ea6273254",45.4352979253607,54.7835169021083,0.835883264330476,0.451978683943015,-0.80923248520039,0.899318703555383,-0.905409870995383,0.413304058496449,2.36702577987996,2.17474226661635,1.0930724449649,0.294783899506079,0.00131419891978523,0.0596230016249667,0.0172216165678297,0.692820364491174,-0.407134027730609,0.564828147497216,-0.720375201020167,0.532407231021046,-0.818394859222192,1.00941581632295,-0.812233053695741,0.458247768992668,0.320568231790541,0.365793492474055,0.876599163024391,0.426710517667494,0.0739674487276289,0.148531251488777,0.504767993384486,0.591015030936084,-4.1608342995095,14.7772161610614,-0.292485777013291,0.641873878157351,-0.243102291131171,0.331753859654578,-0.736889117385131,0.498973088504728,-0.283832246648457,0.785787998804453,-0.368593168824641,0.613024295828402,0.187956952906414,0.338490804899227,0.563617722315036,0.571886464791816,-0.244674217854819,0.586936799077522,-0.415736020099378,0.655132097535364,-0.318336176264213,0.533271913629172,-0.605603398822247,0.55629345186469,-0.209870450297385,0.127838085155513,-1.64512638759342,0.142912016692545,0.114848423377462,0.471806946117025,0.241604800814761,0.713633066815118,-0.680523778447857,0.933420819702983,-0.74612035217713,0.479712497295738,1,1,1,1,0.994836116038051,1,1,1,1,1,1,1,1,0.990243855633949,0.974703560357347,1,1,-0.0175115670541892,0.419232841245553,-0.436873066199708,-0.789838519012668,4.72740037338371,-0.141408501459784,0.426953125949096,-0.0175115670541892,-0.165437556624443,3.16404643655094,3.10124889834565,3.65520496203517,0.874552655659149,0.171875732824606
"42604f7f8bfc866837a5370b4b667382",-13.2701962654393,51.8908780721158,-0.265622036450423,0.590071227762151,-1.1777090049496,0.851833541054932,-1.38938445592764,0.228722499323982,-5.23329512207516,2.05991313038398,-2.56451322324497,0.0385419122269337,0.00179263374615595,0.0564748318941102,0.032654572569395,0.7078648364568,0.140901345758374,0.535004508488376,0.254394722270493,0.699547274341358,0.535915234047321,0.956117387324287,0.571053374921386,0.509680345775971,-0.182545728056826,0.346479134434944,-0.537089897901514,0.525971349342141,0.0191105610614958,0.140688613961662,0.137495140150058,0.636100718335476,0.278878645451839,13.9969604987048,0.0173947882326666,0.655501521889379,0.0652645389423879,0.314236837186826,0.218087873748563,0.594377796167462,-0.380238658717862,0.744297400792182,-0.517398695336275,0.584837923516142,-0.140926935004393,0.320618063220438,-0.429877930234275,0.620052892716699,-0.255935815929053,0.555945795363816,-0.46792485682031,0.587244160850781,-0.554043468203858,0.505114483592971,-1.12121157660554,0.375163655809048,-0.0322327428358546,0.121088072925858,-0.268905177990233,0.647356846846389,0.577724755336361,0.44689494393511,1.29361902092595,0.254872534177571,0.0931917799040063,0.884135022432593,0.107803366643676,0.712180447626568,1,0.993077433044448,0.609295145207419,1,1,1,1,1,1,1,1,1,0.992439177935076,0.977834093892833,1,0.994958541998807,1,-0.361493505874592,-0.0722595276919211,-0.74035759527501,-0.718365424356986,4.71124898278006,-0.133277379002559,0.423662632777529,-0.361493505874592,-0.194735737665287,-4.93729511932286,-4.4873112107897,4.46405914848636,-0.938842686989845,0.167969505230897
"de4edf45ab75f6490e1ada65b0e0306f",34.8225734721251,57.5958143638372,0.624025801470984,0.4744328724698,0.130338233204438,0.945484993167886,0.120491603963336,0.590375706008056,3.6070266444628,2.28638209009187,1.58534378186272,0.175009927241418,0.0758669313953041,0.0626837327647761,1.23362353287373,0.297528145802186,-0.0782506048997942,0.593823452204613,-0.133151029651847,0.564302029729037,-0.632778026074742,1.06123391232337,-0.613605522044593,0.468713775110181,0.258099097971823,0.384571405404325,0.685407095648332,0.469317895916409,-0.0242258856027749,0.156156064300553,-0.147900792952576,0.555810553282517,3.21559207368781,15.5358006742724,0.208209906617477,0.549400186591437,-0.262801015133035,0.348784356968076,-0.775612269820616,0.438636305529543,-0.429656925846877,0.826126219485751,-0.520362343268857,0.54058208483564,0.113005286384123,0.355867141528686,0.313166392719628,0.5711135140742,-0.292134325637792,0.617067045611174,-0.481232454286856,0.500832668577977,0.249795564219695,0.560647287353179,0.442902438588827,0.497585537881216,-0.0611314662475623,0.134400619704683,-0.450349271056344,0.524693377326883,-0.305631709390484,0.496027031865845,-0.609717237138217,0.533614666489983,0.434776784955658,0.981337732497506,0.445218646895056,0.533671593868571,0.997316351057786,1,0.96292135675262,0.976467653379031,1,0.999854729449917,0.992688648329025,0.991070553638357,0.995610156519113,0.992736238273845,1,1,1,0.993595485446443,1,0.986827910359106,1,-4.15994585831879,-4.1969030107715,-4.1212774117149,-0.275801547045681,5.33576139493275,-0.0448941727207559,0.477157360696931,-4.15994585831879,-4.34728003600926,-1.17503805385335,3.32484058093164,4.45343177275915,0.710527159936523,0.207031817285088
"e1a9800482df461df81429b3b8f859a1",-26.4561274955277,57.3848538990495,-0.472811022123836,0.602530215160771,-0.823968457662783,0.942021895097104,-0.876595429416534,0.417541047577587,-0.632010173947693,2.2780075886852,-0.289141274850819,0.645790665234669,0.0336918024261548,0.0624541364035692,0.530987692945021,0.60495634002747,0.574950544410912,0.591648410964853,0.974565971252487,0.358596596281195,0.339212240293834,1.057346852094,0.332881350550479,0.656631558235672,-0.213199377992355,0.383162807169813,-0.571122353964365,0.565685838271399,0.0539545101664409,0.155584099891886,0.3498329198231,0.645088471491132,-5.73727850078525,15.4788965438717,-0.370855986178791,0.628552996294117,0.122342713334889,0.347506838612456,0.363324612479098,0.651223724293571,0.452735456748292,0.823100305655709,0.557319117235341,0.567319276187357,-0.476136876818333,0.354563680532278,-1.34123939060509,0.237803965483252,1.36010060428983,0.614806868336399,2.22141467454131,0.0383261126924913,-0.315618523536423,0.55859376291519,-0.57481604866946,0.582403111616407,0.187661829940488,0.133908340577913,1.41581704816359,0.184469399854456,1.17015798661944,0.494210196834593,2.38701689325884,0.0292888750259527,0.216186340998095,0.977743313936921,0.207341280651547,0.722376701310135,1,1,1,1,1,1,1,1,1,1,1,0.998502165158136,0.914186492423103,1,1,0.800270259210841,1,0.287050468975753,0.384639526390354,0.0989436511327453,-0.0542335503172842,5.10129501420807,-0.00926227859189174,0.49316673183225,0.287050468975753,0.320676384038819,-0.237571018632407,-0.74967453456063,5.18817697150306,-0.175709289243074,0.402343879100395
"c38ee4acf990375c9b9df651cf77bf7c",-27.9362724784315,59.3074595682411,-0.476186496043596,0.571326289461747,-0.320276139993012,0.973583126205272,-0.327241934334942,0.70889977994014,1.67246139716317,2.35432930089471,0.714074808305467,0.490923152578811,0.0478881088231195,0.0645465818583437,0.738070995815012,0.486700075336352,0.0743059158704078,0.611470829456853,0.127658735805799,0.777528560033076,0.794364899635206,1.09277189745029,0.733184149976943,0.468869150270077,-0.428508697538796,0.396000183850844,-1.08881444562506,0.321046717070921,0.0887689061711481,0.160796744904705,0.552299850182763,0.565638937958813,-16.9018622362574,15.9974970495109,-1.06156478274664,0.32257683947568,0.184641513373861,0.359149607960175,0.520036419868583,0.552663317824893,0.47277672449669,0.850677221974969,0.566947487066336,0.583161242531637,-0.457459090964177,0.36644288028558,-1.25024436330846,0.242279736660513,-0.378357748506594,0.63540518113512,-0.583129172795883,0.596221717972187,-0.0861251188950701,0.577308727969298,-0.142908912523309,0.727624076157647,0.268866204497306,0.138394767174032,1.95137059042566,0.0639980523481449,0.413095901538992,0.510768073375989,0.806383823286299,0.434181475516862,-0.367599764071414,1.01050134520587,-0.375269911237219,0.65589740370719,1,1,1,1,1,1,1,1,1,1,1,1,0.980227887567134,1,0.982735431776418,1,1,1.2721446732575,1.39771537597562,1.08085516415452,0.0315543691001334,4.95193817779197,0.00627413851242453,0.497656250029803,1.2721446732575,1.26278920535954,1.50148223702777,0.569592016156733,3.36648720684392,0.109469922081184,0.447470884135442
"321b7763c5946d79f50284281735d5b0",-5.04305107155532,62.5116368691082,-0.0779798057435903,0.621811013087685,-1.69247265794394,1.02618246153685,-1.66179310781843,0.167626105530486,-2.2038718159506,2.48152558547023,-0.889919813028321,0.428760593511861,-0.0326620226098097,0.068033810850189,-0.494649297508482,0.561889619519532,0.339095275271013,0.644506487469377,0.52957517590152,0.582895781344907,0.448000526769841,1.15181059063199,0.391256198378535,0.553412620486111,-0.164637107909889,0.417394706723201,-0.400569535640464,0.564755766178627,-0.111720256926629,0.16948403793374,-0.653719193375082,0.50145234804062,11.9472272464035,16.8617865889701,0.702791296483872,0.487125813104972,-0.0105310104635001,0.378553221431717,-0.0298237309212015,0.629377741996431,-0.094409559906069,0.89663637559342,-0.102298036234687,0.621510842035614,-0.13790391529663,0.386240524083227,-0.369206717860434,0.561917076528345,-0.309813017144205,0.6697339295433,-0.470600231112192,0.583455437577822,0.741572452237919,0.608498725571932,1.226642403583,0.286860994594709,0.137175648805829,0.14587175868178,0.960703202105425,0.42230252284867,0.204239142870613,0.53836310912079,0.377813694306579,0.605792770328544,-1.98676859533346,1.06509524446198,-1.8800249610735,0.109699961667277,1,0.943528053711456,0.987323603858945,1,1,1,1,0.997197323475704,1,1,1,1,1,0.999161428595719,0.986290513111342,1,0.920599346882424,-2.77076272839594,-1.90251189776122,-3.69677031735742,-1.14322685672093,5.81238836675114,-0.189997132490044,0.416243655917244,-2.77076272839594,-2.71997984562136,-3.75079232851232,-0.910351686950638,5.50277797038353,-0.150341691668027,0.435797747730562
"01491b7ad3b35c7e644dd24ae831bee2",-25.9303015710946,51.88012139344,-0.511974336630089,0.59144381451263,-0.086042552073913,0.851656960892352,-0.0965153833799365,0.720628535925399,-1.14840449245682,2.059486122315,-0.566430690377731,0.577926850175515,0.00034383622533948,0.0564631249883394,-0.00137712453073155,0.724623336869603,0.832732844931526,0.534893605150416,1.56899082079177,0.140550466249012,0.747579825134915,0.955919189723979,0.793376158303367,0.460068579044337,-0.239112449729285,0.346407311315825,-0.700637418366684,0.499538084132211,0.0236805849586913,0.140659450026305,0.169425851282587,0.700188355816581,-19.1735310293627,13.9940590098089,-1.3733633799602,0.221954038046976,0.222117196636857,0.314171697709305,0.720536343461959,0.492953180587496,1.06122235159736,0.744143112249051,1.44685890917233,0.206003740637916,-0.151940843743128,0.320551600951696,-0.453373051918152,0.575356069049143,0.0521576319045278,0.555830551018295,0.0841845465031961,0.759500349550217,-0.0829990187378601,0.505009776284165,-0.176161428938057,0.618166562263199,0.00339296210290052,0.121062972069208,0.0184806582661611,0.779115532222772,0.131428967934728,0.446802305199896,0.299374058318505,0.708841189376423,-1.1601378927145,0.883951746359887,-1.3213588432351,0.239275809210501,1,1,1,1,1,1,1,1,0.982381895828914,1,0.987128552050557,1,1,1,1,1,0.995140938378185,1.055683019874,1.00223126880038,1.13478525725463,0.275297558756001,4.10756343216393,0.0520781036606729,0.463881296829928,1.055683019874,1.10463596840605,-0.155627470773753,-1.4476045667619,4.47836593265696,-0.295943114023911,0.359375194172053
"a67690654fca1914946ee270222b7247",-3.62551918090435,36.9257068263805,-0.102022530938724,0.581539058614414,-1.16614523434267,0.606167341361188,-1.92633882137521,0.0705711687050982,1.1976953091149,1.46584045532358,0.812461885005634,0.444822214183941,0.0892342712799554,0.0401876623227086,2.22740588270736,0.0493966392115971,0.268540678666926,0.380710837149032,0.706289116641954,0.505041409020701,0.269943043536645,0.680376043875681,0.396796006670618,0.552478704830714,-0.117009625821816,0.246555606976283,-0.479679781208002,0.530763967009505,-0.0116572261100413,0.100114446044608,-0.103122786215668,0.672062316823107,-6.9328287134999,9.96027970691317,-0.701266790973675,0.514053800861094,0.0206219202272965,0.223611890087576,0.0975848548076647,0.585217145256026,0.182617376231867,0.529644296538852,0.324853898744407,0.642465946811226,-0.317017290847997,0.228152789961781,-1.39174996749156,0.201265295124472,0.316858517932683,0.395612720648767,0.801239698800752,0.451367490233093,-1.04911038448063,0.359441004428394,-2.9249844063457,0.0277455946432991,0.12328330612155,0.0861666413664776,1.42954432497796,0.179804550222528,0.545917033068058,0.318011802748952,1.71730644639279,0.106872270951006,-0.187294515658506,0.629153173856673,-0.303725050822603,0.701073574868724,1,0.989649521373096,1,0.830591053682179,1,1,1,1,0.998975650619912,1,1,0.994134682017764,1,0.462808837114954,1,0.999289810861772,1,1.99227276581402,2.18257641630946,1.73833851009771,-0.628126225669046,2.90188750687004,-0.169746097819683,0.404919954396688,1.99227276581402,1.95470392817094,2.54279896859655,0.429181355928224,1.94252750998267,0.166804110787683,0.402343879100395
"95c08da59378a0eb674c2b7dab943428",-55.2322162199653,44.5383481422531,-1.23978286719876,0.274491099235695,-0.437290076998479,0.731135417635955,-0.5807081840994,0.568890907628734,-4.37809685552773,1.76803961606386,-2.49964870968565,0.0337907707580165,-0.0458991840359282,0.0484727917049206,-0.940275809717291,0.369706379399119,0.592360362230046,0.459198570962989,1.29543088828545,0.228123125184834,1.34951155047168,0.820643061817708,1.64459897532923,0.163969229872741,-0.534944910555548,0.297385761945362,-1.80230160600868,0.124403338574324,0.0317830562000446,0.120754142174416,0.2712491004306,0.707489464334008,-0.229387769791784,12.0137011125212,-0.0256207397055147,0.746629525553407,0.338210365784042,0.269711945022338,1.25382504209995,0.269721080526808,-0.50304698066549,0.638836303979787,-0.779309842734103,0.465021686447141,-0.0550513440787051,0.275189001438004,-0.200717055415504,0.692753239201139,0.101675148055626,0.477172641937639,0.212953784033089,0.765421775567612,-0.755800274044305,0.433543727872417,-1.75721020286562,0.149515878490827,0.0874592930298695,0.103930843882644,0.853112116860749,0.422774185908763,0.0488175625178526,0.383573439792884,0.115445775313357,0.723493172985036,-0.323462909193321,0.758860032762131,-0.420959524049799,0.650843504964499,0.995046087922228,1,0.682722313291877,1,1,0.957004918133181,0.94223974451976,1,1,0.993807476358884,1,1,1,0.896043871084204,1,1,1,2.27380766304032,2.27125375360896,2.27892614319122,0.0251918448252186,3.00511362163377,0.0051479709810328,0.495900039099344,2.27380766304032,2.36147348826229,-0.105010723469428,-2.84346231702472,3.82219238381077,-0.758357235933675,0.108950686845767
"6a49b0df18b1abfe220ecc00d5cbf296",26.9428444733787,54.7730127537389,0.497078720112537,0.593180038292875,-0.531281995782015,0.899146268895695,-0.5871595269903,0.575460161272913,0.858992642213931,2.17432528324753,0.399190925696042,0.684042648455678,0.0122253807810721,0.0596115695576094,0.210461215199178,0.731796027639737,-0.40941149909408,0.564719847793217,-0.728324696138158,0.495126311010746,-0.191854477218391,1.00922227172961,-0.190072810905347,0.683047861199675,0.0632317385971522,0.365723355518,0.173684909946615,0.677716194187742,0.0105068121029505,0.148502772223638,0.0619358319957933,0.773260909481222,-3.93886427311139,14.7743827892769,-0.263039634898616,0.738900009582914,-0.190133098549983,0.331690249430901,-0.579626884657877,0.561693246235977,-0.316099951453135,0.785637332432649,-0.392648710860785,0.634331209941157,-0.282387328746068,0.338425902938977,-0.840774828944777,0.446781189772566,0.225479984239394,0.586824260278088,0.390561980955441,0.695014963464156,-0.0634106930488595,0.533169664492593,-0.120652240676182,0.736098171267538,0.179921519059772,0.127813573581783,1.42789810682762,0.177654747232009,0.814633198974369,0.471716482224891,1.73921717543822,0.104964643087887,-0.532541705000154,0.933241846330413,-0.568030583272479,0.568553858505036,1,1,1,1,1,1,1,1,1,1,1,1,1,1,1,0.996869869035793,1,1.86958305084034,1.83063553649547,1.91707354295006,-0.0906179460874492,4.18108741306462,-0.0173008186851265,0.488871534698279,1.86958305084034,1.83299292855965,2.36461602627154,0.726396585928621,3.06385445491003,0.173902118740155,0.375000169541022
"5c4a1032c65d0d99d6d6bee379b63a2c",21.3708769413545,66.8364324600274,0.319814682725346,0.687211624449282,-0.0789743865509291,1.09717771309979,-0.0725775956700142,0.738403656155039,-0.331898819441319,2.65320707468265,-0.1285032732471,0.688932547257995,0.0640773561596444,0.0727406516871105,0.884495014484735,0.418119515834067,0.395280807852725,0.689095926411166,0.574392490049246,0.569834842285855,-0.00143244860451049,1.23149727959791,-0.000708891526345074,0.730897353826923,0.0974195464551889,0.446271678719459,0.215982050765157,0.699587745689001,-0.275150396273801,0.181209595873005,-1.51835983112923,0.177431549511574,5.97759060134467,18.0283498713825,0.327700241386821,0.640050573983954,-0.119561844155695,0.404742990008794,-0.294726699840293,0.690178937764787,-0.35283765247574,0.958669130421833,-0.369706080169973,0.646450783439214,0.15236373246378,0.412962129839401,0.367715575085176,0.636743700632968,-0.128840830129787,0.716068700006001,-0.182276280512827,0.681850636617479,0.877121143725797,0.650597008983446,1.35334262802275,0.219967579493938,0.0961481642929645,0.155963728279497,0.625116602775995,0.512683963750708,0.161455688497557,0.575609140695908,0.281014624959268,0.68954591575905,-0.48700968281766,1.13878263208876,-0.430324754361964,0.632168762426936,1,1,1,1,1,1,1,0.999063612604354,1,1,1,1,1,1,1,1,1,-0.933119444592408,-0.0772203139174348,-1.59287327729647,-0.977726885072142,6.2853713993316,-0.149824931482203,0.431640625885792,-0.933119444592408,-0.848942721779686,-1.61456664986831,-0.861060719634229,5.43108625909841,-0.126509817984541,0.433593835955625
"c4228a5878f56464e576996e95eefc5e",53.9693974151781,55.2388457420679,0.992755745422751,0.397148216139971,-0.47250689249249,0.906793319374144,-0.523002922603699,0.544120020771891,-0.681455821091718,2.19281746385567,-0.315533582432095,0.659124194535762,-0.0715503408162134,0.060118553456977,-1.19491499969234,0.311841639800987,-0.503990444728072,0.569522671684774,-0.889635388555277,0.42534437016218,-0.783509250128826,1.01780549553074,-0.784286973782632,0.471651411445164,0.357199082018102,0.368833755969562,0.981673322616796,0.410418326168836,-0.0156380985094449,0.149765757162427,-0.0945938080999412,0.648261434371098,-3.401898042773,14.9000358169165,-0.237667089784155,0.590573742175513,-0.299266388618656,0.334511205451463,-0.909254939354165,0.430442303221677,-0.420967535298434,0.79231901320773,-0.540453868610887,0.53157269838687,0.285969833541086,0.341304144280252,0.84937111095718,0.444811062865846,-0.0533774535637673,0.591815077562839,-0.0905303144691129,0.716956650373897,0.104957291065316,0.537704160690814,0.191346027376119,0.594420543700966,-0.0555696354259319,0.128900601224361,-0.435647466472749,0.607922389551035,-0.167418983534321,0.475728331993806,-0.349079809173434,0.617923426205053,-1.42495912451651,0.941178872545573,-1.51977683728818,0.188717795749541,0.985960086342649,1,1,0.994633480565924,0.995100226424026,0.995192720749163,0.991789565168566,1,1,0.98649806573619,1,1,1,1,1,0.998149032543229,0.984970358653008,-1.86615356526502,-1.54402198295694,-2.29119452649906,-0.555775318590986,4.74004546046864,-0.0962307502878541,0.441406250755432,-1.86615356526502,-1.86898735050148,-1.78743050951306,-0.253183118583689,4.14403816839889,-0.0445170864838162,0.47470820319835
"f55e6f0203460ecfb665c9dbc579b714",89.6847483715812,60.2047582061472,1.49404726075801,0.177159667091765,0.0776440409183519,0.988313057640408,0.0804303346791995,0.784497805523008,-0.905346025540457,2.38994938123965,-0.382625610001185,0.651185144975519,0.0316999552386026,0.0655231463648093,0.478361336346359,0.621489947397802,0.444788886053455,0.620722143648782,0.729276395173357,0.484260173356227,-1.41207459939806,1.10930510831891,-1.27542232412434,0.249976990764085,0.60325576627196,0.401991511555095,1.50030514629169,0.166961065430091,-0.0789084989981898,0.163229536685589,-0.472028623885,0.609840782811084,-2.79584216567801,16.239532915099,-0.182111997954679,0.671718891037135,-0.556746014130279,0.364583400882233,-1.53054212296885,0.16315502141864,0.355591796643235,0.863547635210214,0.421455293023305,0.636078817334486,0.0456409090583173,0.371987017561807,0.128876875613617,0.716617885857723,-1.09147386633979,0.645018612695022,-1.70652365189211,0.154301401065179,0.164676356773248,0.586043182943923,0.275025302079002,0.680677462477662,0.0637990233872391,0.140488625804677,0.458133702727972,0.639982247536241,0.716384005982318,0.518495794304565,1.38584260891035,0.204653470079249,-0.365073237737048,1.02578983483697,-0.362543854285425,0.693370055847075,0.989846534040763,1,1,1,1,1,0.996010364352798,1,1,0.988839035217994,1,1,0.918062684777762,1,1,0.998560690491321,1,1.33351875585803,1.53832680391884,0.915608306692417,-0.342715965474416,5.32309814122082,-0.0584696967706536,0.466614604096526,1.33351875585803,1.31861065716447,1.96493736869643,0.443773439577254,5.70156771346067,0.0725170487798863,0.472656284873486
"b73c9d186b67a61bce0ba79c990aef39",74.743524736844,69.3477829969687,1.08921886023199,0.346435042411074,-1.46532382841554,1.1384036992498,-1.29234610721997,0.252305456835259,3.04145429333397,2.75290020261263,1.10390769999505,0.288346063404654,-0.0396560511361329,0.075473850751575,-0.533194362228752,0.562945676636929,0.344380429730667,0.714988412905441,0.478788191125308,0.627270770772437,-1.2452528393086,1.27777026635868,-0.984872685551342,0.386745532327192,0.694546353091168,0.463040147333401,1.51228209232617,0.189201631168519,-0.312245432643927,0.188018469404171,-1.66545759512354,0.141593029149695,30.2015234418198,18.7057574537926,1.62172375931355,0.160981789182537,-0.515895398207178,0.419951035798636,-1.24036086798063,0.284726064400513,0.0859473442502182,0.994690715458913,0.0835395067223283,0.72864608210012,0.417322800941331,0.428479006314352,0.982558225197991,0.380812079007456,-0.597134389058605,0.742974677001743,-0.806746346490309,0.48598924496488,-0.249370268249904,0.675042915021597,-0.378368222100514,0.630508668610033,-0.0700062678535148,0.161823999068073,-0.434495497522857,0.668080015577289,-0.312856746971329,0.597237409461144,-0.527197258118272,0.582590674408164,-0.934452653507315,1.18157190538317,-0.795143847715438,0.460439170686538,0.99030884824686,1,1,1,1,0.997344558133234,0.972385841488037,0.973657563737304,0.979223426210396,0.984279563966222,1,1,0.996755602887859,1,1,1,1,0.152057815418063,1.88696939071774,-2.24081516070607,-2.17522949141637,6.61780844070732,-0.319143486225777,0.35142522659225,0.152057815418063,-0.463065631943435,2.96163564207608,3.61724228898296,4.22854531036086,0.729823567921042,0.195313116266623
"6960eba3db7d4d863d042ab497d7481a",-18.1642401352124,60.5657908786083,-0.301651403595269,0.594040027691638,-1.13526089900313,0.994239720499949,-1.15550779911344,0.305630653685486,4.369404061044,2.40428130180316,1.8264513888141,0.0844178293471639,0.0347867514946748,0.0659160720627938,0.531318188832676,0.549576119547599,0.411359646291306,0.624444456985046,0.657138063581178,0.516736951140531,0.171424744286642,1.11595732983369,0.151326494077096,0.630384427854816,0.0723204446431933,0.40440215274107,0.182044829399911,0.612878668553653,-0.129317673062983,0.164208382836792,-0.788159143319978,0.477447017027116,11.0943110840448,16.3369172771088,0.68683589147269,0.505008661633921,0.0817325418688019,0.366769715111829,0.224190652869207,0.615180434068248,-0.237583972665221,0.868726111460709,-0.275207054398537,0.637783826395299,-0.0537894411840344,0.374217729403739,-0.146701671975241,0.740067462534952,-0.351675770295562,0.648886625796761,-0.56071080782569,0.575482589812593,0.476770739422553,0.589557535344298,0.815241915150318,0.418086429121821,-0.148852092494166,0.141331100478373,-1.06764621778592,0.341597911865616,-0.0787282715493943,0.521605082139201,-0.155127977460336,0.685562903789848,0.235816418945584,1.03194123642862,0.224748601295614,0.695691026673549,1,0.999244994369301,0.99485106293591,1,1,1,1,1,1,1,1,1,0.994457520266896,1,0.995332439392381,1,1,-0.574892959279803,-0.0436162138130998,-1.36460769236678,-0.915650932890617,5.27138366003644,-0.157984276025644,0.410937501169598,-0.574892959279803,-0.800398940419995,1.98425294890628,2.84128981422191,3.23350435891596,0.810354578294279,0.128405716511591
"d2a7d567b64364c09cf4bea1e3f5aef5",36.7676667742961,56.6899699656253,0.668016667608088,0.452169571414716,0.453082843412592,0.93061477570305,0.503868756611041,0.512467862275297,-0.797305300258053,2.25042276854468,-0.351638354433895,0.551023173376927,-0.0267906071633823,0.0616978675797595,-0.446834264562029,0.597999752711923,-0.18121070156749,0.584484029650252,-0.317346042478008,0.524308784707748,-0.728294400392574,1.04454324121665,-0.71325710485263,0.445215833769288,0.138351172423742,0.378523017042327,0.375974770086093,0.507909315273416,0.124084618527822,0.153700102914194,0.826232916556818,0.412996757116035,-6.66680440539362,15.2914596892899,-0.457091488419826,0.47888574455158,-0.242254449088973,0.343298813279994,-0.722632422391821,0.438613811683511,0.102983923646951,0.813133230040201,0.140432945016281,0.52765030008216,-0.0636091164901462,0.350270202580569,-0.182518176548958,0.569730122061466,-0.588304230242694,0.607362056928194,-0.96651548845736,0.421287871599205,0.618784540638057,0.551829646518839,1.13777996143925,0.344829404896598,0.0860530191852709,0.13228681942561,0.655003318472076,0.449417071830521,-0.259003542112224,0.488225713087036,-0.539498365482355,0.517230107910278,0.134804197144037,0.965903637198127,0.140601204028452,0.524518245994366,0.986289308621801,1,0.98705618448081,1,0.986478501193464,0.986236932281388,0.990982145537672,0.99421687407401,1,0.983763063854063,0.992542164906841,1,0.974736122122388,0.979534398177207,0.983514033013295,0.999287337631015,0.994457824157383,-4.64730180021848,-4.86210437124786,-4.50678346522789,0.395747270492889,5.08347338347967,0.0755050441233374,0.465625000439177,-4.64730180021848,-4.63224710443007,-4.97321986957161,-0.507473537889933,4.65065854533637,-0.0877861521327892,0.459144020765433
"6545176af2fa076f03140433793c0d00",-55.0434573799295,44.608503302738,-1.25460862679324,0.246989171458216,-0.603258113613305,0.732287075133369,-0.820543616016599,0.42414329894544,1.19422052489734,1.77082456674529,0.678914166368708,0.511115632274173,-0.027847670014637,0.0485491442555439,-0.575990538934915,0.571296574578331,0.424944518630073,0.459921883586472,0.931523852622017,0.364498111345208,1.00192795508369,0.821935708449299,1.24003573479839,0.250218282705251,-0.460426396627515,0.297854193010398,-1.56811970943533,0.152024754689839,0.133223996871316,0.1209443496378,1.09987803560831,0.286653048001503,-10.2054144196299,12.0326246506568,-0.848725520469922,0.423589099906507,0.379742502407201,0.27013678531339,1.42826283484558,0.188822438616606,0.00209308492611796,0.639842575323444,0.0109785957791111,0.814790759761912,-0.47289905846463,0.275622468985968,-1.72162211614581,0.113115187299091,0.366450548618731,0.477924266653653,0.763416798667531,0.455729832165199,0.304902159233814,0.434226629934904,0.713773304842117,0.499376215817463,0.00180929525245414,0.104094551908111,0.021912644688196,0.885593530189232,0.391659837585583,0.384177630503785,1.03189542924165,0.325943951143946,-0.369376040463203,0.760055361048982,-0.483590526085995,0.632572421911804,1,1,1,1,1,1,0.999111251433988,1,1,1,1,0.992494157744469,1,1,1,1,1,2.9834654629801,2.942714623431,3.04409776108891,0.293524268416853,2.63664469609763,0.0809083856609629,0.448046875667828,2.9834654629801,2.93852627625781,3.77293236931091,0.644723188779826,1.8970216198618,0.226715676910797,0.37354102648589
"ebc68f0a3a40711c1b0df994d93a6cac",22.2521900544768,51.2698869131337,0.426548061209067,0.478205170011646,0.72999381550184,0.841639435316649,0.877203477982401,0.411684666279286,1.39731708555666,2.03526163305411,0.688440795972541,0.45921594192446,-0.0165485090211349,0.0557989834094786,-0.319441718958888,0.462786295691577,0.0804439695103541,0.528601975285428,0.156281966782069,0.546326466671786,-0.723064379976499,0.94467529062952,-0.767573335153503,0.426233368989159,0.169984751735935,0.342332731690384,0.493810925246299,0.473382944333097,0.0841523666853061,0.139004958015077,0.615507716951055,0.459848338516328,-0.824983163009729,13.8294553601284,-0.055018426384091,0.558467868891329,-0.186654075825614,0.310476286104064,-0.594646808189729,0.45512178166021,0.474233714628386,0.735390207028705,0.648119841468283,0.446033099694023,0.123295230195532,0.316781146404478,0.407639541917796,0.484745585677974,0.236969652973852,0.549292652525985,0.442055364587801,0.522078675340241,0.110568592687151,0.499069651818317,0.222995368303958,0.516079154375205,0.0632250881931526,0.119638981572256,0.523918776865416,0.485635822191239,-0.00853624382165554,0.441546840000699,-0.0162048688036355,0.518533510905647,0.344452910063027,0.87355435676118,0.380697698991524,0.486318340563181,1,0.963555712876546,0.992461696089761,0.991457922982463,0.995169454126573,0.981424940302209,0.985626437363277,0.983671622994013,0.996457784376881,0.99059182338699,0.99394888153904,0.99349801284529,0.997632955278204,1,0.987198074630848,0.997599143966106,0.991247509944356,-4.90303273377934,-5.271739235976,-4.51986633238509,0.701358210150049,4.44921887083836,0.138750420591719,0.43147208210564,-4.90303273377934,-4.96106272517078,-3.15075577758244,1.77016124101831,4.79126200736451,0.316874407476289,0.367187681698782
"719ab97ff4cf3c7b809b054134f4dc70",-19.6833221372651,42.2236403416203,-0.461519554022293,0.644086181475708,-0.46212422781239,0.693137491688735,-0.657851165438677,0.521874234134345,1.33564224600793,1.67615261841277,0.799345725092058,0.432131268460099,0.00384087778194203,0.0459536064688749,0.0651037568965607,0.789512732452367,0.0127119805029017,0.435333507291284,0.0622516407926594,0.746549324079082,0.759748532330179,0.777993323424683,0.973417818881161,0.362871927556018,-0.352274110166023,0.281930291060509,-1.25293549891016,0.242121629360167,0.0045787240223761,0.114478414256598,0.0614965380090508,0.795688079809787,-6.97371404059895,11.3893356198719,-0.634818438736416,0.530594125392752,0.117039881800878,0.255694713375734,0.455655930698321,0.647305855697523,-0.0631289848705532,0.605635266271194,-0.0937527326603605,0.822084038099954,-0.492451590580878,0.260887121039513,-1.90426803846717,0.0686643470696791,0.890037603920956,0.452373445680655,1.97089225728708,0.0578550491534148,-0.511961911596934,0.411011975109237,-1.23548617510591,0.243042786952385,0.322140778267401,0.0985294416058214,3.29675603227529,0.00260442616466889,1.03529800525445,0.363638698828348,2.84960632284029,0.00640002255497734,0.530827624921487,0.719421227537191,0.727705845862563,0.485437897698622,1,1,1,1,1,1,1,1,1,1,1,0.999257320210019,0.998864960286342,1,0.149026869029569,0.366450822808474,1,4.9071040860772,4.78243523703991,5.04239855976469,0.0861880436768283,3.47088680692307,0.0227488367112937,0.485937500178955,4.9071040860772,4.85020327212313,5.37204034110182,0.734782449697609,3.06302617962316,0.211298611365323,0.40625012355222
"3fae853851bfe19cdb50e15749f373b6",11.9193062909286,19.2028811367678,0.621221914121484,0.546218796253757,0.620241520416883,0.315231864345341,1.96888907903621,0.0589446995731942,-0.118122162380107,0.762297121660903,-0.155859285645031,0.836778749369944,0.00658534307945507,0.0208992317026197,0.31494378669163,0.754637656855645,0.274682633031995,0.197985240678704,1.38802510276039,0.17876627877888,-0.0746275207698834,0.35382343147227,-0.211139249763992,0.797793044932407,-0.0312278023673716,0.128219021957535,-0.243580165411773,0.785411922047369,0.0546507341571802,0.0520636156406487,1.05031825064103,0.309296484845948,-7.07537141875213,5.17975372008774,-1.36662411773717,0.186889826360964,-0.0306748369028997,0.116287348711006,-0.264075082492373,0.774750529031605,0.0167031750795925,0.275436744353297,0.0612123748325437,0.864689519675955,-0.082942949435616,0.118648802777365,-0.699277791085946,0.496742290204195,0.328741704011709,0.20573483092771,1.59901746648577,0.121617593962076,0.0205676353790174,0.186924055812189,0.1103954187855,0.847822857189361,0.14166614297035,0.0448101854866283,3.16330554382004,0.0029598903800341,0.214301118421706,0.165379172753291,1.29683074989821,0.2092882885965,0.0202373005357146,0.327185439433716,0.0611911373227457,0.86488054971654,1,0.995874851908971,1,1,1,1,1,1,1,1,1,1,1,1,0.168919191891489,1,1,9.20778531388148,8.9439941302807,9.44668375526678,0.632200764189978,1.90080524013937,0.329167396313309,0.357812501967084,9.20778531388148,9.19877260893339,9.2790625219539,0.148153619908253,2.08366023590163,0.0833144663571915,0.464843794925346
"a99fb503372ef5103fa41e0c743bbad2",56.8405499578154,45.0876775987934,1.26271641181375,0.246323495285839,1.57093954787371,0.740153134690582,2.15703607409778,0.0556904083684594,-0.919007807279568,1.78984635748884,-0.526114911136603,0.626663073083082,-0.0319047315938064,0.0490706480115624,-0.647087902019609,0.533545771713752,-0.542639884734464,0.464862258817453,-1.16187865906981,0.322487921249698,-1.2659541061476,0.830764753033603,-1.53043829878118,0.15886548807119,0.450619424455686,0.301053674335613,1.50230777722692,0.167093026618824,0.0706883555497492,0.122243506061101,0.584056878640812,0.572878725945754,-8.65524058143618,12.1618763408009,-0.723255884331805,0.504541620844829,-0.31741359538588,0.273038532611719,-1.16207668172739,0.286246105278128,-0.0932628626968706,0.646715617297888,-0.144414448470257,0.770514934751614,0.265114559583913,0.278583142238265,0.971732570356564,0.365318763625207,0.128571109356643,0.483058019348456,0.264672458791186,0.783880651507521,-0.780660988506034,0.438890992653273,-1.78661935835949,0.150509271202049,0.00595348225482315,0.105212711674541,0.0508396713437886,0.8460750916556,0.0682338904905821,0.388304378366352,0.158236242904767,0.802615985748808,0.341825421864088,0.768219701155219,0.456455506113896,0.646113702087608,1,0.877369938051972,1,1,0.972544783002103,0.998055016092353,0.998963263949176,1,1,1,1,1,1,0.897278123380374,1,1,1,1.33922221997164,0.874466474883673,1.75398438664751,0.905167326117961,3.37708358159984,0.215754146537246,0.378125001647612,1.33922221997164,1.33900896891854,1.52688160674912,-0.499430287995617,3.64802542724116,-0.108088806585133,0.421875101826505
