"","taxon","lfc_(Intercept)","lfc_UC_case_control","lfc_A_SMK_CIG_CUR_FREQ","lfc_F1_SDC_AGE_CALC","lfc_SDC_GENDER","lfc_PM_BIOIMPED_WEIGHT","lfc_PM_WAIST_AVG","lfc_PM_WAIST_HIP_RATIO","lfc_PM_STANDING_HEIGHT_AVG","lfc_A_SLE_LIGHT_EXP","lfc_NUT_VEG_DAY_QTY","lfc_REFINED_GRAIN_SERVINGS_DAY_QTY","lfc_PM_BIOIMPED_FFM","se_(Intercept)","se_UC_case_control","se_A_SMK_CIG_CUR_FREQ","se_F1_SDC_AGE_CALC","se_SDC_GENDER","se_PM_BIOIMPED_WEIGHT","se_PM_WAIST_AVG","se_PM_WAIST_HIP_RATIO","se_PM_STANDING_HEIGHT_AVG","se_A_SLE_LIGHT_EXP","se_NUT_VEG_DAY_QTY","se_REFINED_GRAIN_SERVINGS_DAY_QTY","se_PM_BIOIMPED_FFM","W_(Intercept)","W_UC_case_control","W_A_SMK_CIG_CUR_FREQ","W_F1_SDC_AGE_CALC","W_SDC_GENDER","W_PM_BIOIMPED_WEIGHT","W_PM_WAIST_AVG","W_PM_WAIST_HIP_RATIO","W_PM_STANDING_HEIGHT_AVG","W_A_SLE_LIGHT_EXP","W_NUT_VEG_DAY_QTY","W_REFINED_GRAIN_SERVINGS_DAY_QTY","W_PM_BIOIMPED_FFM","p_(Intercept)","p_UC_case_control","p_A_SMK_CIG_CUR_FREQ","p_F1_SDC_AGE_CALC","p_SDC_GENDER","p_PM_BIOIMPED_WEIGHT","p_PM_WAIST_AVG","p_PM_WAIST_HIP_RATIO","p_PM_STANDING_HEIGHT_AVG","p_A_SLE_LIGHT_EXP","p_NUT_VEG_DAY_QTY","p_REFINED_GRAIN_SERVINGS_DAY_QTY","p_PM_BIOIMPED_FFM","q_(Intercept)","q_UC_case_control","q_A_SMK_CIG_CUR_FREQ","q_F1_SDC_AGE_CALC","q_SDC_GENDER","q_PM_BIOIMPED_WEIGHT","q_PM_WAIST_AVG","q_PM_WAIST_HIP_RATIO","q_PM_STANDING_HEIGHT_AVG","q_A_SLE_LIGHT_EXP","q_NUT_VEG_DAY_QTY","q_REFINED_GRAIN_SERVINGS_DAY_QTY","q_PM_BIOIMPED_FFM","diff_(Intercept)","diff_UC_case_control","diff_A_SMK_CIG_CUR_FREQ","diff_F1_SDC_AGE_CALC","diff_SDC_GENDER","diff_PM_BIOIMPED_WEIGHT","diff_PM_WAIST_AVG","diff_PM_WAIST_HIP_RATIO","diff_PM_STANDING_HEIGHT_AVG","diff_A_SLE_LIGHT_EXP","diff_NUT_VEG_DAY_QTY","diff_REFINED_GRAIN_SERVINGS_DAY_QTY","diff_PM_BIOIMPED_FFM","passed_ss_(Intercept)","passed_ss_UC_case_control","passed_ss_A_SMK_CIG_CUR_FREQ","passed_ss_F1_SDC_AGE_CALC","passed_ss_SDC_GENDER","passed_ss_PM_BIOIMPED_WEIGHT","passed_ss_PM_WAIST_AVG","passed_ss_PM_WAIST_HIP_RATIO","passed_ss_PM_STANDING_HEIGHT_AVG","passed_ss_A_SLE_LIGHT_EXP","passed_ss_NUT_VEG_DAY_QTY","passed_ss_REFINED_GRAIN_SERVINGS_DAY_QTY","passed_ss_PM_BIOIMPED_FFM"
"1","7e464b9b7f9ca86103a675a09263efec",-7.71696356546699,-0.0715498690118405,-0.323926507318119,-0.0162361534978675,1.70277354879845,-0.000214330238868072,-0.0133302103518606,1.3795816489027,0.0191725305955256,0.0122242137176497,-0.139215912854634,0.00300490002047042,0.0378316034794632,3.73990752599406,0.225569612028418,0.631120762464531,0.0225743055915821,0.52416892848655,0.0821787003498562,0.111239972982146,9.88932160358476,0.0387834766255266,0.159021718418977,0.0825415481946505,0.190618028187575,0.0691663532756742,-2.06341026130475,-0.317196400563151,-0.513255982980473,-0.719231580878481,3.24852057468368,-0.00260809964085112,-0.119832916122697,0.139502152342039,0.494347909565865,0.076871347129091,-1.68661620601462,0.0157639864867004,0.546965420146974,0.0431346024477635,0.752127061053756,0.609539549730819,0.474616336307673,0.00184971246339062,0.997927152524542,0.904990890962251,0.889491430589964,0.622753118509541,0.938965703972073,0.096546362647339,0.987471719926987,0.586304665141273,1,1,1,1,0.0887861982427498,1,1,1,1,1,1,1,1,FALSE,FALSE,FALSE,FALSE,TRUE,FALSE,FALSE,FALSE,FALSE,FALSE,FALSE,FALSE,FALSE,TRUE,TRUE,TRUE,FALSE,FALSE,TRUE,TRUE,TRUE,TRUE,TRUE,TRUE,TRUE,TRUE
"2","41f01f3e3cbf6beb908ae1ebb553208e",-28.9426151750593,0.511409368091851,NA,0.267220772489522,10.8196398757116,0.217695500246702,-0.590206562506546,57.5142632669846,-0.359260021518434,0.0279173264029899,1.43367832609972,-0.942047178670565,0.750825328898836,8.60399462557208,0.221565764719094,NA,0.0320800098776893,0.189964581294633,0.194558339719035,0.28066688338934,25.4558761061842,0.0874348224861837,0.111464386766517,0.0824207360779572,0.314066140793613,0.0995393217768843,-3.36385788631695,2.3081605984581,NA,8.3298220140314,56.9560904563068,1.11892145338555,-2.10287211436988,2.25937080409549,-4.10888947107091,0.25045960609345,17.3946314279903,-2.99951843356978,7.54300225775898,0.183956007998121,0.260271686247161,1,0.0760625613391444,0.011176230042939,0.464308063967125,0.282588457644272,0.265269265713044,0.151982460868182,0.843766386144222,0.0365583957787904,0.204863426599951,0.0839094202270494,1,1,1,1,0.480577891846378,1,1,1,1,1,1,1,1,FALSE,FALSE,FALSE,FALSE,FALSE,FALSE,FALSE,FALSE,FALSE,FALSE,FALSE,FALSE,FALSE,TRUE,TRUE,TRUE,TRUE,TRUE,TRUE,TRUE,TRUE,TRUE,TRUE,FALSE,TRUE,TRUE
"3","bc6f21affc11d8c4a5d6454f728e4add",4.12529993235997,-0.200134635881746,NA,0.000550611711752757,4.669721723938,-0.292334784792996,0.221305510885722,-16.0645572647989,-0.0907606821281098,0.372132774730924,-0.813548966979119,0.46053031026529,0.372353691588234,8.38967792152663,0.221301526925244,NA,0.0315544097731328,0.197061119417691,0.189514357706955,0.27320853892364,24.7744971301043,0.0852147660659506,0.112285231367944,0.081402436340637,0.306911050650567,0.0976429317466347,0.491711358999263,-0.904352711264172,NA,0.0174495962913424,23.6968192291654,-1.54254689897972,0.810024136718419,-0.648431214584708,-1.0650816321888,3.3141738249752,-9.99415992384722,1.50053349101993,3.81342187219883,0.643747698727355,0.407269232222206,1,0.986752839737739,2.49231348542557e-06,0.183583924019967,0.454734158656441,0.545304158180822,0.335546416400003,0.021143176259011,0.000171427142940015,0.193770866457858,0.0124564597916607,1,1,1,1,0.000137077241698406,1,1,1,1,1,0.00908563857582078,1,0.685105288541337,FALSE,FALSE,FALSE,FALSE,TRUE,FALSE,FALSE,FALSE,FALSE,FALSE,TRUE,FALSE,FALSE,TRUE,TRUE,TRUE,TRUE,FALSE,FALSE,FALSE,FALSE,TRUE,TRUE,FALSE,TRUE,FALSE
"4","c2ba82ad21732bcd0ef11c61560cf91c",-2.27738261158885,-0.372967654555411,0.31526671460335,0.0387352484573708,2.30531817545202,0.0140182147351511,-0.0485218368511332,0.421265900776194,-0.0344292924850253,0.651212230121441,0.0360388132642326,0.422400215641097,0.065629989268192,5.3080771615875,0.308509782059952,0.820691005025087,0.0292179946885733,0.689661608660778,0.119025887026015,0.167416712141145,14.9361066735263,0.0557613989655458,0.221394324352974,0.104070536966354,0.270253813523175,0.0837711415062825,-0.429040977035787,-1.20893299416656,0.384147885955827,1.32573261341989,3.34268015864854,0.117774503390907,-0.289826721780474,0.0282045321437663,-0.617439539246472,2.94141338999819,0.346292181387361,1.56297596742284,0.783443893542623,0.669736410135384,0.232374535695954,0.702497738399901,0.190953586319688,0.00157741710179412,0.906718186336509,0.773147344444725,0.977611298515851,0.539746778818179,0.0049393161714027,0.730576188215186,0.124366055189839,0.437061935891643,1,1,1,1,0.0772934379879118,1,1,1,1,0.261783757084343,1,1,1,FALSE,FALSE,FALSE,FALSE,TRUE,FALSE,FALSE,FALSE,FALSE,FALSE,FALSE,FALSE,FALSE,TRUE,FALSE,TRUE,TRUE,FALSE,TRUE,TRUE,TRUE,TRUE,TRUE,TRUE,TRUE,TRUE
"5","250a576e3788b3f444938c7b08afb2e3",-0.104549364761836,-0.0649095922442699,-1.87978796597348,0.0378414228168292,1.03796517257389,-0.0257178127758607,0.0519188481432329,-7.23250836960306,-0.0200378648757987,-0.0683516341487386,-0.0256611283044101,-0.168200936039742,0.049367217832879,2.31269056022388,0.330100084025943,1.71190516167192,0.0255651540752202,0.843819323235204,0.0566133468745125,0.064883076676163,5.18156275407058,0.0327786894288071,0.247513589452982,0.116776913851761,0.219342575722971,0.0798943843351768,-0.0452068108721448,-0.196636097309108,-1.09806781827657,1.48019537474676,1.23007988083792,-0.454271195675218,0.800190909601348,-1.3958160332848,-0.611307688775032,-0.276153056079867,-0.219744874718859,-0.766841254988177,0.617905979796668,0.964065902679743,0.844658735409027,0.275783526942649,0.143124174634468,0.222616599473433,0.65098150057836,0.426196615188679,0.167000866946571,0.542894896555543,0.783210816152059,0.826683174650921,0.445648850553374,0.538560296862732,1,1,1,1,1,1,1,1,1,1,1,1,1,FALSE,FALSE,FALSE,FALSE,FALSE,FALSE,FALSE,FALSE,FALSE,FALSE,FALSE,FALSE,FALSE,TRUE,TRUE,FALSE,TRUE,TRUE,TRUE,TRUE,FALSE,TRUE,TRUE,TRUE,TRUE,TRUE
"6","eedb6e6a512baecd8df273d5495ca5c0",19.8021012715342,-1.25815120943219,NA,-0.00747800264571917,0.116476152299161,-0.107329822294911,0.269277489125008,-35.0831953300544,-0.0789984631135619,-0.380675884372199,-0.0366619927663918,-0.956402241764709,0.174719959814879,8.39035322990033,0.224693413667505,NA,0.0315433975804299,0.234833146111976,0.189533974181283,0.273217929281314,24.7766116464187,0.0852655584103867,0.117056860576019,0.082067469115575,0.308383042063081,0.0978637137466472,2.36010341030296,-5.5994129462734,NA,-0.237070297410152,0.495995366189156,-0.566282761486625,0.985577666272959,-1.41598035400153,-0.926499099828081,-3.25205957599539,-0.446729906033303,-3.10134511731379,1.78533956178282,0.0647427196520442,0.00250936719868836,1,0.822009266483584,0.64092825899713,0.595672781763406,0.369599824367858,0.215948914320233,0.396706291601714,0.0226440949223153,0.673754936635592,0.0268122852932868,0.134268405246493,1,0.13801519592786,1,1,1,1,1,1,1,1,1,1,1,FALSE,FALSE,FALSE,FALSE,FALSE,FALSE,FALSE,FALSE,FALSE,FALSE,FALSE,FALSE,FALSE,TRUE,TRUE,TRUE,TRUE,TRUE,TRUE,TRUE,TRUE,FALSE,TRUE,TRUE,FALSE,FALSE
"7","ed32eeb458a2b9bdee12e2db96fcb98b",8.86129007327152,0.162074794753567,-1.67766498931726,0.0153528546117998,-0.601132077398116,-0.0360554221089478,0.0432918755266901,-7.19436691126474,-0.0243813967207338,-0.0312122026675095,0.035897983881367,-0.115780234241017,-0.0109967354847555,4.75054772424955,0.312700470527813,0.736836772495462,0.0272909383466892,0.676563569816886,0.107197288255543,0.14782530782581,13.1515438350248,0.0510385414220603,0.211398568618637,0.0945543358335848,0.230745620086454,0.0834846318123057,1.86531966157046,0.518306846420789,-2.27684753522205,0.562562357393706,-0.888507901128661,-0.336346401067504,0.292858348569808,-0.547035922285027,-0.477705593486953,-0.147646234652688,0.379654550633694,-0.501765685509597,-0.131721674349346,0.0673787080557237,0.606286142572074,0.0266368604679721,0.575978166735058,0.378068257811227,0.737866786175923,0.770712870709267,0.586527487065758,0.634719164961915,0.883152287189955,0.705637846720136,0.617799449335013,0.895676557346174,1,1,1,1,1,1,1,1,1,1,1,1,1,FALSE,FALSE,FALSE,FALSE,FALSE,FALSE,FALSE,FALSE,FALSE,FALSE,FALSE,FALSE,FALSE,TRUE,TRUE,TRUE,TRUE,TRUE,TRUE,FALSE,FALSE,TRUE,TRUE,TRUE,TRUE,TRUE
"8","645dd8b575c7e7c0952933bbe90b4bb9",20.1378039374095,-0.379963203669656,-0.0779379513242034,-0.0936951978100562,-6.69304625777775,0.118557139084434,0.0669411865019843,-15.0526049731912,0.110601056413333,-0.377206301890091,-0.681294691290053,-0.145726926850922,-0.446870963932849,8.23623309966141,0.229519462742892,1.20639368036119,0.0315770120229816,0.308001586719995,0.1859942828181,0.26799156994353,24.2851483236516,0.0838790628905456,0.131998842608785,0.0834940166133896,0.305066278582563,0.0972043610647431,2.44502598381259,-1.6554726955565,-0.064604077916646,-2.96719644473851,-21.7305577190497,0.637423566402747,0.249788403851994,-0.619827590615591,1.31857763549,-2.85764855535928,-8.15980256938312,-0.477689397622105,-4.597231636914,0.0444301892430733,0.141801040747521,0.950295475198232,0.0208906487163678,1.1025398041088e-07,0.544126162853894,0.809922824808156,0.555002711312135,0.228811876201679,0.0244196225919206,8.03179342066911e-05,0.647427171517208,0.00249233476052428,1,1,1,1,6.17422290300928e-06,1,1,1,1,1,0.00441748638136801,1,0.13957074658936,FALSE,FALSE,FALSE,FALSE,TRUE,FALSE,FALSE,FALSE,FALSE,FALSE,TRUE,FALSE,FALSE,TRUE,TRUE,FALSE,TRUE,FALSE,FALSE,FALSE,FALSE,TRUE,TRUE,TRUE,TRUE,FALSE
"9","0f898170dbe4592000abdcde0dd2ba2e",0.0539632650493099,-0.0575610787924395,-0.79835625936054,0.0209755550290092,1.82946435748313,-0.0621493411245159,0.0500345104200285,-4.66736549889859,-0.037546635013132,-0.17158355857595,-0.0604731408914415,-0.0331722786317039,0.108770374846817,2.22648936866007,0.26211797808592,0.693555103433315,0.0225845631069839,0.536298893613821,0.0500050625337776,0.0588830638071413,4.89361742148511,0.0277290997875319,0.182212951203113,0.11723027975494,0.178894198766013,0.060758019576981,0.0242369291355681,-0.219599888617985,-1.15110718010498,0.928756289402065,3.41127751570655,-1.24286098197628,0.849726681748519,-0.953765915252554,-1.35405171104813,-0.941664999348399,-0.515849156189472,-0.18542959391932,1.79022251883974,0.980730669403709,0.826804173371252,0.253496566513051,0.356118681147888,0.00106376199010374,0.217951404237047,0.398293759788099,0.343393317988377,0.179954700496508,0.34951302495136,0.607540277130125,0.853413480242549,0.0776222915358847,1,1,1,1,0.0531880995051868,1,1,1,1,1,1,1,1,FALSE,FALSE,FALSE,FALSE,TRUE,FALSE,FALSE,FALSE,FALSE,FALSE,FALSE,FALSE,FALSE,TRUE,TRUE,TRUE,FALSE,TRUE,FALSE,TRUE,TRUE,TRUE,TRUE,TRUE,TRUE,FALSE
"10","b5c3abd1c966bb0457d8dfe34c35b160",9.1481060555403,-0.304011978368551,-1.25286254345431,0.0040014573376486,-0.438444766432767,-0.0259343272020098,0.0401066156539784,-4.77623937042606,-0.0371464848726296,0.463060903870875,-0.0330489490729407,0.108199640928436,-0.0179632778324998,5.54557136929703,0.252217903978084,0.922376123309677,0.0278088247875572,0.517789257745281,0.123284709633225,0.173944279556594,15.701665859711,0.0575227350011027,0.161793862121611,0.110434055790525,0.242471493216703,0.0812777862483919,1.64962371707786,-1.20535447156427,-1.35829897564866,0.14389163757251,-0.846762963646599,-0.210361262797026,0.230571627628199,-0.304186792223202,-0.645770491822365,2.86204246439718,-0.299264106858747,0.446236543079874,-0.221010914071927,0.105688538178184,0.234100217931855,0.180853331959636,0.886201242242902,0.401418328399263,0.834295051344883,0.818648319999224,0.76232832843127,0.521568540316242,0.00626631091194838,0.766057926630989,0.657475568732926,0.826041289567501,1,1,1,1,1,1,1,1,1,0.325848167421316,1,1,1,FALSE,FALSE,FALSE,FALSE,FALSE,FALSE,FALSE,FALSE,FALSE,FALSE,FALSE,FALSE,FALSE,TRUE,FALSE,TRUE,TRUE,TRUE,TRUE,TRUE,TRUE,TRUE,TRUE,TRUE,TRUE,TRUE
"11","ca39c1dfb5e738c293917a0ab7391c33",-4.41469553035773,0.180885652902316,0.746165359838397,0.0269865268762683,-1.85539787136247,0.115020123386682,-0.0395032074723598,-4.88696588161083,0.0960348708480516,-0.590806607838893,-0.480131177003676,-0.0432678643695645,-0.200366464062727,7.72825140285281,0.25536570275175,1.2931126348472,0.0307636236959979,0.448256575852275,0.174359797296433,0.250310309427799,22.6746061006973,0.078529634850104,0.136043078737797,0.0922075942779512,0.296193049999443,0.0967284143120807,-0.571241190307045,0.708339651539508,0.57703044555478,0.877221979534844,-4.13914256100936,0.659671123562584,-0.157816941550122,-0.215525943864602,1.22291248432979,-4.34279063161738,-5.20706760395858,-0.146079944717291,-2.07143335789908,0.575773079878672,0.488926436460462,0.571949224992776,0.393347490232069,0.000770661524333973,0.518848369011311,0.876575591986453,0.832080717936061,0.239070521161724,0.000503715169304835,8.64046165949021e-05,0.885682898375467,0.0548461934950778,1,1,1,1,0.0393037377410326,1,1,1,1,0.0282080494810707,0.00466584929612471,1,1,FALSE,FALSE,FALSE,FALSE,TRUE,FALSE,FALSE,FALSE,FALSE,TRUE,TRUE,FALSE,FALSE,TRUE,TRUE,FALSE,TRUE,FALSE,TRUE,TRUE,TRUE,TRUE,FALSE,FALSE,TRUE,TRUE
"12","7d669e880492b330a9c9c649f65c2ba6",-3.27482078341062,-0.0860926247031196,NA,0.0197524609077669,-0.0913170360294829,-0.00901950973050453,0.0644523884733361,-8.70433226054215,0.03957615899711,0.0327408260709795,-0.123225615481268,-0.337965368548516,-0.0450830948859134,6.47886700150702,0.239353734621505,NA,0.0285403497948031,0.472212563334892,0.145277391437331,0.207200039201085,18.6879269320444,0.0662140596359457,0.148445701378936,0.0888191857143639,0.269239644663283,0.0864799565953376,-0.50546195540808,-0.359687827053376,NA,0.692088956504789,-0.193381208209662,-0.0620847445102655,0.311063592081591,-0.465773025129755,0.59770023488524,0.220557589521588,-1.3873760999966,-1.25525855960471,-0.521312644696031,0.616315323494075,0.721182077725986,1,0.493321506142608,0.847747391965181,0.950838768995145,0.757546394613813,0.644183769915006,0.553781496122108,0.826683017435617,0.173856442972945,0.217472169254917,0.605341421271943,1,1,1,1,1,1,1,1,1,1,1,1,1,FALSE,FALSE,FALSE,FALSE,FALSE,FALSE,FALSE,FALSE,FALSE,FALSE,FALSE,FALSE,FALSE,TRUE,TRUE,TRUE,TRUE,TRUE,TRUE,TRUE,TRUE,TRUE,TRUE,TRUE,TRUE,TRUE
"13","494975433cf1f940b003816db0232f8b",138.171667979299,6.73185768268236,NA,0.927270366521969,-22.9284592069121,-0.204185121973303,0.704430413943587,-162.060065107495,-0.369282992420913,7.48289878767666,NA,NA,NA,8.81173167815953,0.221864458027311,NA,0.0326605096685171,0.166322062600124,0.199461151756841,0.287898840205301,26.1164984965663,0.0895886046828135,0.110239063903877,NA,NA,NA,15.6804216272003,30.3422086734311,NA,28.3911787027563,-137.855789234873,-1.02368366057678,2.44679837348861,-6.20527537904066,-4.1219862026912,67.878830994078,NA,NA,NA,1,1,1,1,1,1,1,1,1,1,1,1,1,1,1,1,1,1,1,1,1,1,1,1,1,1,FALSE,FALSE,FALSE,FALSE,FALSE,FALSE,FALSE,FALSE,FALSE,FALSE,FALSE,FALSE,FALSE,TRUE,TRUE,TRUE,TRUE,FALSE,TRUE,TRUE,TRUE,TRUE,FALSE,FALSE,FALSE,TRUE
"14","b67b924653e2ba692fd3ea7c8f75c2ee",19.1711585032253,-1.83417380784886,1.08722445123541,-0.0586147214019851,-2.08243219971479,-0.193934885097111,0.14151034809441,-5.13371583494332,-0.0393042558105766,NA,NA,NA,NA,8.81173167815953,0.221864458027311,1.16208762631668,0.0326605096685171,0.166322062600124,0.199461151756841,0.287898840205301,26.1164984965663,0.0895886046828135,NA,NA,NA,NA,2.17564029448857,-8.26709164756385,0.93557871765784,-1.79466646408419,-12.5204808499845,-0.972294020108399,0.491528024195925,-0.196569836328491,-0.43871936559044,NA,NA,NA,NA,1,1,1,1,1,1,1,1,1,1,1,1,1,1,1,1,1,1,1,1,1,1,1,1,1,1,FALSE,FALSE,FALSE,FALSE,FALSE,FALSE,FALSE,FALSE,FALSE,FALSE,FALSE,FALSE,FALSE,TRUE,TRUE,TRUE,TRUE,TRUE,TRUE,TRUE,TRUE,FALSE,TRUE,FALSE,TRUE,TRUE
"15","632a77028290d1ecbd9bfe2958610b8c",-6.51018662356835,0.0376133615397227,-0.364591147330895,-0.0182919568072963,1.48841864508243,-0.0147615741513308,-0.00434750322615331,1.59869599936123,0.00911615601254401,-0.0121269064038748,-0.14672771102255,-0.0851556458739905,0.058963195221379,1.8064439208693,0.235155610001927,0.482150702459174,0.0216967385221526,0.531337898273696,0.0423746668970846,0.0457629127121418,3.58538735961837,0.0234195464923207,0.175233343313493,0.0856777890763206,0.167766494853669,0.0623230252693259,-3.60386865507316,0.159950942864661,-0.756176741984042,-0.843074031086285,2.80126572924361,-0.348358470573521,-0.0950005794757865,0.445892127965607,0.389254164914475,-0.0692043316332765,-1.7125524900257,-0.507584341845287,0.946090068101998,0.000569523340065901,0.873361481732722,0.451976604064264,0.401941011578264,0.00651198659805361,0.728573623369487,0.924574660656786,0.656994876893263,0.698221338250495,0.945016194838933,0.0910397844031493,0.613275039011502,0.347223813471038,0.0318933070436904,1,1,1,0.293039396912413,1,1,1,1,1,1,1,1,TRUE,FALSE,FALSE,FALSE,FALSE,FALSE,FALSE,FALSE,FALSE,FALSE,FALSE,FALSE,FALSE,TRUE,TRUE,TRUE,TRUE,FALSE,TRUE,TRUE,TRUE,TRUE,TRUE,FALSE,TRUE,TRUE
"16","5b239eddc0c4c102c7f721bae475cf22",-1.73070563748878,-0.0200784844083727,0.137105131838557,-0.0277008581728691,0.804446421109824,0.00692652736512499,-0.0299381776353095,2.88143331347459,0.00888353920182964,-0.295706383158797,-0.198314957203858,-0.313077189657714,0.000102801043113552,3.54589835316352,0.323055435111104,0.621962706697167,0.0277074125746843,0.749987047731358,0.0842189712842877,0.108913262135721,9.25725983552686,0.0400184416201018,0.239776354846028,0.112267136584005,0.228456990911405,0.0823048030465597,-0.488086646912682,-0.0621518235762461,0.220439473882015,-0.999763442299146,1.07261375185505,0.082244264676945,-0.274880919442137,0.311262011077665,0.221986135446297,-1.23325914829544,-1.76645600162312,-1.37039881514996,0.00124902848082144,0.627106110423985,0.9506297660013,0.826209381634676,0.321076440524639,0.28735078987548,0.934701393575503,0.784266386747683,0.756582475913774,0.825010138631957,0.221853433984768,0.0819433696166141,0.175205693639107,0.999007187363184,1,1,1,1,1,1,1,1,1,1,1,1,1,FALSE,FALSE,FALSE,FALSE,FALSE,FALSE,FALSE,FALSE,FALSE,FALSE,FALSE,FALSE,FALSE,TRUE,TRUE,TRUE,TRUE,TRUE,FALSE,TRUE,TRUE,TRUE,FALSE,TRUE,FALSE,TRUE
"17","51c79d7c5c2260b32f6ad5b82272898e",-9.390372533325,0.0876703754993276,NA,-0.0671233382838871,4.16670697768892,-0.197275333965509,0.190971130790346,-12.2940622431537,0.00965273596441712,-0.338171549430785,-0.34833745077682,-0.858860112609673,0.259390801919145,8.33585990720492,0.22546718939568,NA,0.0315076245218466,0.264615272571423,0.188242676749135,0.271325573860685,24.6030370349105,0.084771673322396,0.123441751631982,0.0851606305135546,0.306373283541211,0.0975978191111417,-1.12650316078472,0.388838729636497,NA,-2.13038397221426,15.7462830364951,-1.04798410951418,0.703844934603924,-0.499696936833815,0.113867469947263,-2.73952325659617,-4.09035781764646,-2.80331268667604,2.65775203054238,0.302981005446102,0.710819625464749,1,0.0771684195570482,4.15880461557938e-06,0.335014370273763,0.507910547410557,0.635081115232567,0.91305748145228,0.0337570240140192,0.00642668215895542,0.0310282290169896,0.0376368334085996,1,1,1,1,0.000224575449241287,1,1,1,1,1,0.314907425788816,1,1,FALSE,FALSE,FALSE,FALSE,TRUE,FALSE,FALSE,FALSE,FALSE,FALSE,FALSE,FALSE,FALSE,TRUE,FALSE,TRUE,TRUE,FALSE,TRUE,TRUE,TRUE,TRUE,TRUE,TRUE,TRUE,TRUE
"18","20f887a0f58476d52027e0798805c1d2",-9.97124992396852,0.177720072851091,1.20428836529421,0.00434548261787348,-0.0963108884140196,0.03702458763718,-0.00347333195251842,3.46748386219322,0.059672162408551,-0.516052354995895,-0.35273184207071,-0.461476424075464,-0.103150091299482,6.91714553037208,0.260196220174269,0.962632925539521,0.0304939807394143,0.572139797926673,0.155704178661666,0.222189216056361,20.0893577369018,0.0704624506526482,0.165730219083895,0.0995037750547582,0.281956537211754,0.0950779797496956,-1.44152669337176,0.68302326887017,1.25103591757912,0.142502963289959,-0.168334537752892,0.23778801542399,-0.0156323156189424,0.17260302233674,0.84686470390749,-3.11380964707868,-3.54490914416662,-1.6366934728273,-1.08489990606697,0.16014823991043,0.50001282119028,0.220920400385298,0.887668213957494,0.867488648268683,0.81371756112607,0.987634778459728,0.864162468377018,0.40400527727945,0.00413141008708747,0.00135442074373007,0.11250264477611,0.28690296062702,1,1,1,1,1,1,1,1,1,0.223096144702723,0.0690754579302336,1,1,FALSE,FALSE,FALSE,FALSE,FALSE,FALSE,FALSE,FALSE,FALSE,FALSE,TRUE,FALSE,FALSE,TRUE,TRUE,TRUE,TRUE,TRUE,TRUE,TRUE,TRUE,TRUE,TRUE,FALSE,TRUE,TRUE
"19","3a4c1eb8dbc9f93fbbfbd8702754c0df",2.80876136284302,0.295613115368662,1.35208946809923,0.000269219974917282,0.452551889086205,0.0502803570257162,-0.010662046313853,-4.84244352049978,-0.0105164319931444,0.0336444720191166,-0.388411940864721,-0.468854596331244,-0.00560652764496816,6.25733985072912,0.246347508042399,0.904102345994845,0.0279025627600676,0.456251038441636,0.139734329601301,0.199219098911117,17.9757388083533,0.0637694141126309,0.164254269853716,0.086607639935053,0.254120429430312,0.081983735947578,0.448874670362636,1.19998419191553,1.49550487739465,0.00964857519476931,0.991892293838793,0.359828233829004,-0.0535191975675485,-0.269387732661619,-0.164913417184139,0.204831643336153,-4.48473069068723,-1.84500946020879,-0.0683858521469806,0.656071565532681,0.23757357056152,0.143042152753507,0.992352148253833,0.327524374496623,0.720967746425937,0.957598614375201,0.789088749054943,0.86988630166845,0.838796894624186,6.54197978464882e-05,0.0728405012394651,0.945837068248863,1,1,1,1,1,1,1,1,1,1,0.00366350867940334,1,1,FALSE,FALSE,FALSE,FALSE,FALSE,FALSE,FALSE,FALSE,FALSE,FALSE,TRUE,FALSE,FALSE,TRUE,TRUE,FALSE,TRUE,TRUE,TRUE,TRUE,TRUE,TRUE,TRUE,FALSE,TRUE,FALSE
"20","969732ae717bf5a9282f4781499aadb4",7.41074009186501,-0.696536324496306,0.615226602635582,0.0277803623417762,0.562647800678556,-0.0599653450818808,0.0535859196725875,-3.78365533861022,-0.060134189049007,-0.142351938727616,-0.0764798428318376,-0.0957483413640103,0.0549164027138877,2.82013509406845,0.324145816455963,0.80894092997712,0.0260492865555456,0.855727736508065,0.0706363620098008,0.0838163338915752,6.8691177805295,0.0359460574354972,0.236701593433519,0.12593043219263,0.238126591996395,0.0867246072871224,2.62779613198387,-2.14883638515487,0.760533408357744,1.06645386554213,0.65750796272484,-0.848930258802974,0.639325501183412,-0.550821147562062,-1.67290082248697,-0.601398311953472,-0.607318195452946,-0.402090083939302,0.633227459100205,0.0105530021846782,0.035107677248769,0.44949002041846,0.289882982116769,0.513010661942365,0.398813994460852,0.524697923353618,0.583510042989624,0.0988107188644556,0.549517443619761,0.545604846379592,0.688842867024644,0.528648572792241,0.559309115787943,1,1,1,1,1,1,1,1,1,1,1,1,FALSE,FALSE,FALSE,FALSE,FALSE,FALSE,FALSE,FALSE,FALSE,FALSE,FALSE,FALSE,FALSE,TRUE,FALSE,TRUE,TRUE,TRUE,FALSE,TRUE,TRUE,FALSE,TRUE,TRUE,TRUE,TRUE
"21","81b95cf5e2e0e3f7579b7dfa4b2ebed0",-5.24823197238286,-0.235742443478239,-0.164456690938091,0.0301419049533908,1.41538351791552,-0.00214396207965,0.00692480867994526,-2.1879777924374,0.0102563613493697,-0.314578999715035,-0.240098661986387,0.0477265356629274,0.0167132627054283,2.35702043298247,0.312356783860551,0.540926428444542,0.0240751201871191,0.795621182439466,0.0553546276560297,0.0652429281844836,5.3130795802543,0.0326070767838645,0.220583920130244,0.108684547279396,0.212987786452208,0.0751507815960252,-2.22663830102736,-0.754721701781526,-0.304027835007051,1.25199395554908,1.77896661018475,-0.0387313973634229,0.106138839451908,-0.411809715888478,0.314544030345124,-1.42611936323052,-2.20913338645249,0.224081091493181,0.222396392299295,0.029100222759461,0.452877575552481,0.761983608164503,0.214624009568742,0.0794660820522062,0.969211733985908,0.915767362478508,0.681702309830664,0.754017565679031,0.158155494394606,0.0303476554736222,0.823328850440936,0.824634980148108,1,1,1,1,1,1,1,1,1,1,1,1,1,FALSE,FALSE,FALSE,FALSE,FALSE,FALSE,FALSE,FALSE,FALSE,FALSE,FALSE,FALSE,FALSE,TRUE,TRUE,TRUE,TRUE,TRUE,TRUE,TRUE,TRUE,TRUE,FALSE,FALSE,TRUE,TRUE
"22","26de4690cd2c89c490c37a8d1418d67a",-0.272290713053711,-0.0235302909988583,-0.309169800036123,0.00451348194565354,1.05287038870449,-0.0534642313482105,0.0589197985147363,-4.79187559921426,-0.013634203387898,-0.525842877488748,-0.18039249255674,-0.197809701715807,0.0631781894723333,5.18779881685011,0.256580444711157,0.779257535521966,0.0254737543762464,0.484545689065229,0.114637123073103,0.161543645323045,14.5476365540816,0.0539138202077459,0.185815527791685,0.0948736246870519,0.22859950394788,0.0764471598281191,-0.0524867526029158,-0.0917072656310471,-0.39674919515412,0.177181654458529,2.17290218954513,-0.466377992704135,0.364729905635793,-0.329392034328066,-0.252888838805363,-2.82991891871525,-1.90139770828593,-0.865311159034303,0.826429518302326,0.958345901957559,0.927289899525128,0.693207795634466,0.86006751743629,0.0344578406393571,0.642930993195291,0.716821118055185,0.74320839304545,0.801370672646366,0.00664347062091153,0.0629067188646186,0.3909202845616,0.412410230241717,1,1,1,1,1,1,1,1,1,0.338817001666488,1,1,1,FALSE,FALSE,FALSE,FALSE,FALSE,FALSE,FALSE,FALSE,FALSE,FALSE,FALSE,FALSE,FALSE,TRUE,TRUE,TRUE,TRUE,FALSE,FALSE,TRUE,TRUE,TRUE,TRUE,TRUE,TRUE,FALSE
"23","c5bd025300b4ef0c652dd11cef56ac29",7.80935532741948,-0.541299419947436,-0.354776318742155,-0.0475615419761735,-0.0106483364835325,-0.00528671337649711,-0.0148492613903834,2.76164176547216,-0.0178284987178361,-0.106218076900663,-0.335212841189099,0.292609597009552,-0.0588899855531587,5.99652823693648,0.272185415406338,1.79169639834785,0.0281894767996334,0.599519737372402,0.134522355560288,0.190972067466318,17.1406340397214,0.0616162166892059,0.22368991727452,0.094470886635519,0.254262840432911,0.0845573792373127,1.30231277480137,-1.98871574047914,-0.19801140364478,-1.68720910693852,-0.0177614444024852,-0.0392998870297644,-0.0777561953818316,0.161116663425191,-0.289347507455117,-0.474845170470104,-3.54831899146235,1.15081541805854,-0.696449985611336,0.199906087704156,0.0532737610218945,0.843991444357677,0.0989777003156039,0.985913272205666,0.968837515202639,0.938391252417918,0.872774033822651,0.773739009792367,0.637357292421982,0.000969672501706307,0.256318097983628,0.489983725704979,1,1,1,1,1,1,1,1,1,1,0.050422970088728,1,1,FALSE,FALSE,FALSE,FALSE,FALSE,FALSE,FALSE,FALSE,FALSE,FALSE,TRUE,FALSE,FALSE,TRUE,FALSE,TRUE,TRUE,TRUE,TRUE,TRUE,TRUE,TRUE,TRUE,FALSE,TRUE,TRUE
"24","95251fbafeb9956f566a3da93d145d63",-2.77627479887293,0.0552039503184175,-0.442251402426984,-0.00153177683114183,0.496386756623573,0.0149145315649902,-0.00882070536590211,1.90967557486801,0.00266667479737819,0.207068572761519,-0.022088025578834,0.0611099808870462,-0.03026132898921,2.95997738365559,0.260214836644748,0.563736864259054,0.0230325537854331,0.613922361873024,0.0650436447703015,0.0828294216074128,7.34168846686351,0.032926770514035,0.186870902686777,0.114277734544988,0.185195845473506,0.0724089041338815,-0.937937841756146,0.212147589392773,-0.784499702726121,-0.066504862874155,0.808549724608726,0.229300366202727,-0.106492417726996,0.260113948376763,0.0809880457678508,1.10808354743487,-0.193283719412012,0.329974901601064,-0.417922758964256,0.351547945652075,0.832617336592954,0.435432056675238,0.947168211635124,0.421553285210793,0.819313798668496,0.915500684042376,0.795550507219137,0.935685915586064,0.271673381271505,0.847304608395766,0.742418657659548,0.677301338930439,1,1,1,1,1,1,1,1,1,1,1,1,1,FALSE,FALSE,FALSE,FALSE,FALSE,FALSE,FALSE,FALSE,FALSE,FALSE,FALSE,FALSE,FALSE,TRUE,TRUE,TRUE,TRUE,TRUE,TRUE,FALSE,FALSE,TRUE,TRUE,TRUE,TRUE,TRUE
"25","cb3f42ad378ddeda014d895db355586b",-4.8567797727339,-0.0607810710143826,-0.963011731377154,-0.0217989997034081,-0.358012522649018,0.0517207799240481,-0.0484140374820267,5.31576466022431,0.0383002170425042,0.145480675061076,0.0281147013925526,-0.0451341277792836,-0.0973861188102782,2.53011787950915,0.263702996959144,0.718134358329637,0.021682208847383,0.663541788488393,0.0610759920913992,0.0721826563566647,5.95726365013006,0.0284252325484163,0.180634369617385,0.0843444992976465,0.192916863171641,0.0747898092485896,-1.91958636080471,-0.230490634218311,-1.34099102794231,-1.00538648330745,-0.539547815766965,0.846826685134296,-0.670715652840567,0.892316501739561,1.34740206530476,0.805387564776456,0.333331771800999,-0.233956363571634,-1.30213086232888,0.0589289110241937,0.81837338324664,0.184197772394456,0.318124996620311,0.591197050397782,0.399937112615838,0.504577726307748,0.375237639503999,0.182135069864089,0.423285121948628,0.73986624171413,0.815692149639215,0.197080160435394,1,1,1,1,1,1,1,1,1,1,1,1,1,FALSE,FALSE,FALSE,FALSE,FALSE,FALSE,FALSE,FALSE,FALSE,FALSE,FALSE,FALSE,FALSE,TRUE,TRUE,TRUE,TRUE,TRUE,TRUE,TRUE,TRUE,TRUE,TRUE,TRUE,TRUE,TRUE
"26","1e2270e7a0c8c2e951edc6813b58451a",-4.82158865063549,0.375636039045035,-1.2722475689643,-0.0153712572447173,-0.115635040208034,0.0544225121451601,-0.0324992429058003,3.58108087918192,0.0340981216438094,0.293423484326968,-0.167017848515524,-0.101424997764141,-0.0972595579978467,3.64052899348844,0.278872216433187,0.610761874968395,0.023264217588331,0.609755732814719,0.0804832539452763,0.10668689424929,9.56713997144027,0.0378463129209627,0.205169599478757,0.0990570095493625,0.211114829809972,0.0763291660177331,-1.32441979153566,1.34698265696551,-2.08305007418831,-0.660725304272743,-0.189641579381707,0.676196717669543,-0.304622635558786,0.374310492986632,0.900962841876276,1.43015088527942,-1.68607804006334,-0.480425737289206,-1.27421224509712,0.190001719313954,0.182663323424141,0.0411847718034997,0.511123490952623,0.850180968257069,0.501314786572299,0.761626783350799,0.709391671191324,0.37093426239642,0.157463231461279,0.0965756409831053,0.632537696022448,0.207125138620759,1,1,1,1,1,1,1,1,1,1,1,1,1,FALSE,FALSE,FALSE,FALSE,FALSE,FALSE,FALSE,FALSE,FALSE,FALSE,FALSE,FALSE,FALSE,TRUE,TRUE,TRUE,TRUE,TRUE,FALSE,FALSE,FALSE,TRUE,TRUE,TRUE,TRUE,TRUE
"27","820d3c5095323f85949bc959fd15d1b7",-7.92023523906349,0.225895021402241,0.212067900713401,-0.0104023922751252,0.0678344388705515,0.0725832561684945,-0.0601222663891653,2.78283569429433,0.070781884029136,-0.0613546324091147,-0.197422160376684,0.0663202120762612,-0.128755940128055,5.36249703061869,0.260579167251689,0.776154099510236,0.0259650365822653,0.421694964141082,0.118919775530255,0.167825491255216,15.112687897853,0.0546003695400796,0.174881573964131,0.0896023438663966,0.244428971029303,0.0766462315198825,-1.47696776219002,0.866895937172341,0.273229118865981,-0.400630757525304,0.160861391856358,0.610354803016157,-0.358242755254242,0.184139030270695,1.29636272840934,-0.350835316828168,-2.20331468863197,0.271327133592157,-1.67987306844505,0.146082926144918,0.390224438825337,0.785825432254976,0.690433531410952,0.872863956466595,0.5444474155636,0.721700437540099,0.854664337661183,0.20092294776608,0.727215815327256,0.0323040892732012,0.787279273884611,0.0993478170644593,1,1,1,1,1,1,1,1,1,1,1,1,1,FALSE,FALSE,FALSE,FALSE,FALSE,FALSE,FALSE,FALSE,FALSE,FALSE,FALSE,FALSE,FALSE,TRUE,TRUE,TRUE,TRUE,TRUE,TRUE,TRUE,TRUE,TRUE,TRUE,TRUE,TRUE,TRUE
"28","92fb114641e27921122496428e2ef0dd",-35.8556098735339,0.910488506784509,NA,0.0388831896513458,2.300360805435,0.164683672270614,-0.258560946590318,4.4993793493724,0.222526207549783,0.316026196281104,-1.05413322384432,NA,NA,8.76016276649361,0.221257837458799,NA,0.0325122610699158,0.166136155152325,0.198241420151999,0.286103101804269,25.9525635360925,0.0890517007690421,0.109969441557384,0.0824656587941727,NA,NA,-4.09303009878727,4.11505652067151,NA,1.19595464516385,13.8462383659106,0.830722823435912,-0.903733461677765,0.173369360722884,2.49884287024355,2.8737637638743,-12.7826932963131,NA,NA,1,1,1,1,1,1,1,1,1,1,1,1,1,1,1,1,1,1,1,1,1,1,1,1,1,1,FALSE,FALSE,FALSE,FALSE,FALSE,FALSE,FALSE,FALSE,FALSE,FALSE,FALSE,FALSE,FALSE,TRUE,TRUE,TRUE,TRUE,TRUE,TRUE,TRUE,TRUE,TRUE,TRUE,FALSE,TRUE,TRUE
"29","5431c93e93b57f0b74748eb702ea1e72",0.587634388590255,0.153662604994729,-1.53157763135645,-0.0334314540603842,-1.38286988947616,-0.0382452096171515,0.0861988225120582,-6.37539490360192,0.0425367810111225,0.0431144751818044,-0.1232942327598,-0.275397522677702,-0.0672356158277269,2.61141962305903,0.3015978663196,0.596803567470054,0.0220714000972255,0.662519918050224,0.0608745256776302,0.0744622039901085,6.16636410046247,0.0306303367572411,0.227421650042504,0.119710619036173,0.19612641737692,0.0688622446266105,0.225024880490825,0.509495000312418,-2.5663010659421,-1.51469566557251,-2.08728802229207,-0.628262958789766,1.15761846806883,-1.03389855022083,1.38871411529834,0.189579466922989,-1.02993563772771,-1.40418372170862,-0.976378510347671,0.822606319802881,0.611985293112853,0.0123895880833697,0.134288884936501,0.0404525028168424,0.531847514472801,0.250899294408252,0.304692422582149,0.169260866770736,0.850179613557841,0.306536078238958,0.164623522616614,0.33219198860183,1,1,0.656648168418595,1,1,1,1,1,1,1,1,1,1,FALSE,FALSE,FALSE,FALSE,FALSE,FALSE,FALSE,FALSE,FALSE,FALSE,FALSE,FALSE,FALSE,TRUE,TRUE,TRUE,FALSE,TRUE,TRUE,TRUE,TRUE,FALSE,TRUE,TRUE,TRUE,TRUE
"30","7c821085a5548386a8d91fe359fa3ff3",-2.24619202625475,-0.278336367505154,0.714283318820048,0.0152815841150545,0.809325475792904,-0.0159922581180914,0.0261971008364871,-1.59847464663078,-0.000196841414891669,-0.187099791625681,-0.117333870470548,-0.2960907345251,0.00121853956992558,2.26321850347848,0.250024756598931,0.880781791690656,0.0223872887745494,0.640358400747723,0.051087172230087,0.0611670834723088,5.01506407481883,0.0297802400785126,0.198098131824088,0.0977713678528062,0.186428612412311,0.0664254700977024,-0.9924768743285,-1.11323523034816,0.810965128433213,0.682600928989094,1.26386329100686,-0.313038624374535,0.428287558427514,-0.318734640830791,-0.00660979946342665,-0.944480343670408,-1.2000841662274,-1.58822581305415,0.018344462871445,0.324288732563278,0.269310240835131,0.420058364200181,0.497049435851398,0.210355753773438,0.755156299404926,0.669720286157132,0.750850545419127,0.994744461520059,0.348082968765181,0.234040532131777,0.116617346648724,0.985414798034999,1,1,1,1,1,1,1,1,1,1,1,1,1,FALSE,FALSE,FALSE,FALSE,FALSE,FALSE,FALSE,FALSE,FALSE,FALSE,FALSE,FALSE,FALSE,TRUE,FALSE,TRUE,TRUE,TRUE,TRUE,TRUE,TRUE,TRUE,TRUE,FALSE,TRUE,TRUE
"31","3a8a7409bdc33da14a01ec3e3313b9a7",-65.3889098124727,-1.8192381365294,5.71986711966908,0.00703061416793894,2.51931931907988,-0.212348232520002,0.325117499485107,-12.6625895287685,0.355763027040131,-1.5317066784935,NA,NA,NA,8.76016276649361,0.221257837458799,1.15577449856413,0.0325122610699158,0.166136155152325,0.198241420151999,0.286103101804269,25.9525635360925,0.0890517007690421,0.109969441557384,NA,NA,NA,-7.46434872906426,-8.22225398848602,4.94894733079429,0.216245008392987,15.1641845615724,-1.07115976246128,1.13636481895792,-0.487912861138304,3.99501664727113,-13.9284755546769,NA,NA,NA,1,1,1,1,1,1,1,1,1,1,1,1,1,1,1,1,1,1,1,1,1,1,1,1,1,1,FALSE,FALSE,FALSE,FALSE,FALSE,FALSE,FALSE,FALSE,FALSE,FALSE,FALSE,FALSE,FALSE,TRUE,TRUE,TRUE,TRUE,TRUE,TRUE,TRUE,TRUE,TRUE,TRUE,FALSE,TRUE,TRUE
"32","564e9f4d70915c0026898422d57b1431",29.4750379184649,-0.102838267383963,3.49282512455899,-0.0780579063204841,-6.78227908055959,1.01898231656576,-0.812219152816045,29.1950873055164,0.000224030691929954,-0.170875597867345,0.852255146836964,-2.06881083011532,-0.87345036166708,8.55069780599101,0.219974424018517,1.13074574481274,0.0319713995116576,0.179781448474971,0.193284952509217,0.278808634961727,25.2864870017176,0.0868836012884002,0.112550055688959,0.0823426403848714,0.312033744402818,0.0990231706596268,3.44709152249696,-0.467501019006221,3.08895712460756,-2.4414916929746,-37.725133144112,5.27191746350339,-2.91317789683071,1.15457268949749,0.00257851526188825,-1.51821868786607,10.3501070994749,-6.63008686472258,-8.82066647481324,0.179749164454828,0.72159848059362,0.199316922020229,0.247481143681946,0.0168712652654128,0.119338981239722,0.210507697942677,0.454405935775196,0.99835846983896,0.370795146616407,0.0613181929108371,0.095301486363621,0.0718668108293838,1,1,1,1,0.708593141147336,1,1,1,1,1,1,1,1,FALSE,FALSE,FALSE,FALSE,FALSE,FALSE,FALSE,FALSE,FALSE,FALSE,FALSE,FALSE,FALSE,FALSE,TRUE,TRUE,TRUE,TRUE,TRUE,TRUE,TRUE,TRUE,TRUE,TRUE,TRUE,TRUE
"33","386a607b118090dd71bfc8b4b4081447",-0.40096305219638,-0.0537143720951725,-0.787446501215171,-0.00136718599909707,1.0263322862007,0.000232738869599771,-0.0123296181844485,1.2985265740923,-0.0215065022758298,0.0294348252950331,-0.0621263797433702,-0.00165561005450892,0.0292099322021986,1.90837457133776,0.243315915459682,0.492229914837665,0.0213321867980177,0.659647886397252,0.046073310081677,0.049245116320473,3.91852526633719,0.0248542827168632,0.173589839803906,0.0999670558666649,0.164533888984468,0.0687247131515785,-0.210107102776635,-0.220759796964753,-1.59975344341854,-0.0640902881660551,1.55587898841932,0.00505149009669981,-0.250372404528622,0.331381447313235,-0.865303679081353,0.169565369311268,-0.621468534856461,-0.0100624258304939,0.425028070146665,0.834169400231584,0.825895746844761,0.113972664066593,0.949073512524589,0.124061908031727,0.995983290423553,0.803002674701336,0.741305815009929,0.389706937845949,0.865820977639082,0.53622734221045,0.991998930163579,0.67206644989623,1,1,1,1,1,1,1,1,1,1,1,1,1,FALSE,FALSE,FALSE,FALSE,FALSE,FALSE,FALSE,FALSE,FALSE,FALSE,FALSE,FALSE,FALSE,TRUE,TRUE,TRUE,TRUE,TRUE,TRUE,TRUE,TRUE,TRUE,TRUE,TRUE,TRUE,TRUE
"34","afce1dc2c06acb90ad5d3da0fffbcd02",-15.7645390964207,0.305073424264373,0.349601300905028,0.0537518315411352,1.63823616409574,-0.0373203708214507,-0.0397609882303471,5.10013641286265,0.0437283172395848,0.32996251950902,0.0777830685735625,-0.321617930013631,0.0624038878280191,6.9611052654472,0.242907429617329,0.941563687956412,0.0286861530511576,0.417347168355765,0.156240610870201,0.223522579375587,20.2264478086772,0.0709018068756286,0.141264834993163,0.0826150797025293,0.269667032804206,0.0889013501605024,-2.26466035137712,1.25592463246175,0.371298623106218,1.8737901678652,3.9253558866829,-0.238864726741596,-0.177883542420725,0.252151858848625,0.616744751178065,2.33577251921887,0.941511753709307,-1.19264830657719,0.701945332836399,0.0314669462063819,0.219522386832494,0.713209918044643,0.0714308356863165,0.000513133797718955,0.812950174541879,0.86009512823385,0.802765429764388,0.542385810719898,0.026892134999161,0.354495404762315,0.243016406747842,0.488507569275786,1,1,1,1,0.0271960912791046,1,1,1,1,1,1,1,1,FALSE,FALSE,FALSE,FALSE,TRUE,FALSE,FALSE,FALSE,FALSE,FALSE,FALSE,FALSE,FALSE,TRUE,FALSE,TRUE,FALSE,FALSE,TRUE,TRUE,TRUE,TRUE,FALSE,TRUE,TRUE,TRUE
"35","1c6bf8efe709f63c28e0225da6870395",3.24931418987295,0.114182856812177,0.0913157163917069,-0.0101709412759016,-0.181329206808342,0.0113655903834447,-0.00761585690172525,-0.0869173709733749,-0.0147765401936868,0.173769288372019,0.00563380613718983,0.0780557030750958,-0.0242879972648653,1.76424425221182,0.216674039565903,0.496606643771277,0.0194247430904944,0.498620461064313,0.041202337442962,0.0434797507408809,3.44778556399491,0.0231829710067015,0.143254814802582,0.0849124057077222,0.152347219133889,0.0604303753980985,1.84175982764252,0.526979868197121,0.183879369188956,-0.523607505567411,-0.363661784799789,0.275848194272438,-0.175158706569231,-0.0252096220487288,-0.637387683805297,1.21300836283576,0.0663484456744991,0.512353973501134,-0.401917034353381,0.0695722557059933,0.599805376669238,0.854617907322869,0.602137558659452,0.717161674684337,0.783444052633214,0.861439858626973,0.979956548759964,0.525866432575007,0.229037269326725,0.947281790383379,0.609950034063745,0.688919411502904,1,1,1,1,1,1,1,1,1,1,1,1,1,FALSE,FALSE,FALSE,FALSE,FALSE,FALSE,FALSE,FALSE,FALSE,FALSE,FALSE,FALSE,FALSE,TRUE,TRUE,TRUE,TRUE,TRUE,TRUE,TRUE,TRUE,TRUE,TRUE,TRUE,TRUE,TRUE
"36","f2d099ef5556f02539ded15181a3d994",2.49456539696745,-0.134257776578292,-1.13649578980935,0.00770408040236457,0.783098299407384,-0.0306145820118091,0.0177578796970015,-0.434738937346916,-0.0365199117492803,-0.0310978824511951,-0.0560972255265127,-0.0512366554887367,0.0437564726381475,2.40848161850162,0.266176417415814,0.574817392137774,0.0231818923492025,0.802786852212249,0.0570778565950522,0.0650378278060824,5.58003358532677,0.0280162914953912,0.189152211318932,0.0988557767585455,0.178759913004196,0.0782209186526144,1.0357419287756,-0.504393957517872,-1.97714231572338,0.33233181684711,0.975474744322719,-0.536365305884014,0.273039249557175,-0.0779097348965969,-1.3035241211453,-0.164406655541344,-0.567465325405614,-0.286622736762767,0.559396046375697,0.303788756200291,0.615524718917801,0.051855070589905,0.740604320252085,0.332590912447037,0.593359479888219,0.785604673048603,0.938115967512944,0.196548658438928,0.869871703701129,0.572163272295382,0.775224377451138,0.577627490017622,1,1,1,1,1,1,1,1,1,1,1,1,1,FALSE,FALSE,FALSE,FALSE,FALSE,FALSE,FALSE,FALSE,FALSE,FALSE,FALSE,FALSE,FALSE,TRUE,TRUE,TRUE,TRUE,TRUE,TRUE,TRUE,TRUE,TRUE,TRUE,TRUE,TRUE,TRUE
"37","304a3df568087b761af6bca76a3816aa",6.82915863500436,-1.01039864750298,NA,0.0653235903445786,-1.90896283692963,0.00275104860152153,0.0439223079875989,-5.32975038826404,0.00446591043503805,-0.667961483701874,-0.52481089156367,-0.498329763701978,-0.123875865019799,8.44402815750075,0.21932275734714,NA,0.0316626703161476,0.205932779397821,0.190765761455646,0.275091990292714,24.9472684031274,0.0857897354214524,0.110598390978378,0.081878221280043,0.30862913873762,0.09813685655776,0.808756023502607,-4.60690290293834,NA,2.0631105870835,-9.2698347611863,0.0144210815427755,0.159664074336963,-0.213640640014756,0.0520564658825292,-6.03952261685673,-6.40965183853581,-1.61465558871171,-1.26227667529671,0.464012935138608,0.00997888191404288,1,0.108070670331556,0.000753180330413358,0.989184657429465,0.880883694619838,0.841275088384197,0.960979676568569,0.00379017418475833,0.00304391622341669,0.181686305923573,0.27542986097323,1,0.538859623358315,1,1,0.0391653771814946,1,1,1,1,0.208459580161708,0.152195811170834,1,1,FALSE,FALSE,FALSE,FALSE,TRUE,FALSE,FALSE,FALSE,FALSE,FALSE,FALSE,FALSE,FALSE,FALSE,TRUE,TRUE,TRUE,TRUE,TRUE,TRUE,TRUE,TRUE,TRUE,TRUE,TRUE,FALSE
"38","2ddd18d49a8163e0fc79e28ea6273254",6.12164514854636,-0.617141344921344,3.13465504709137,0.0310375183029737,1.28280433649629,0.0461152810213169,-0.0864562117265978,4.58073480815728,-0.0782953308645785,-0.0478582472684242,-0.232476798797211,0.294104814967246,0.0589044824379491,5.38963726402591,0.25110363430933,0.77206874227737,0.0253836182195458,0.523225221171649,0.119569959660622,0.169026853096582,15.203411560954,0.0552269515409679,0.167391208261545,0.0879951294718963,0.240768052584544,0.0786152001968884,1.13581765314827,-2.45771570219927,4.06007247210279,1.22273814688381,2.45172496391464,0.385676144344339,-0.511493943966385,0.301296507681323,-1.41770147871548,-0.285906576369571,-2.64192802706722,1.22152757315663,0.74927599612321,0.261557868159703,0.017567024454892,0.000176253978979889,0.22727725479172,0.0178288304767651,0.701405908298327,0.611302610830686,0.764463334508277,0.162606032400738,0.776154920154985,0.0110339435076054,0.22773089070184,0.457273032723382,1,0.931052296109277,0.00969396884389388,1,0.730982049547368,1,1,1,1,1,0.529629288365059,1,1,FALSE,FALSE,TRUE,FALSE,FALSE,FALSE,FALSE,FALSE,FALSE,FALSE,FALSE,FALSE,FALSE,FALSE,FALSE,FALSE,TRUE,FALSE,TRUE,TRUE,TRUE,TRUE,TRUE,TRUE,TRUE,FALSE
"39","42604f7f8bfc866837a5370b4b667382",-2.83092801098227,0.180804240137672,0.0355699282362481,0.0118434155735927,1.09047967048126,0.0145390009145985,-0.0206666026461634,-0.625306522279861,9.0477151066908e-05,-0.379687450787689,-0.234570036750752,-0.342497519739362,0.0295554992476249,6.55153710795641,0.226221030849333,0.898144493016646,0.0279295056531726,0.377838776458201,0.146184460856796,0.208968413777541,18.916279060728,0.0666642506395207,0.163825951421345,0.0929275470259634,0.255279244295434,0.0836874523726064,-0.432101347261591,0.799237097713035,0.0396037926111171,0.424046731104508,2.88609782379468,0.0994565416145089,-0.0988982127613035,-0.0330565287323371,0.00135720645171807,-2.31762701509462,-2.52422499310365,-1.341658311018,0.353165240543269,0.668395911031135,0.429701306160994,0.96864064630773,0.674202740180468,0.00673053654432037,0.921359899259386,0.921799885251468,0.97382281080753,0.998925038381978,0.0266215402830093,0.0164312798418278,0.188599494494061,0.726144893901425,1,1,1,1,0.296143607950096,1,1,1,1,1,0.772270152565907,1,1,FALSE,FALSE,FALSE,FALSE,FALSE,FALSE,FALSE,FALSE,FALSE,FALSE,FALSE,FALSE,FALSE,TRUE,FALSE,TRUE,TRUE,TRUE,TRUE,TRUE,TRUE,TRUE,TRUE,FALSE,FALSE,TRUE
"40","de4edf45ab75f6490e1ada65b0e0306f",19.8555209642901,-1.25013186687117,2.18243450608836,-0.0381465874375337,1.11379021492688,0.169609535114868,-0.336376740239789,13.3151070531573,-0.130039693838058,-0.831828661538916,0.0285911622470722,0.915280989076368,0.144587864910748,8.60343071794788,0.219423611420182,1.13660687849955,0.0320627491553189,0.165572253933742,0.194534510023566,0.280644824192404,25.4542495997595,0.0874202297448441,0.109153852212549,0.0818026933835616,0.313578036595884,0.0994821679411968,2.30786085402756,-5.69734432306487,1.9201313553279,-1.18974786761869,6.72691340768115,0.871873762112037,-1.19858522674616,0.52309957129057,-1.48752404583708,-7.62069908370384,0.349513702599157,2.91883002716773,1.45340484534086,1,1,1,1,1,1,1,1,1,1,1,1,1,1,1,1,1,1,1,1,1,1,1,1,1,1,FALSE,FALSE,FALSE,FALSE,FALSE,FALSE,FALSE,FALSE,FALSE,FALSE,FALSE,FALSE,FALSE,TRUE,TRUE,FALSE,TRUE,TRUE,FALSE,FALSE,FALSE,TRUE,TRUE,TRUE,TRUE,FALSE
"41","e1a9800482df461df81429b3b8f859a1",-1.87163502983342,-0.395197498714183,-0.0581445188102214,-0.0159464336931084,-0.440629345636176,0.0821835350530333,-0.0666295062904591,4.52155547153724,0.0140487295979403,-0.0508455788186475,0.0444619823551354,-0.19774242009094,-0.0787083690513279,6.62594457021046,0.247553415744044,0.922501427246236,0.0290787607628113,0.447365082169447,0.148587279391169,0.212028492691687,19.153239661508,0.0677748796992256,0.158024327454141,0.0899685570269612,0.271258400562255,0.0850847728120374,-0.28247067418102,-1.59641303080542,-0.063029191167529,-0.548387664219249,-0.984943535376952,0.553099399825996,-0.314247889255835,0.236072620164835,0.207285201542022,-0.321757919415306,0.494194681168571,-0.728981737269946,-0.925058226637148,0.779346810212969,0.119929911292588,0.950123494888368,0.587116829392325,0.331818602851107,0.583923230276041,0.755310914277971,0.814835424036819,0.837060970231956,0.749665430434172,0.6244424832568,0.47115520817261,0.361651262907963,1,1,1,1,1,1,1,1,1,1,1,1,1,FALSE,FALSE,FALSE,FALSE,FALSE,FALSE,FALSE,FALSE,FALSE,FALSE,FALSE,FALSE,FALSE,TRUE,TRUE,TRUE,TRUE,TRUE,TRUE,TRUE,TRUE,TRUE,TRUE,TRUE,TRUE,TRUE
"42","c38ee4acf990375c9b9df651cf77bf7c",-2.82817571884802,0.105462080059747,0.897399392175767,-0.00759257828621161,0.142669037374485,0.0194467913674659,-0.0202835869425943,3.52726759030784,-0.0148294072544652,-0.113159616958389,0.0493905997775327,-0.189733543782921,0.0299351854679532,5.01002838829157,0.282578700919238,0.901763688305593,0.026621962435031,0.621718497309737,0.111566968849787,0.155556643460189,13.9821329624568,0.0527236854908114,0.191849312136937,0.0978353850232583,0.242233944333358,0.0806575388771863,-0.564502932849136,0.373213125110544,0.995160266279931,-0.28519979715022,0.229475297890981,0.174305993682135,-0.130393575558124,0.252269635811564,-0.281266514592378,-0.589835927468007,0.504833703733993,-0.783265715732282,0.371139336566346,0.574793340834883,0.710478433685101,0.324180230275721,0.776602651443612,0.81938280941095,0.862289108585413,0.896748710364182,0.801808423962705,0.779601202720458,0.557807023321132,0.615768359971054,0.436957287598751,0.712013228450538,1,1,1,1,1,1,1,1,1,1,1,1,1,FALSE,FALSE,FALSE,FALSE,FALSE,FALSE,FALSE,FALSE,FALSE,FALSE,FALSE,FALSE,FALSE,TRUE,TRUE,TRUE,FALSE,TRUE,TRUE,TRUE,TRUE,TRUE,TRUE,TRUE,TRUE,TRUE
"43","321b7763c5946d79f50284281735d5b0",-1.37739260834311,-0.0442985959115486,-0.650229810062018,0.00290894743187011,0.167093746857732,0.0816395620228296,-0.0390787973739379,-1.03546178512619,0.0130858751162906,-0.276057671411511,-0.196404643234145,-0.618464115149118,-0.060809305430072,7.3504187674026,0.235550050224227,0.994232825395159,0.0301940057999706,0.386176784026915,0.165128748427036,0.237018006736051,21.4660897220114,0.0749292593362879,0.171364857705356,0.0958674508742067,0.282042829581047,0.0902376353904667,-0.187389678320305,-0.188064472367463,-0.654001551199623,0.0963418849138904,0.432687188275115,0.494399447706726,-0.164876913412984,-0.0482370938785571,0.174643059763346,-1.61093514217579,-2.04871039589713,-2.19280212181887,-0.673879641980249,0.853072603314677,0.852549985995043,0.519889243709118,0.924121296804348,0.669454112704605,0.625924900524988,0.870546445127397,0.961962524527531,0.862957348835754,0.121449465338834,0.0526053887112926,0.0391874376296264,0.507406970102459,1,1,1,1,1,1,1,1,1,1,1,1,1,FALSE,FALSE,FALSE,FALSE,FALSE,FALSE,FALSE,FALSE,FALSE,FALSE,FALSE,FALSE,FALSE,TRUE,TRUE,TRUE,FALSE,TRUE,TRUE,TRUE,TRUE,TRUE,TRUE,TRUE,FALSE,TRUE
"44","01491b7ad3b35c7e644dd24ae831bee2",-3.17115843424931,-0.173727333316859,-1.05727266677519,-0.0012153593667829,0.46695894919198,-0.068960545462376,0.0650770147642454,-5.96621435398082,0.0221876754571732,0.111051294047698,-0.0693307201344686,-0.186752237294353,0.0483367496728821,5.94795737818733,0.226090356261311,0.839648023720985,0.0265796942053916,0.373461907928928,0.13246831725055,0.188381242631515,16.9896562677675,0.0602624926180101,0.171228267597972,0.0853608365576972,0.239423063647374,0.0784062827614195,-0.533150833575029,-0.768397804265776,-1.25918555978942,-0.0457251071961682,1.25035228299869,-0.520581425760428,0.345453792825541,-0.351167455064988,0.368183831986767,0.648557014595489,-0.812207599296505,-0.780009387773119,0.61649077051599,0.596739282281044,0.446550099546051,0.214916728061457,0.963746074601832,0.218092523951452,0.605392116884212,0.731477531953956,0.727218248679742,0.714585394913254,0.52015524034873,0.421252332722329,0.439759117717575,0.540898033631547,1,1,1,1,1,1,1,1,1,1,1,1,1,FALSE,FALSE,FALSE,FALSE,FALSE,FALSE,FALSE,FALSE,FALSE,FALSE,FALSE,FALSE,FALSE,TRUE,TRUE,TRUE,TRUE,TRUE,FALSE,FALSE,FALSE,FALSE,FALSE,TRUE,TRUE,TRUE
"45","a67690654fca1914946ee270222b7247",-4.80942472987962,0.0353950680615699,0.0187132040555827,0.00132608158111766,-0.290511244323305,0.00147460983041853,0.032954568562056,-2.00616841275268,0.0368544766355333,0.0529515219985659,-0.0370853519840909,-0.249623067138901,-0.0598281608691423,3.92035479079637,0.283427264357536,0.637188488696075,0.0246860900648573,0.669679241405317,0.0906007877396331,0.118887181998254,10.4831546991272,0.0417038957901699,0.21044948365011,0.10073864666174,0.220533658134433,0.0810874701904986,-1.22678303024269,0.124882368468687,0.0293683963027595,0.0537177648478827,-0.433806554483709,0.016275905179282,0.277191939519097,-0.191370677084419,0.883717838279758,0.251611555800261,-0.368134308063676,-1.1319046228614,-0.73782251103146,0.224469239544344,0.901014313476493,0.976663616240765,0.957330010181412,0.665910868795409,0.987065715313368,0.782540244999932,0.848850625240214,0.38020857313411,0.802160283789489,0.714007149648615,0.261964561523369,0.463361759818391,1,1,1,1,1,1,1,1,1,1,1,1,1,FALSE,FALSE,FALSE,FALSE,FALSE,FALSE,FALSE,FALSE,FALSE,FALSE,FALSE,FALSE,FALSE,FALSE,TRUE,TRUE,TRUE,TRUE,TRUE,TRUE,TRUE,TRUE,TRUE,TRUE,TRUE,TRUE
"46","95c08da59378a0eb674c2b7dab943428",1.15873539242251,0.0667553121674714,0.954206103791084,0.00119572216781872,0.0607106336804152,-0.0335222826014491,0.0304648519222868,-2.5824569636581,-0.00985349513767289,0.193674321649797,0.0133534951857005,-0.105189504260973,0.0217099093190606,4.12134547324937,0.243592114974161,0.664193670031752,0.0227827486369877,0.481364950666741,0.0907127831544918,0.124947846123438,11.1199384394493,0.0426138503518486,0.178094644549656,0.0893133815184531,0.215140527867567,0.0702582408865305,0.281154637470596,0.274045455759323,1.43663835842559,0.052483665903133,0.126121840811893,-0.369543094542229,0.243820544871099,-0.232236624125232,-0.231227524767554,1.08747976189592,0.149512816093986,-0.488933932177225,0.30900160671718,0.779543294247644,0.784975568199521,0.155930066015696,0.958314808580716,0.900050262696376,0.713002762517648,0.8081879768357,0.81713162230928,0.817911896888514,0.281103144501048,0.881642231392505,0.626641845121273,0.758373251404968,1,1,1,1,1,1,1,1,1,1,1,1,1,FALSE,FALSE,FALSE,FALSE,FALSE,FALSE,FALSE,FALSE,FALSE,FALSE,FALSE,FALSE,FALSE,TRUE,TRUE,TRUE,TRUE,TRUE,TRUE,TRUE,TRUE,TRUE,TRUE,TRUE,TRUE,FALSE
"47","6a49b0df18b1abfe220ecc00d5cbf296",4.09461655916953,-0.32851997670635,-0.312293229480738,-0.0326823830476228,-0.153302862300604,0.0251119788215155,0.00410450919706592,-1.40469390469138,-0.0172194628572507,-0.00424865234002289,-0.00257743133352354,-0.330754759561424,-0.0187618123261222,4.98115277097679,0.241959981692655,0.729932940240917,0.0246126111903255,0.453561283988272,0.110161507099978,0.154616890145723,13.8876325871622,0.0509332843591266,0.167085888544455,0.102409737170852,0.21995839502306,0.0738450364364832,0.822021878756107,-1.35774508829169,-0.427838246863697,-1.3278714231048,-0.337998122221931,0.227956020960434,0.0265463184080181,-0.101147110270607,-0.338078784313958,-0.0254279543116084,-0.0251678346681387,-1.50371509815185,-0.254070053066599,0.414747267893421,0.180297458163014,0.670502384777085,0.189911286232561,0.736699803308141,0.82055760079823,0.978921293576939,0.919815361823867,0.736639365775148,0.97980911455977,0.980015616045692,0.138590725633253,0.800424562383063,1,1,1,1,1,1,1,1,1,1,1,1,1,FALSE,FALSE,FALSE,FALSE,FALSE,FALSE,FALSE,FALSE,FALSE,FALSE,FALSE,FALSE,FALSE,TRUE,TRUE,TRUE,TRUE,TRUE,FALSE,FALSE,FALSE,TRUE,FALSE,TRUE,TRUE,TRUE
"48","5c4a1032c65d0d99d6d6bee379b63a2c",-5.21196030211725,-0.603621317975275,-0.146980275273707,0.00365143531865868,2.26064508487998,-0.0254861058984452,0.0196878717124366,-7.06486468756065,-0.0119262794862503,-0.0758799412172096,0.0399092821051864,-0.467638735181837,0.173485324839609,6.50097707834878,0.29538976830668,0.92898365031887,0.030369950507736,0.74738884779998,0.146634373432956,0.207730436509672,18.7604953155226,0.0686227782305025,0.239630475303585,0.10546029364961,0.290549502638363,0.0989269786695206,-0.801719532203159,-2.04347402225721,-0.158216213195201,0.120231849496382,3.02472413327337,-0.173807172914323,0.0947760571018675,-0.376581991506116,-0.173794763106066,-0.316653969496484,0.378429461212999,-1.60949762754848,1.75367050700256,0.428125047503898,0.0485900590587031,0.875195775063363,0.904987034547515,0.00463987156599263,0.863018398773783,0.925033242238671,0.708757696927837,0.863028078423319,0.753387192705937,0.707397347947797,0.116491548329798,0.0882414098573331,1,1,1,1,0.218073963601653,1,1,1,1,1,1,1,1,FALSE,FALSE,FALSE,FALSE,FALSE,FALSE,FALSE,FALSE,FALSE,FALSE,FALSE,FALSE,FALSE,TRUE,TRUE,TRUE,TRUE,TRUE,TRUE,TRUE,FALSE,TRUE,TRUE,TRUE,TRUE,TRUE
"49","c4228a5878f56464e576996e95eefc5e",-3.27620619724798,0.0786344622325942,NA,0.0299056507880803,1.35533368223891,0.00392093897502217,-0.0354224007273234,1.4285442059972,-0.0135347431877406,-0.0691210142615189,-0.186769512520186,0.0707443723130842,0.0518333110881427,6.77204599205276,0.227129696981054,NA,0.0276017688543602,0.45815908270763,0.151767150972353,0.216871991335616,19.6279710942724,0.0686162644336405,0.153904166494068,0.0863826171807467,0.26284754842111,0.0884511255217693,-0.483783807890957,0.346209514994218,NA,1.0834686336907,2.95821633444252,0.0258352281761976,-0.163333220252062,0.0727810428870085,-0.197252696564823,-0.449117238578355,-2.16211916952446,0.269146023000922,0.586010757719366,0.631833601014578,0.731451349530293,1,0.286696929896335,0.00577765137946105,0.979549206214419,0.871283265470979,0.942433380345638,0.84487737814566,0.656374131541576,0.0381924688686648,0.789545154624983,0.561979185946048,1,1,1,1,0.265771963455208,1,1,1,1,1,1,1,1,FALSE,FALSE,FALSE,FALSE,FALSE,FALSE,FALSE,FALSE,FALSE,FALSE,FALSE,FALSE,FALSE,TRUE,FALSE,TRUE,TRUE,TRUE,TRUE,TRUE,TRUE,TRUE,TRUE,TRUE,TRUE,TRUE
"50","f55e6f0203460ecfb665c9dbc579b714",0.523302391352219,-0.0525445091295086,-0.826576984901003,-0.000914907719228926,0.0187350563745071,-0.0700876617453973,0.090600920835661,-5.4918162710966,-0.0048160847336005,0.0636621060741297,0.0528331102659671,-0.247132535349621,0.0236127411751459,4.88835127855693,0.244017004101194,0.719973965166287,0.0248271111213602,0.460606541158089,0.108070027830449,0.15162091690261,13.5882467903302,0.0500262191579264,0.161463605039535,0.0879754431044363,0.221348084913683,0.0719590290646122,0.107050897436058,-0.215331342678555,-1.14806510359037,-0.0368511549634858,0.0406747510085333,-0.648539314298669,0.597548957535036,-0.404159297062867,-0.0962712116699591,0.39428146088118,0.600543838162299,-1.11648824721476,0.328141464415036,0.91514533539912,0.830320228367421,0.256002313157307,0.970739580289152,0.967705207237605,0.519384726188431,0.55263861419257,0.687691852109832,0.923661577242411,0.694926087671633,0.55065615728346,0.269156641643253,0.74407370581924,1,1,1,1,1,1,1,1,1,1,1,1,1,FALSE,FALSE,FALSE,FALSE,FALSE,FALSE,FALSE,FALSE,FALSE,FALSE,FALSE,FALSE,FALSE,TRUE,FALSE,TRUE,TRUE,TRUE,TRUE,TRUE,TRUE,TRUE,TRUE,TRUE,FALSE,TRUE
"51","b73c9d186b67a61bce0ba79c990aef39",1.88690925689121,-0.401880817223055,0.230277118307162,0.00835733135134537,0.278499654549144,-0.0235126799923395,-0.005577032156656,-3.3405553056611,0.00207557881493068,-0.14597274061904,-0.0521567218679136,-0.170026520586462,0.0281299749978105,5.73187859605734,0.281406989998313,0.852409965605512,0.0295352876137802,0.641862709481441,0.127027921115432,0.180150385087339,16.2998791497047,0.0594327674428759,0.221285376893584,0.132900015747817,0.257732395667558,0.0844561869165934,0.32919560756034,-1.42811241904639,0.270148317826838,0.282960892767677,0.433892872159754,-0.185098518387726,-0.0309576477116727,-0.204943562770011,0.0349231392754112,-0.659658322968348,-0.392450832864333,-0.659701781555524,0.333071809476681,0.74353515566927,0.160163488198805,0.788281262521129,0.778504421818785,0.666439430214854,0.85398350954548,0.975440215000534,0.838540432628702,0.972295484740764,0.512835243613975,0.696577902560836,0.512807607968948,0.740626957088459,1,1,1,1,1,1,1,1,1,1,1,1,1,FALSE,FALSE,FALSE,FALSE,FALSE,FALSE,FALSE,FALSE,FALSE,FALSE,FALSE,FALSE,FALSE,TRUE,FALSE,TRUE,TRUE,TRUE,TRUE,TRUE,TRUE,TRUE,TRUE,TRUE,TRUE,TRUE
"52","6960eba3db7d4d863d042ab497d7481a",-3.47118196496457,-0.908272521684687,3.70955487968545,-0.0714506914789669,-0.596497708759081,0.0254726036401871,0.00736487408638522,1.76180368312358,0.0447943242826945,-0.180640589174034,0.0721429778403606,-0.00976401973923257,-0.0786869371205709,5.97044306510632,0.274732664578885,0.854333140929595,0.0274744680054678,0.608267291552672,0.133264205296463,0.189269799312803,17.0606604179843,0.0614776334365023,0.202924795036364,0.0968599057978982,0.261779779587707,0.0858660445944047,-0.581394366734951,-3.30602304999626,4.34204726700536,-2.60062147389887,-0.980650640011321,0.191143627679467,0.0389120404476862,0.103267027181808,0.728627986777674,-0.890184903927897,0.744817757627078,-0.0372986017277978,-0.916391776193431,0.564082125233558,0.00194393602032227,8.72216800359121e-05,0.0127922427655078,0.332380414040278,0.849334101002098,0.969144894919735,0.918242564735465,0.470272704807903,0.37843752321454,0.460529501470161,0.970423642554859,0.364693537098768,1,0.108860417138047,0.00488441408201108,0.716365594868435,1,1,1,1,1,1,1,1,1,FALSE,FALSE,TRUE,FALSE,FALSE,FALSE,FALSE,FALSE,FALSE,FALSE,FALSE,FALSE,FALSE,TRUE,TRUE,FALSE,TRUE,TRUE,TRUE,TRUE,TRUE,TRUE,TRUE,TRUE,TRUE,TRUE
"53","6545176af2fa076f03140433793c0d00",-8.97418926389137,0.295380108964775,-1.30320565592088,-0.0256102119316529,-0.10152974957031,0.0469959856443817,-0.0456445800437943,3.36211137830515,0.0778398264008323,-0.0285939149042476,-0.185058040034369,0.0735648503942625,-0.107464699564772,3.18065241080755,0.290874126645284,0.631753207773319,0.0255451547050927,0.718782506551961,0.0720236672119233,0.0926453319086206,8.06234836733671,0.0367607567132737,0.203197622657184,0.136278825094064,0.211432327373055,0.0755559972748339,-2.82149323622976,1.01549117610239,-2.06283979232043,-1.00254675406398,-0.141252393658485,0.652507536253328,-0.492680841046748,0.417013905269363,2.11747073130096,-0.140719731512256,-1.35793686147967,0.347935679033903,-1.4223185907251,0.00626087524813554,0.313471383812905,0.0429495505864832,0.31963387172477,0.888088184795212,0.516273640778686,0.623825243694487,0.677981814370103,0.0378796783081778,0.888507379890383,0.178972637098646,0.728963265333274,0.159504831656052,0.344348138647455,1,1,1,1,1,1,1,1,1,1,1,1,FALSE,FALSE,FALSE,FALSE,FALSE,FALSE,FALSE,FALSE,FALSE,FALSE,FALSE,FALSE,FALSE,TRUE,TRUE,TRUE,FALSE,TRUE,TRUE,TRUE,TRUE,FALSE,TRUE,TRUE,TRUE,TRUE
"54","719ab97ff4cf3c7b809b054134f4dc70",-2.92508166724339,0.0433934480525567,1.03173621824096,-0.0206853699328449,-0.316735999749703,-0.0432705769266213,0.0308965432075268,0.820250935010589,0.0196015940003912,-0.0273965867288151,0.045749699958134,-0.171266530844895,-0.000270560662972683,3.56404509846532,0.352412882044326,0.686260228674197,0.025745707699364,0.789687006160595,0.0831337939923642,0.107040974590766,9.31945393467211,0.0398751535765431,0.256709268129361,0.10910093386038,0.254519731177368,0.0862170158130307,-0.820719599901509,0.123132411621374,1.50341834646924,-0.80344926518978,-0.401090555218392,-0.520493229631691,0.288642207581245,0.0880149138308337,0.491574131815307,-0.106722234566963,0.419333715481129,-0.672900800470925,-0.0031381353253912,0.414760532891943,0.902376446074893,0.137501454066712,0.42459931466803,0.689649073089353,0.604461604611177,0.773759814289161,0.93013133568869,0.624651329324765,0.915333078845052,0.676334003267524,0.5033597370046,0.997505600483763,1,1,1,1,1,1,1,1,1,1,1,1,1,FALSE,FALSE,FALSE,FALSE,FALSE,FALSE,FALSE,FALSE,FALSE,FALSE,FALSE,FALSE,FALSE,TRUE,TRUE,TRUE,TRUE,TRUE,TRUE,TRUE,TRUE,TRUE,TRUE,TRUE,TRUE,TRUE
"55","3fae853851bfe19cdb50e15749f373b6",-4.84576355407677,0.122740976276745,-0.391337786510284,-0.017848144150572,0.694263153218538,0.0307801460164449,-0.0232434630886293,1.65004606852551,0.0154740883928736,0.0747002608546719,-0.0805234062722925,-0.0917237464562197,-0.00829147515065306,1.78963258339046,0.227458741660648,0.584961523245668,0.0195916828585377,0.489628163137207,0.0406445719047596,0.0435827319247743,3.53603259011728,0.0227969689643305,0.152678418215959,0.0863435410827634,0.164792764975514,0.058600352907138,-2.70768625864896,0.539618637563138,-0.66899748267021,-0.911006179481622,1.41793958249903,0.757300288180436,-0.533318175848833,0.466637686863283,0.678778324306414,0.48926535739328,-0.932593281008801,-0.556600567202382,-0.141491897903623,0.0084334940290476,0.591102301630269,0.505607319231195,0.365290588242207,0.160463091593345,0.451307517843925,0.595433404595852,0.64214877190106,0.499424665460002,0.626120751285076,0.354104313606162,0.579502728923254,0.887871107341943,0.45540867756857,1,1,1,1,1,1,1,1,1,1,1,1,FALSE,FALSE,FALSE,FALSE,FALSE,FALSE,FALSE,FALSE,FALSE,FALSE,FALSE,FALSE,FALSE,TRUE,TRUE,TRUE,TRUE,TRUE,TRUE,TRUE,TRUE,TRUE,TRUE,TRUE,TRUE,TRUE
"56","a99fb503372ef5103fa41e0c743bbad2",-1.60121214593929,0.130061979965175,2.21503210373496,0.0166972656102973,0.265758451964264,0.0265232552345316,-0.0216609153607781,-1.27400522359451,0.0155110358472268,0.201388738969132,-0.152604070897983,0.0210363348832749,-0.041151204289666,4.49030745874623,0.262832179461323,0.697915569919137,0.0255488953328733,0.610769646838814,0.0994180510796877,0.137199871919296,12.3103738403493,0.0471010680334845,0.204611791176305,0.0947362468164553,0.225125464500729,0.078536178820394,-0.356592986259871,0.494848006175417,3.1737823301343,0.653541587326995,0.435120594711544,0.266785105385662,-0.157878539227206,-0.103490376500082,0.329313888088479,0.984247964456769,-1.61083087019103,0.0934427161757474,-0.523977673828205,0.722690553024447,0.622576825924064,0.0024079644386378,0.515989870820742,0.665089763986871,0.790580883873783,0.875100889379489,0.917930804178627,0.743104733969195,0.32908173327511,0.112646005728824,0.925873899860791,0.602290720517501,1,1,0.130030079686441,1,1,1,1,1,1,1,1,1,1,FALSE,FALSE,FALSE,FALSE,FALSE,FALSE,FALSE,FALSE,FALSE,FALSE,FALSE,FALSE,FALSE,TRUE,TRUE,TRUE,TRUE,TRUE,TRUE,TRUE,TRUE,TRUE,TRUE,TRUE,TRUE,TRUE
