"","taxon","lfc_(Intercept)","lfc_Both_case_control","lfc_A_SMK_CIG_CUR_FREQ","lfc_F1_SDC_AGE_CALC","lfc_SDC_GENDER","lfc_A_HS_DENTAL_VISIT_LAST","lfc_PM_BIOIMPED_BMI","lfc_PM_BIOIMPED_WEIGHT","lfc_PM_WAIST_AVG","lfc_PM_WAIST_HIP_RATIO","lfc_PM_STANDING_HEIGHT_AVG","lfc_A_SLE_LIGHT_EXP","lfc_NUT_VEG_DAY_QTY","lfc_NUT_JUICE_DAY_QTY","lfc_REFINED_GRAIN_SERVINGS_DAY_QTY","lfc_PM_BIOIMPED_FFM","lfc_SALT_SEASONING","lfc_NUTS_SEEDS_SERVINGS_PER_DAY","se_(Intercept)","se_Both_case_control","se_A_SMK_CIG_CUR_FREQ","se_F1_SDC_AGE_CALC","se_SDC_GENDER","se_A_HS_DENTAL_VISIT_LAST","se_PM_BIOIMPED_BMI","se_PM_BIOIMPED_WEIGHT","se_PM_WAIST_AVG","se_PM_WAIST_HIP_RATIO","se_PM_STANDING_HEIGHT_AVG","se_A_SLE_LIGHT_EXP","se_NUT_VEG_DAY_QTY","se_NUT_JUICE_DAY_QTY","se_REFINED_GRAIN_SERVINGS_DAY_QTY","se_PM_BIOIMPED_FFM","se_SALT_SEASONING","se_NUTS_SEEDS_SERVINGS_PER_DAY","W_(Intercept)","W_Both_case_control","W_A_SMK_CIG_CUR_FREQ","W_F1_SDC_AGE_CALC","W_SDC_GENDER","W_A_HS_DENTAL_VISIT_LAST","W_PM_BIOIMPED_BMI","W_PM_BIOIMPED_WEIGHT","W_PM_WAIST_AVG","W_PM_WAIST_HIP_RATIO","W_PM_STANDING_HEIGHT_AVG","W_A_SLE_LIGHT_EXP","W_NUT_VEG_DAY_QTY","W_NUT_JUICE_DAY_QTY","W_REFINED_GRAIN_SERVINGS_DAY_QTY","W_PM_BIOIMPED_FFM","W_SALT_SEASONING","W_NUTS_SEEDS_SERVINGS_PER_DAY","p_(Intercept)","p_Both_case_control","p_A_SMK_CIG_CUR_FREQ","p_F1_SDC_AGE_CALC","p_SDC_GENDER","p_A_HS_DENTAL_VISIT_LAST","p_PM_BIOIMPED_BMI","p_PM_BIOIMPED_WEIGHT","p_PM_WAIST_AVG","p_PM_WAIST_HIP_RATIO","p_PM_STANDING_HEIGHT_AVG","p_A_SLE_LIGHT_EXP","p_NUT_VEG_DAY_QTY","p_NUT_JUICE_DAY_QTY","p_REFINED_GRAIN_SERVINGS_DAY_QTY","p_PM_BIOIMPED_FFM","p_SALT_SEASONING","p_NUTS_SEEDS_SERVINGS_PER_DAY","q_(Intercept)","q_Both_case_control","q_A_SMK_CIG_CUR_FREQ","q_F1_SDC_AGE_CALC","q_SDC_GENDER","q_A_HS_DENTAL_VISIT_LAST","q_PM_BIOIMPED_BMI","q_PM_BIOIMPED_WEIGHT","q_PM_WAIST_AVG","q_PM_WAIST_HIP_RATIO","q_PM_STANDING_HEIGHT_AVG","q_A_SLE_LIGHT_EXP","q_NUT_VEG_DAY_QTY","q_NUT_JUICE_DAY_QTY","q_REFINED_GRAIN_SERVINGS_DAY_QTY","q_PM_BIOIMPED_FFM","q_SALT_SEASONING","q_NUTS_SEEDS_SERVINGS_PER_DAY","diff_(Intercept)","diff_Both_case_control","diff_A_SMK_CIG_CUR_FREQ","diff_F1_SDC_AGE_CALC","diff_SDC_GENDER","diff_A_HS_DENTAL_VISIT_LAST","diff_PM_BIOIMPED_BMI","diff_PM_BIOIMPED_WEIGHT","diff_PM_WAIST_AVG","diff_PM_WAIST_HIP_RATIO","diff_PM_STANDING_HEIGHT_AVG","diff_A_SLE_LIGHT_EXP","diff_NUT_VEG_DAY_QTY","diff_NUT_JUICE_DAY_QTY","diff_REFINED_GRAIN_SERVINGS_DAY_QTY","diff_PM_BIOIMPED_FFM","diff_SALT_SEASONING","diff_NUTS_SEEDS_SERVINGS_PER_DAY","passed_ss_(Intercept)","passed_ss_Both_case_control","passed_ss_A_SMK_CIG_CUR_FREQ","passed_ss_F1_SDC_AGE_CALC","passed_ss_SDC_GENDER","passed_ss_A_HS_DENTAL_VISIT_LAST","passed_ss_PM_BIOIMPED_BMI","passed_ss_PM_BIOIMPED_WEIGHT","passed_ss_PM_WAIST_AVG","passed_ss_PM_WAIST_HIP_RATIO","passed_ss_PM_STANDING_HEIGHT_AVG","passed_ss_A_SLE_LIGHT_EXP","passed_ss_NUT_VEG_DAY_QTY","passed_ss_NUT_JUICE_DAY_QTY","passed_ss_REFINED_GRAIN_SERVINGS_DAY_QTY","passed_ss_PM_BIOIMPED_FFM","passed_ss_SALT_SEASONING","passed_ss_NUTS_SEEDS_SERVINGS_PER_DAY"
"1","7e464b9b7f9ca86103a675a09263efec",7.99310553134771,0.388977876904296,0.0764381181915391,-0.011885677772991,0.190508160304401,-0.283029527061403,-0.0232618817836295,-0.0377553881346327,0.0793794616838357,-5.46872995731939,-0.133804921922968,0.00866715832462532,0.0204213458304177,-0.115825901202971,-0.0141298545557505,0.176149127712582,-0.253376016271262,0.460863964629421,4.60492258345158,0.364452849372815,0.714666594832901,0.0234628418939485,2.06089490523847,0.175698035106513,0.216601132494002,0.136400853667383,0.112519593765782,14.4983186529263,0.0916849365027091,0.505814119209923,0.112438781234031,0.213278589641516,0.145920100652561,0.0715552803429138,0.214579011935145,0.20809533396529,1.73577413876013,1.06729273093539,0.106956332846943,-0.506574515854216,0.092439531884988,-1.61088612567478,-0.107395014586425,-0.276797300893,0.705472345101688,-0.377197528088238,-1.45939918842627,0.0171350660162736,0.181621906661479,-0.543073270494025,-0.0968328180460485,2.46172088025403,-1.18080521476091,2.21467707058868,0.0940047658046514,0.295290243648267,0.91561440281004,0.616565403191694,0.927031319853591,0.118834975727925,0.915269669564978,0.78404379572952,0.486558767728708,0.708975430301849,0.155992845392026,0.98645486065221,0.857236090770227,0.591534962871476,0.923574375394967,0.0205021007683121,0.247977893466074,0.035409656331347,1,1,1,1,1,1,1,1,1,1,1,1,1,1,1,1,1,1,FALSE,FALSE,FALSE,FALSE,FALSE,FALSE,FALSE,FALSE,FALSE,FALSE,FALSE,FALSE,FALSE,FALSE,FALSE,FALSE,FALSE,FALSE,TRUE,TRUE,TRUE,TRUE,FALSE,TRUE,TRUE,TRUE,TRUE,TRUE,TRUE,TRUE,TRUE,FALSE,TRUE,FALSE,TRUE,FALSE
"2","41f01f3e3cbf6beb908ae1ebb553208e",8.42080516347433,2.53520070533334,-8.29667553139031,-0.211567051613318,0.833962768600409,3.4269714317142,-0.544157989345495,0.0516069425555138,NA,NA,NA,NA,NA,NA,NA,NA,NA,NA,9.67554590530941,0.416332963721148,1.39224019190492,0.0246771468681709,5.51239635435448,0.245851940382235,0.528255633063093,0.395596868486988,NA,NA,NA,NA,NA,NA,NA,NA,NA,NA,0.870318351634656,6.08935858134781,-5.95922713597175,-8.57340002649179,0.151288607529396,13.9391677217848,-1.03010352429219,0.130453364691413,NA,NA,NA,NA,NA,NA,NA,NA,NA,NA,1,1,1,1,1,1,1,1,1,1,1,1,1,1,1,1,1,1,1,1,1,1,1,1,1,1,1,1,1,1,1,1,1,1,1,1,FALSE,FALSE,FALSE,FALSE,FALSE,FALSE,FALSE,FALSE,FALSE,FALSE,FALSE,FALSE,FALSE,FALSE,FALSE,FALSE,FALSE,FALSE,TRUE,TRUE,TRUE,TRUE,TRUE,TRUE,TRUE,TRUE,TRUE,TRUE,TRUE,FALSE,TRUE,FALSE,TRUE,TRUE,FALSE,TRUE
"3","bc6f21affc11d8c4a5d6454f728e4add",-46.6613014640909,4.03341500535408,NA,0.213130463403687,1.20945659674433,-1.54360738644661,0.882646658976028,0.154657797787481,-0.509618056495196,43.0947232600696,NA,NA,NA,NA,NA,NA,NA,NA,9.58392827936501,0.413653919413708,NA,0.0245189442792868,5.44785402584852,0.243920949825422,0.522341944255296,0.390950312352807,0.347613461446863,47.6302329928383,NA,NA,NA,NA,NA,NA,NA,NA,-4.86870311462541,9.750699355323,NA,8.69248124943682,0.222006057982795,-6.32831000187313,1.68978706129836,0.395594511375942,-1.46604810519715,0.904776662892859,NA,NA,NA,NA,NA,NA,NA,NA,1,1,1,1,1,1,1,1,1,1,1,1,1,1,1,1,1,1,1,1,1,1,1,1,1,1,1,1,1,1,1,1,1,1,1,1,FALSE,FALSE,FALSE,FALSE,FALSE,FALSE,FALSE,FALSE,FALSE,FALSE,FALSE,FALSE,FALSE,FALSE,FALSE,FALSE,FALSE,FALSE,FALSE,TRUE,TRUE,TRUE,TRUE,TRUE,FALSE,FALSE,TRUE,TRUE,FALSE,TRUE,TRUE,TRUE,TRUE,TRUE,FALSE,TRUE
"4","c2ba82ad21732bcd0ef11c61560cf91c",-27.8512334685171,-0.327278584952923,1.58109529277498,-0.0833466604064916,-2.46672441147047,-0.136455093133485,0.438236140451653,-0.0982651346267091,-0.00180713866275328,11.6843189304035,0.142868185785257,-0.843042983025379,0.00555958828730061,-0.254185395372059,0.145137192936084,-0.161701346814021,-0.0514407476486179,0.455001203156514,6.47031600845476,0.430256379806808,1.00024313508756,0.0303410618532924,3.52199681141643,0.223171683699938,0.332168691730022,0.23212186213848,0.202957161803373,27.2422819305146,0.167473724772656,0.774518731675768,0.147280090323288,0.29902522806967,0.148528650569629,0.102859518197529,0.292730995971583,0.265659971886189,-4.30446263090147,-0.760659458669447,1.58071096647574,-2.74699220513429,-0.700376673674056,-0.611435514000751,1.31931801931484,-0.423334250903458,-0.00890403988061313,0.428903825318527,0.853078212592449,-1.08847333001405,0.0377484035696679,-0.850046656641412,0.977166306833479,-1.57206012285118,-0.175727027053915,1.71272021120081,0.000426853172508726,0.456709920831166,0.131356100438306,0.0132571326194481,0.492646452902123,0.548556429579367,0.203599833711943,0.677066468875933,0.992993642003648,0.673082446108833,0.404825171878196,0.29074584980302,0.970303790575866,0.406464339431655,0.341437964675537,0.133348702269954,0.862470194072831,0.103936203786371,0.0162204205553316,1,1,0.715885161450198,1,1,1,1,1,1,1,1,1,1,1,1,1,1,TRUE,FALSE,FALSE,FALSE,FALSE,FALSE,FALSE,FALSE,FALSE,FALSE,FALSE,FALSE,FALSE,FALSE,FALSE,FALSE,FALSE,FALSE,FALSE,TRUE,TRUE,TRUE,TRUE,TRUE,TRUE,TRUE,TRUE,TRUE,TRUE,TRUE,TRUE,TRUE,TRUE,TRUE,TRUE,TRUE
"5","250a576e3788b3f444938c7b08afb2e3",-21.5914309833191,0.6694752676741,-1.94944853299172,0.0127327141635172,-2.56450584555849,-0.0840161312109663,0.349306304470947,-0.131966845903551,0.0946011782797383,-1.04479650537435,0.0980277011741666,-0.159746534710067,0.179076014634063,0.722902400380158,0.0711438518637,-0.122015891721106,-0.10103832038675,-0.203054051738341,4.37831835837152,0.629829950390141,1.1264651825689,0.0333068500469581,2.07815010729177,0.325888021198828,0.254619394011604,0.134544079253218,0.101930954608802,12.9017666520712,0.0845005708238599,0.625182382760151,0.208346599897219,0.258546152261182,0.237434681434265,0.101561987055694,0.299356093744842,0.353546796872269,-4.93144381381848,1.06294606545688,-1.73058924781501,0.382285149918585,-1.23403301646026,-0.257806748778001,1.37187626978261,-0.980844691464896,0.928090771275571,-0.0809808868467339,1.16008330143123,-0.255519891659124,0.859510137062009,2.79602846168016,0.299635467885076,-1.20139330923288,-0.337518836255494,-0.574334298980231,3.34515432874491e-05,0.296888353289365,0.0945336563399207,0.705136218806294,0.227448499330685,0.798441467508405,0.180994817810964,0.335068911884606,0.361292447208531,0.936033231530546,0.255811437593188,0.800189316492216,0.39735846426733,0.00924313423594943,0.766668303455109,0.239662547245716,0.738243096096701,0.570327404000128,0.00143841636136031,1,1,1,1,1,1,1,1,1,1,1,1,0.499129248741269,1,1,1,1,TRUE,FALSE,FALSE,FALSE,FALSE,FALSE,FALSE,FALSE,FALSE,FALSE,FALSE,FALSE,FALSE,FALSE,FALSE,FALSE,FALSE,FALSE,FALSE,TRUE,TRUE,TRUE,FALSE,TRUE,TRUE,TRUE,TRUE,TRUE,TRUE,TRUE,FALSE,FALSE,TRUE,FALSE,TRUE,FALSE
"6","eedb6e6a512baecd8df273d5495ca5c0",31.8923075339056,-0.0692089069311475,1.99857621001044,0.293619293772491,-2.7934160182007,0.321933926588359,-1.24830494402127,0.376660697377671,0.59368836728265,-114.439631592861,NA,NA,NA,NA,NA,NA,NA,NA,9.49118271543028,0.41095102772117,1.3638095739231,0.0243593912586659,5.38250538641548,0.241970858707984,0.516354512070755,0.386244697167675,0.343347816860423,47.0307167677395,NA,NA,NA,NA,NA,NA,NA,NA,3.36020372698723,-0.168411567954773,1.46543641298938,12.0536383957475,-0.518980626615034,1.33046569453587,-2.41753468758344,0.97518671489788,1.7291164764388,-2.43329550255462,NA,NA,NA,NA,NA,NA,NA,NA,1,1,1,1,1,1,1,1,1,1,1,1,1,1,1,1,1,1,1,1,1,1,1,1,1,1,1,1,1,1,1,1,1,1,1,1,FALSE,FALSE,FALSE,FALSE,FALSE,FALSE,FALSE,FALSE,FALSE,FALSE,FALSE,FALSE,FALSE,FALSE,FALSE,FALSE,FALSE,FALSE,FALSE,TRUE,TRUE,TRUE,TRUE,TRUE,TRUE,TRUE,TRUE,TRUE,FALSE,TRUE,TRUE,TRUE,TRUE,TRUE,TRUE,TRUE
"7","ed32eeb458a2b9bdee12e2db96fcb98b",-26.4018107725832,1.15181246281337,-0.36790112370029,0.0514752012908226,2.92970391719453,-0.49162446077355,0.275961746251209,-0.0542641713617958,-0.0661938159200306,9.99581351672978,-0.0171612212528607,0.336815900879019,0.223150945746097,0.170532170105756,-0.230043956345816,0.157648358771093,-0.112674815913616,-0.0327516227080304,6.2769300148722,0.39951633241233,0.905355329249334,0.0274477883762071,3.18601790281901,0.221670385732147,0.318680125584084,0.223300374848483,0.193857910516422,25.9506150698554,0.156708783829252,0.718757820029802,0.124418423237443,0.256069101157456,0.161851919251051,0.0668771708142969,0.275142920302172,0.208251276667334,-4.20616618474768,2.88301721198377,-0.406361029547737,1.87538611801028,0.919550362413943,-2.21781750029342,0.86595216989268,-0.243009763860073,-0.341455325416929,0.385185996163192,-0.109510270155369,0.468608328831892,1.793552272562,0.665961528880037,-1.42132362353387,2.35728211662613,-0.409513774840627,-0.157269733142375,0.000478537559210453,0.00952743036325257,0.689017897604322,0.0761931688030053,0.369335461018417,0.0389541278452199,0.397319703036726,0.810602021807896,0.736508173962284,0.704377813284605,0.913946141352776,0.644681252947617,0.0888173915427365,0.513440788521785,0.171428986959946,0.0292877112073476,0.686742566365782,0.876691525698556,0.0177058896907868,0.524008669978891,1,1,1,1,1,1,1,1,1,1,1,1,1,1,1,1,TRUE,FALSE,FALSE,FALSE,FALSE,FALSE,FALSE,FALSE,FALSE,FALSE,FALSE,FALSE,FALSE,FALSE,FALSE,FALSE,FALSE,FALSE,FALSE,TRUE,TRUE,TRUE,TRUE,FALSE,TRUE,TRUE,TRUE,TRUE,TRUE,TRUE,TRUE,FALSE,TRUE,TRUE,TRUE,TRUE
"8","645dd8b575c7e7c0952933bbe90b4bb9",-28.7897138076394,1.97121611621193,-4.55910485514515,-0.143738266106056,-2.69353211961132,0.325349141255455,0.781146454802703,-0.372631358634709,-0.000587132958758053,5.75527267747814,0.213783444471673,NA,NA,NA,NA,NA,NA,NA,9.39726603791266,0.408223559576042,1.34934711804602,0.0241984481706921,5.31631939725782,0.240001053516749,0.510290498618869,0.381477710052947,0.339026178537486,46.4233008075166,0.273389948267874,NA,NA,NA,NA,NA,NA,NA,-3.06362655813821,4.82876617473798,-3.37874872534441,-5.93997867516743,-0.506653554525082,1.35561547121605,1.53078777072456,-0.976810305857686,-0.00173182189437661,0.123973792844697,0.781972584676751,NA,NA,NA,NA,NA,NA,NA,1,1,1,1,1,1,1,1,1,1,1,1,1,1,1,1,1,1,1,1,1,1,1,1,1,1,1,1,1,1,1,1,1,1,1,1,FALSE,FALSE,FALSE,FALSE,FALSE,FALSE,FALSE,FALSE,FALSE,FALSE,FALSE,FALSE,FALSE,FALSE,FALSE,FALSE,FALSE,FALSE,TRUE,TRUE,TRUE,TRUE,TRUE,TRUE,TRUE,TRUE,TRUE,TRUE,TRUE,FALSE,TRUE,FALSE,TRUE,FALSE,FALSE,TRUE
"9","0f898170dbe4592000abdcde0dd2ba2e",-37.9774059913274,0.443252824716635,-1.89792037594456,-0.00234037840437686,-0.426427185861297,0.0510839073575567,0.747604014566687,-0.264904579280161,0.0238764939708942,4.5860273548756,0.140128878898014,-0.629187413366473,0.293597942387706,0.39777150445142,0.0878147358402338,0.0317370150663376,-0.2735843842568,-0.00474490549203766,3.36252144879728,0.45952837771718,0.977496407149573,0.0279483277042584,1.60194665580627,0.254802621723939,0.153262701928673,0.0818396716471147,0.0505708143161379,5.6167915807196,0.0485106355144035,0.429638624062747,0.137067314290744,0.253151333004104,0.195560927857287,0.0983832538066231,0.212344294666862,0.274246965082112,-11.2943237893431,0.964582050228546,-1.94161365920412,-0.0837394791252668,-0.266193124668483,0.200484229761586,4.87792532141716,-3.23687245987992,0.47213979631874,0.81648522808248,2.88862179215129,-1.46445728602506,2.14199821384792,1.5712795177933,0.44904029042201,0.322585540103382,-1.28839997649108,-0.0173015788547268,2.49772190898742e-12,0.342465798854651,0.0616272703970238,0.933819861883455,0.791911509335595,0.842454854152329,3.28793197675525e-05,0.00294444441839844,0.640243403275488,0.420659116099693,0.00711791682518953,0.153470522240452,0.0404309658348732,0.126606332683698,0.656629758105496,0.749246651531267,0.207455206476334,0.986310582854139,1.39872426903296e-10,1,1,1,1,1,0.00184124190698294,0.164888887430313,1,1,0.398603342210614,1,1,1,1,1,1,1,TRUE,FALSE,FALSE,FALSE,FALSE,FALSE,TRUE,FALSE,FALSE,FALSE,FALSE,FALSE,FALSE,FALSE,FALSE,FALSE,FALSE,FALSE,FALSE,TRUE,FALSE,TRUE,TRUE,TRUE,TRUE,FALSE,TRUE,TRUE,TRUE,TRUE,FALSE,TRUE,TRUE,TRUE,TRUE,TRUE
"10","b5c3abd1c966bb0457d8dfe34c35b160",-78.9288145732766,0.147229167906527,-1.76190932111978,0.0144923132424514,-0.838010752061469,0.194053820710341,1.27329880654248,-0.574100501705876,0.164697319199062,-3.07088516486401,0.402575503619897,-1.00879322620285,0.318552686940379,0.955942470411908,1.35859460251852,0.00791624844470512,0.0488229634946361,-1.18693908919514,7.93083793745259,0.417856358669982,1.16318381885303,0.0306361535964558,4.33032933148154,0.238282158378552,0.424047455340812,0.307914066784673,0.271263864591038,36.886690891065,0.219157821219382,0.934604692054189,0.127542717629844,0.318898236488917,0.148284333821668,0.0668160589433601,0.341622072036677,0.23069623102264,-9.95214064336671,0.352343969049917,-1.51472990989261,0.473046108638389,-0.193521251598377,0.814386700333867,3.00272714882609,-1.86448286595283,0.60714802337334,-0.0832518475005808,1.83692054146181,-1.0793795866631,2.49761564486094,2.99764113134295,9.16209128438623,0.118478230681275,0.142915131927993,-5.14503025876767,2.20814440491453e-05,0.734950102263244,0.173614173153609,0.650575738662757,0.852046417303566,0.442243200956705,0.0198653521269557,0.104521258018137,0.562920538050219,0.935982001307726,0.108835383836279,0.316199947211935,0.0411354909439762,0.0200087861850488,3.79757573307796e-05,0.909016970979751,0.890384037113923,0.00133130572125011,0.00101574642626068,1,1,1,1,1,1,1,1,1,1,1,1,1,0.00212664241052366,1,1,0.0692278975050055,TRUE,FALSE,FALSE,FALSE,FALSE,FALSE,FALSE,FALSE,FALSE,FALSE,FALSE,FALSE,FALSE,FALSE,TRUE,FALSE,FALSE,TRUE,FALSE,TRUE,TRUE,TRUE,TRUE,FALSE,TRUE,TRUE,TRUE,TRUE,TRUE,TRUE,TRUE,FALSE,FALSE,TRUE,TRUE,FALSE
"11","ca39c1dfb5e738c293917a0ab7391c33",299.395876224383,-9.10870251119063,-3.15492557532869,-0.0580015225174765,-22.3151251851107,0.333643363410774,-4.70941923869475,2.00402749499916,0.26152201538257,-38.2582485863074,-1.27027409708855,0.491415448135272,-1.3092821102953,1.95868182629632,-0.178899291391893,-1.29125102378579,3.84121286160097,-3.93801190326041,8.59812017175963,0.387526018047577,1.22716967338113,0.0231479565994615,4.75468823968148,0.224973820700207,0.458815818558945,0.340859235724229,0.302180543281211,41.2397639454885,0.243563273618986,0.986105428681905,0.118870594252085,0.324593121968617,0.114616732109395,0.062315432358582,0.356212074917011,0.14884429021869,34.8210853353438,-23.5047508734558,-2.57089597613356,-2.50568650706844,-4.69328882572658,1.48303194732767,-10.2642913522166,5.87934045777336,0.865449550599279,-0.927702899485018,-5.21537618629515,0.498339664139291,-11.0143481534109,6.03426780708462,-1.56084795037731,-20.7212078118232,10.7834998645003,-26.4572587734099,0.0182775705639083,0.0270684037248465,0.236161277357397,0.241739530439613,0.133646159421394,0.377684041008598,0.0618276461500365,0.107254398165051,0.545838493492311,0.523864778323482,0.1206021925525,0.705678928277627,0.0576411020276513,0.104550562083869,0.362741873298367,0.0306992834613437,0.0588681075379555,0.0240507483903038,0.482889129376511,1,1,1,1,1,1,1,1,1,1,1,1,1,1,1,1,1,FALSE,FALSE,FALSE,FALSE,FALSE,FALSE,FALSE,FALSE,FALSE,FALSE,FALSE,FALSE,FALSE,FALSE,FALSE,FALSE,FALSE,FALSE,TRUE,TRUE,TRUE,FALSE,TRUE,TRUE,TRUE,TRUE,TRUE,TRUE,TRUE,TRUE,TRUE,FALSE,TRUE,TRUE,TRUE,TRUE
"12","7d669e880492b330a9c9c649f65c2ba6",-8.73328090264406,1.00476903064084,-1.47094342227336,-0.0206418730532779,2.84436145561076,-0.466958322600707,0.0270997855806482,-0.0276934614032867,-0.0376732821976249,13.6703907353882,-0.123183927918336,0.432343018416,0.491015408269646,-0.0343840386127469,0.235075477550308,0.19911571549616,0.1774934164365,-0.723568680790399,7.80690388768666,0.368367874945912,1.10912944971836,0.0218622013373858,4.19651878391965,0.208039255970836,0.407566419783582,0.300451713107701,0.265451851702713,36.0753664085625,0.213844915647476,0.878516786360478,0.112732636543743,0.295143985884333,0.110018998849314,0.0599670731476242,0.320548392984112,0.147641502131215,-1.11866125525364,2.72762392971528,-1.32621437709265,-0.944180905423233,0.677790712270815,-2.24456831679001,0.0664917035977553,-0.0921727525426345,-0.141921338864181,0.378939761292169,-0.5760432860672,0.492128352159452,4.35557459954483,-0.116499201261794,2.13668075522369,3.32041743985047,0.55371800427431,-4.90084881517483,0.29574697187184,0.0259409563958275,0.221379867107342,0.372714952377315,0.517023860087337,0.0550317713376328,0.948618036949416,0.928827131513998,0.890651120946858,0.714592049732409,0.580425531642232,0.635848086681565,0.00242702826948353,0.910128389420989,0.0651121026170512,0.0105335280086368,0.594905182248102,0.00119249060460388,1,1,1,1,1,1,1,1,1,1,1,1,0.133486554821594,1,1,0.568810512466387,1,0.0643944926486093,FALSE,FALSE,FALSE,FALSE,FALSE,FALSE,FALSE,FALSE,FALSE,FALSE,FALSE,FALSE,FALSE,FALSE,FALSE,FALSE,FALSE,TRUE,TRUE,TRUE,TRUE,TRUE,TRUE,FALSE,TRUE,TRUE,TRUE,TRUE,TRUE,TRUE,FALSE,TRUE,TRUE,TRUE,FALSE,FALSE
"13","b67b924653e2ba692fd3ea7c8f75c2ee",-2.55459760804902,4.06164964684399,10.2025026224266,0.0612547778251322,-8.06133980108203,-5.71927568086701,2.26061875003093,-0.672765223740936,NA,NA,NA,NA,NA,NA,NA,NA,NA,NA,9.67554590530941,0.416332963721148,1.39224019190492,0.0246771468681709,5.51239635435448,0.245851940382235,0.528255633063093,0.395596868486988,NA,NA,NA,NA,NA,NA,NA,NA,NA,NA,-0.264026198940072,9.75577242441078,7.32811958866607,2.48224716383805,-1.46240206307263,-23.2630894512162,4.27940301729056,-1.70063333998071,NA,NA,NA,NA,NA,NA,NA,NA,NA,NA,1,1,1,1,1,1,1,1,1,1,1,1,1,1,1,1,1,1,1,1,1,1,1,1,1,1,1,1,1,1,1,1,1,1,1,1,FALSE,FALSE,FALSE,FALSE,FALSE,FALSE,FALSE,FALSE,FALSE,FALSE,FALSE,FALSE,FALSE,FALSE,FALSE,FALSE,FALSE,FALSE,FALSE,TRUE,TRUE,TRUE,FALSE,TRUE,FALSE,FALSE,TRUE,TRUE,FALSE,FALSE,TRUE,FALSE,TRUE,FALSE,TRUE,TRUE
"14","632a77028290d1ecbd9bfe2958610b8c",-26.1703286810116,0.450144718342082,1.04155599073065,-0.00572122130390847,2.27686578632895,-0.121598244151417,0.464516347525692,-0.208248676588702,0.0215392656334434,2.26316660797961,0.0150283933146657,-0.409619349314355,-0.0415333552651993,-0.12803892281122,0.0336526966687854,0.258331233024709,-0.458839061242474,0.237370037972759,3.2482133273732,0.419043674929464,0.686552962666368,0.0242651579938451,1.43280605517454,0.212461798993469,0.150969405645686,0.0815289711384762,0.0492836460844615,4.86612805017525,0.0449657021948182,0.407766362006266,0.125785736207014,0.203139561517912,0.157449966377401,0.0934465077277089,0.207293429637319,0.224337933584441,-8.05683803476521,1.07421909761042,1.51708032354206,-0.235779272706968,1.58909559190241,-0.572329918731203,3.07689061594292,-2.55429050165485,0.437046918089821,0.465085707701035,0.334219028751153,-1.0045442377811,-0.330191296069096,-0.630300281513258,0.213735813624255,2.76448247565819,-2.21347614367353,1.05809139890028,5.40931795752031e-09,0.291289026076666,0.13971449549076,0.815206193994493,0.122523587249781,0.571362976374395,0.00443784027391326,0.0159575317088993,0.665207247604205,0.645228420966693,0.740539557955965,0.323150532838867,0.743550235044845,0.53327028013956,0.83219908509566,0.00965417487162163,0.0346125078009442,0.298459571662974,2.97512487663617e-07,1,1,1,1,1,0.244081215065229,0.877664243989461,1,1,1,1,1,1,1,0.530979617939189,1,1,TRUE,FALSE,FALSE,FALSE,FALSE,FALSE,FALSE,FALSE,FALSE,FALSE,FALSE,FALSE,FALSE,FALSE,FALSE,FALSE,FALSE,FALSE,FALSE,TRUE,FALSE,TRUE,FALSE,TRUE,TRUE,FALSE,TRUE,TRUE,TRUE,TRUE,TRUE,TRUE,TRUE,FALSE,FALSE,TRUE
"15","5b239eddc0c4c102c7f721bae475cf22",19.2866438617796,0.0404269438122181,0.831917652007671,-0.0591688323478944,-0.461376763148422,-0.158214491730031,-0.249824279409277,0.0885512946136497,0.0155263943194371,1.79192804513083,-0.182574819078333,-0.443125937782765,0.15693808366027,-0.118216089195313,-0.100856412813507,0.114415877638985,-0.115686446746475,0.0397831821297966,4.72039640587678,0.502895531043021,0.889705018803897,0.0274011898352275,2.16444611523955,0.249174734686352,0.232945580435583,0.143878679673653,0.121467192457831,15.3136295192416,0.095995377606453,0.651027928274506,0.156536278703117,0.302823859345987,0.181121356210677,0.0771415584647763,0.285770764569046,0.309429505718194,4.08581021665218,0.0803883536772964,0.93504884700559,-2.15935266693513,-0.213161584342496,-0.634953988931436,-1.07245769137209,0.615458070747538,0.127823768749963,0.117015240761785,-1.90191260903025,-0.680655803749054,1.00256684878727,-0.390379045596427,-0.556844399377137,1.48319375335448,-0.404822539915638,0.128569452474995,0.000352561147547406,0.936521297694112,0.358051268997173,0.039869973001444,0.83280227499066,0.530802868203605,0.293007057687485,0.543405688356163,0.899235743035275,0.907714071803951,0.0679017980054399,0.50188513915071,0.324970913908552,0.699319289195699,0.582220541344888,0.149602941823997,0.68879741322442,0.898651256295704,0.0139026972218154,1,1,1,1,1,1,1,1,1,1,1,1,1,1,1,1,1,TRUE,FALSE,FALSE,FALSE,FALSE,FALSE,FALSE,FALSE,FALSE,FALSE,FALSE,FALSE,FALSE,FALSE,FALSE,FALSE,FALSE,FALSE,FALSE,FALSE,TRUE,TRUE,TRUE,TRUE,TRUE,TRUE,TRUE,TRUE,TRUE,TRUE,FALSE,TRUE,TRUE,TRUE,TRUE,TRUE
"16","51c79d7c5c2260b32f6ad5b82272898e",248.335465799187,2.15581581533489,-3.98920097902674,0.0337186973890199,-6.56529243973685,0.834013749506078,-3.38540605773223,1.22773943313215,0.160681673955711,-30.7969149329722,-1.41912479240854,0.752549638879124,0.209586720540459,-3.64910661794264,0.973504594471017,NA,NA,NA,9.00891906608517,0.397051809924818,1.28970384876038,0.0235399019516525,5.04250529127368,0.231911121643671,0.485204929903643,0.361744026930066,0.321131923683233,43.9078751272182,0.258897145337192,1.0403914365773,0.121822721749244,0.34007739818642,0.116682981560842,NA,NA,NA,27.5655119085337,5.42955796056714,-3.09311396012427,1.43240602523635,-1.30199019346562,3.59626456719714,-6.97727052856726,3.39394528100806,0.500360325789998,-0.701398435787238,-5.48142309781069,0.723333172901612,1.72042388752293,-10.7302238766903,8.34315837192932,NA,NA,NA,1,1,1,1,1,1,1,1,1,1,1,1,1,1,1,1,1,1,1,1,1,1,1,1,1,1,1,1,1,1,1,1,1,1,1,1,FALSE,FALSE,FALSE,FALSE,FALSE,FALSE,FALSE,FALSE,FALSE,FALSE,FALSE,FALSE,FALSE,FALSE,FALSE,FALSE,FALSE,FALSE,TRUE,TRUE,TRUE,TRUE,TRUE,TRUE,TRUE,TRUE,TRUE,TRUE,TRUE,TRUE,TRUE,TRUE,TRUE,FALSE,TRUE,TRUE
"17","20f887a0f58476d52027e0798805c1d2",-47.4235744662902,-0.549602425824171,-0.227974883816877,0.0850584232439355,3.90324466228761,1.67087613085324,0.257716067688756,0.00285830063991984,-0.143243112324045,27.1835263773829,0.0519450395158113,-0.650660110199422,0.219546975979327,0.433279340320991,0.232122145098413,0.00738861088383895,-0.216152227665396,-0.731545744060605,7.92948796649813,0.378243521129106,1.14764365550671,0.0230750584574461,4.28379065111258,0.216779136662026,0.415975098178897,0.306714943161323,0.271092380264714,36.8780860999877,0.218410628751479,0.90634535108888,0.124664453328227,0.308952466899739,0.12492660524366,0.0619743740679612,0.327488227252148,0.194662999824593,-5.98066037386695,-1.45303857203829,-0.198646054219871,3.68616284984916,0.911166062999336,7.70773496278959,0.619546864264265,0.00931907852437584,-0.528392248369992,0.737118686248524,0.237832013088142,-0.717894243532801,1.76110326655254,1.40241424407075,1.85806814045476,0.119220419648556,-0.660030528361467,-3.7580112539095,0.000552830099934496,0.189524108631553,0.848185930685379,0.00779598043073388,0.392503653364702,0.000115509571614438,0.555177288215329,0.992824587572012,0.613559174826265,0.485017736171925,0.818822800294427,0.496076699217129,0.121606258935338,0.203549574018496,0.105510275996734,0.908450087658733,0.53034463809499,0.00709332765265041,0.0199018835976419,1,1,0.428778923690363,1,0.00646853601040851,1,1,1,1,1,1,1,1,1,1,1,0.361759710285171,TRUE,FALSE,FALSE,FALSE,FALSE,TRUE,FALSE,FALSE,FALSE,FALSE,FALSE,FALSE,FALSE,FALSE,FALSE,FALSE,FALSE,FALSE,FALSE,TRUE,FALSE,TRUE,FALSE,FALSE,TRUE,TRUE,TRUE,TRUE,TRUE,TRUE,TRUE,TRUE,TRUE,TRUE,TRUE,FALSE
"18","3a4c1eb8dbc9f93fbbfbd8702754c0df",42.5216530619329,0.555789058582352,0.977939663451169,0.0167064436018536,-3.87241284262046,-0.400936687092724,-0.503047796814845,0.110724034222082,0.159869717436113,-16.8498678950849,-0.232299645934049,1.74015147582467,0.0125078881791107,-0.483221272478948,-0.238293792220805,-0.0166027358842211,-0.163362501665536,0.23995893749831,8.1620267646994,0.393617989074629,1.20808258792146,0.0233298935870375,4.4512723551722,0.230747365432896,0.431919786152992,0.318707973782531,0.282090359855408,38.3980930526599,0.227266556986772,0.933933554127527,0.125093620740824,0.316193867687701,0.13150414001741,0.0631713292605513,0.341249198150981,0.185090512068147,5.20969292159617,1.41200116358751,0.809497358234211,0.71609600530437,-0.869956393057116,-1.73755694389205,-1.16467875041191,0.347415324781406,0.566732296410474,-0.438820434962139,-1.02214619262072,1.86324976561133,0.099988217664794,-1.52824365637671,-1.81206304371298,-0.262820746034057,-0.478719078464351,1.29644104831241,0.00343920692302074,0.217050179919398,0.45501049622212,0.505974350648648,0.424112160655636,0.142793861999954,0.29669099984966,0.742425441050416,0.595389594006568,0.679105511784416,0.353594795382234,0.121462452749692,0.9242390330096,0.186992187341551,0.12972747701124,0.803174608002334,0.652339792234171,0.251430998777632,0.110054621536664,1,1,1,1,1,1,1,1,1,1,1,1,1,1,1,1,1,FALSE,FALSE,FALSE,FALSE,FALSE,FALSE,FALSE,FALSE,FALSE,FALSE,FALSE,FALSE,FALSE,FALSE,FALSE,FALSE,FALSE,FALSE,TRUE,TRUE,FALSE,TRUE,TRUE,TRUE,TRUE,TRUE,TRUE,TRUE,TRUE,FALSE,TRUE,TRUE,TRUE,TRUE,TRUE,TRUE
"19","969732ae717bf5a9282f4781499aadb4",22.9654106886485,-0.411853490085306,-0.252023923206641,0.0258609188052238,-0.543277640810426,0.14093775480886,-0.315725161444284,0.203144593581027,-0.0617694211636491,6.24114702299347,-0.224917842199101,-0.131613179588664,0.139152325165168,-0.00668181048525597,0.0105229349305947,0.00938367224786578,-0.0795950602827941,-0.280518558144083,4.41582872260722,0.506085654129526,0.774607366764135,0.025615213278541,2.18875274182082,0.244357448784203,0.22716965375758,0.133675512121002,0.113176534523635,13.1534411825004,0.0865330369310252,0.525353179687661,0.158423053214233,0.249860073690762,0.18470192068714,0.0881122912246544,0.254943750733434,0.350785720089006,5.20070232141819,-0.813801945826145,-0.325356992484402,1.00959217180864,-0.248213345632852,0.57676880942281,-1.38982102680494,1.51968442355502,-0.545779400505937,0.474487773685931,-2.59921355098609,-0.250523237847179,0.878359066700941,-0.0267422096958383,0.056972525740104,0.106496745430678,-0.312206359456983,-0.799686367144326,1.60235684465236e-05,0.422625447198634,0.747329725188761,0.321336197276795,0.805780754255713,0.568704058461895,0.175535409325059,0.139802965068793,0.589539838838689,0.638831887364029,0.0147430467687965,0.804011929023476,0.387224346752878,0.978855036706622,0.954971709750158,0.915947601366291,0.757196913889486,0.430624921662641,0.000753107716986609,1,1,1,1,1,1,1,1,1,0.796124525515014,1,1,1,1,1,1,1,TRUE,FALSE,FALSE,FALSE,FALSE,FALSE,FALSE,FALSE,FALSE,FALSE,FALSE,FALSE,FALSE,FALSE,FALSE,FALSE,FALSE,FALSE,FALSE,TRUE,FALSE,TRUE,TRUE,TRUE,TRUE,TRUE,TRUE,TRUE,TRUE,TRUE,TRUE,TRUE,TRUE,TRUE,TRUE,TRUE
"20","81b95cf5e2e0e3f7579b7dfa4b2ebed0",28.9293659787921,-0.035708744092555,-0.359081351272167,0.0111596092896653,-1.6738734819316,0.0637958327591927,-0.370345717134869,0.125328875836299,0.0500794948745556,-4.22125457264252,-0.219713337437524,0.806529441049011,0.357515759990242,-0.151886491302263,-0.118087366883103,0.0221739664539766,0.179411746985007,0.00249036421229707,4.70390002130185,0.455694871406084,0.746572362949915,0.0246909043668691,2.1287538310982,0.238211503702804,0.23092880094338,0.144938297696514,0.121781016095951,15.196917484829,0.0949241632657523,0.546356612046087,0.136904757960771,0.23904330528626,0.171286497353482,0.0785994230815649,0.276041386028818,0.310948133129503,6.1500809642603,-0.0783610839910765,-0.480973270766863,0.451972480385916,-0.786316133635829,0.267811720960317,-1.60372251370097,0.864705035371154,0.411225792656371,-0.27777044764878,-2.31461969090429,1.47619599226334,2.61141953950706,-0.635393202584674,-0.689414336259137,0.282113603187214,0.649945102674844,0.00800893765539955,1.42595779820016e-06,0.938118693634054,0.634410306952256,0.654898962753236,0.438529474642986,0.790879599450068,0.120410652469881,0.394818548837766,0.684152854684932,0.783304516258259,0.0284775016107692,0.151459891212157,0.0145430387086172,0.530520759901373,0.496445341306541,0.780007638904298,0.521219691816702,0.993668744611541,7.12978899100082e-05,1,1,1,1,1,1,1,1,1,1,1,0.785324090265327,1,1,1,1,1,TRUE,FALSE,FALSE,FALSE,FALSE,FALSE,FALSE,FALSE,FALSE,FALSE,FALSE,FALSE,FALSE,FALSE,FALSE,FALSE,FALSE,FALSE,FALSE,TRUE,TRUE,TRUE,TRUE,FALSE,TRUE,TRUE,TRUE,TRUE,TRUE,TRUE,FALSE,TRUE,TRUE,TRUE,TRUE,TRUE
"21","26de4690cd2c89c490c37a8d1418d67a",-48.8800005270876,-0.158509081733113,-0.360342214620603,0.00774047486306391,1.08204728118046,0.266080909392906,0.825819544734276,-0.253716949466901,-0.0767748251937325,14.7121563509122,0.161280302118943,-0.438690078345018,-0.0267926605257956,0.293563022808875,0.078014787701791,0.0792407604603972,-0.333978300739792,-0.27778943934259,5.55497801763823,0.37942212150415,0.810332032663074,0.0219830420472603,2.65879267513475,0.200809500108536,0.273923289735768,0.185920792103927,0.159795949839353,21.075334399583,0.128211484302472,0.607851408119824,0.113050153254235,0.231141206191964,0.134139667108485,0.0664546529567713,0.240392170133394,0.222477601767845,-8.79931484371014,-0.417764470623727,-0.444684647892265,0.352111179445639,0.406969408070006,1.32504144101296,3.01478397667784,-1.36465075581798,-0.480455388706137,0.698074634165866,1.25792399172649,-0.721706115153953,-0.236998002696578,1.27005923195308,0.581593717827679,1.19240349523672,-1.38930606830691,-1.24861755581339,8.06029564121595e-09,0.679993722765128,0.660704160212187,0.727960718574538,0.687793020835151,0.198171357954498,0.00617218985879391,0.185566222797382,0.635441943107636,0.49212847890354,0.221040956261764,0.477748695054237,0.814756528598129,0.216762604497776,0.566497459502441,0.245260500256329,0.178044688718855,0.224365497012855,4.35255964625661e-07,1,1,1,1,1,0.333298252374871,1,1,1,1,1,1,1,1,1,1,1,TRUE,FALSE,FALSE,FALSE,FALSE,FALSE,FALSE,FALSE,FALSE,FALSE,FALSE,FALSE,FALSE,FALSE,FALSE,FALSE,FALSE,FALSE,FALSE,TRUE,TRUE,TRUE,TRUE,TRUE,TRUE,TRUE,TRUE,TRUE,TRUE,TRUE,TRUE,TRUE,TRUE,TRUE,TRUE,TRUE
"22","c5bd025300b4ef0c652dd11cef56ac29",25.7064373141424,0.374230608239399,0.18548517377296,0.0280070596926739,-2.53615062415069,0.619754178813655,-0.461854772537219,0.206843210630869,0.0964949203835349,-4.82375207806834,-0.190334539411147,-0.601451669634665,0.225667389286222,-0.355410776953215,0.154733169611033,-0.140987467539503,0.167963024934684,-0.126976098425562,7.447163444586,0.454997709582356,1.10064668900283,0.0278680089170006,4.08941625809029,0.215123000786258,0.393358579609411,0.283294441303025,0.248980148011753,33.714596620092,0.201815329262962,0.879187800427254,0.156427768220112,0.313944269909898,0.159276544853708,0.0891380357514658,0.341122623833673,0.217438573658031,3.4518427728118,0.822488993588357,0.168523810252867,1.00498962003663,-0.620174241038266,2.88092940572836,-1.17413168665552,0.730135083764739,0.387560699734903,-0.143076072729687,-0.943112399371531,-0.684099198535719,1.44262998733499,-1.13208238218591,0.971474925910479,-1.58167572743697,0.492383129113653,-0.583963076511251,0.00541043461470459,0.428268079136947,0.869229959693697,0.33649747963114,0.547775709820965,0.0149464141104742,0.265135935671628,0.480568542343414,0.705735311010759,0.888817333813226,0.365876511679827,0.508068358123903,0.176988571126906,0.281674898514381,0.352189379260879,0.142029707573134,0.632128321649863,0.571025958983033,0.167723473055842,1,1,1,1,0.747320705523712,1,1,1,1,1,1,1,1,1,1,1,1,FALSE,FALSE,FALSE,FALSE,FALSE,FALSE,FALSE,FALSE,FALSE,FALSE,FALSE,FALSE,FALSE,FALSE,FALSE,FALSE,FALSE,FALSE,TRUE,TRUE,TRUE,TRUE,TRUE,TRUE,TRUE,TRUE,TRUE,TRUE,TRUE,TRUE,TRUE,TRUE,TRUE,TRUE,TRUE,TRUE
"23","95251fbafeb9956f566a3da93d145d63",-21.8106429841321,0.127937392021003,0.21151081019554,-0.00745931419352306,0.545653272207375,-0.0661691675400375,0.382341279306886,-0.143093638142917,0.0451694962292882,1.5931608500107,0.020745806753196,-0.0132654945192175,0.0105950480247128,-0.0605366589648606,-0.106324273718465,0.112663442500366,-0.0547657876417826,0.223111950103656,4.32752311439079,0.425899867943031,0.762050079789688,0.0282123241251963,2.07348346639819,0.214227471621896,0.203371769580239,0.121706331646633,0.0993868282725917,12.5315331338307,0.0827854657825778,0.535862445636055,0.136029783972098,0.243883766245295,0.166787600017114,0.0921851781978313,0.232701694407359,0.247313161872238,-5.03998301282383,0.300393124418897,0.277555000393036,-0.264399138490727,0.263157763758406,-0.308873400031644,1.88001156746603,-1.17572879082726,0.45448171567967,0.127132157972732,0.250597209994341,-0.0247554099512828,0.077887707495632,-0.248219305027353,-0.637483084519204,1.2221426991071,-0.235347610086206,0.902143454131713,2.48613777307607e-05,0.766096397088249,0.783393050146269,0.793408879925751,0.79435585169836,0.759704419326556,0.0705483785773851,0.249603830914666,0.652986019582033,0.899744417169092,0.803955301468434,0.980425646018375,0.938471318806387,0.805776189431389,0.528989039750832,0.231842703732692,0.81565175943351,0.374676076130541,0.00111876199788423,1,1,1,1,1,1,1,1,1,1,1,1,1,1,1,1,1,TRUE,FALSE,FALSE,FALSE,FALSE,FALSE,FALSE,FALSE,FALSE,FALSE,FALSE,FALSE,FALSE,FALSE,FALSE,FALSE,FALSE,FALSE,FALSE,TRUE,TRUE,TRUE,TRUE,TRUE,TRUE,TRUE,TRUE,TRUE,TRUE,TRUE,TRUE,TRUE,TRUE,TRUE,TRUE,TRUE
"24","cb3f42ad378ddeda014d895db355586b",-11.4113368376444,-0.391390863270255,0.227038917948755,-0.00284364303540628,1.1427288303172,0.00622120561041577,0.106011295507951,-0.039033061542054,0.0302108131377353,1.23401567922085,-0.037951943604658,-0.373283410620891,0.0212473986765444,0.049777033569039,-0.0134528747376943,0.118532524145163,-0.214855395430693,-0.419053269172334,3.1854895845069,0.345421056513351,0.609764507669855,0.0226172847957307,1.42473311853662,0.169192332080853,0.137844478143692,0.0679150466834405,0.0461405612385279,4.47422199091571,0.0436805929574253,0.404005922929326,0.121708379696154,0.193005465518752,0.139479168274565,0.0756742935179845,0.183062226773478,0.231926788886422,-3.58228665795836,-1.13308339457044,0.372338689925325,-0.125728753963564,0.802065183612015,0.0367700210399771,0.769064506141789,-0.574733633387478,0.65475608286509,0.275805644361488,-0.86885138307644,-0.923955292324244,0.174576300576746,0.257904787490087,-0.0964507811748082,1.56635124868385,-1.1736741064368,-1.80683426517646,0.0011860730199319,0.266153828790347,0.712258169270347,0.900785452991104,0.428823289860403,0.970911965700543,0.447867885222681,0.569756785718077,0.517613834482044,0.78458835163942,0.391826568451944,0.362882055494942,0.862585410713929,0.798241411094137,0.923804018268297,0.127755144925941,0.249759534334125,0.0808281971383577,0.0415125556976166,1,1,1,1,1,1,1,1,1,1,1,1,1,1,1,1,1,TRUE,FALSE,FALSE,FALSE,FALSE,FALSE,FALSE,FALSE,FALSE,FALSE,FALSE,FALSE,FALSE,FALSE,FALSE,FALSE,FALSE,FALSE,FALSE,TRUE,TRUE,TRUE,TRUE,TRUE,TRUE,TRUE,TRUE,TRUE,TRUE,TRUE,TRUE,TRUE,TRUE,FALSE,TRUE,FALSE
"25","1e2270e7a0c8c2e951edc6813b58451a",-9.51182065376831,-0.0109436438357492,0.213830935564706,-0.010119854444909,0.516652319431021,-0.276381465439747,0.0589983746747247,-0.0239505222305074,0.0290974616628959,-0.217623548807034,-0.0293529340072048,-0.589000952327198,-0.0775940815881881,0.341278328012883,-0.0462828752503902,0.114421945658167,-0.153617353268975,-0.0449394842502039,5.12444371088555,0.417521766618812,0.916426373474395,0.0223422059457777,2.47880883396288,0.221209148696954,0.244876510388423,0.161516676733923,0.13899210937857,18.1232574672503,0.112408305635477,0.58807705737208,0.133791458300114,0.228430808911238,0.155410222413795,0.0745690428160714,0.241688813483624,0.204292951537703,-1.85616648175155,-0.0262109540404884,0.233331276525817,-0.452947863316132,0.208427657813792,-1.24941245453811,0.240931131292019,-0.148285135100709,0.209346140532653,-0.0120079709290833,-0.26112780404672,-1.00157104403842,-0.57996289579364,1.49401181758059,-0.297811009671923,1.53444299855632,-0.635599765892281,-0.219975696233995,0.0752544258832188,0.979297185656082,0.817404135487313,0.654492942477385,0.836583868902285,0.223085783680112,0.811573472505081,0.883307322831286,0.835874578810792,0.990514569503751,0.796133097828703,0.326147160221065,0.567130398650943,0.147688027581413,0.768308318718261,0.137480273490433,0.530812982879468,0.827676450425725,1,1,1,1,1,1,1,1,1,1,1,1,1,1,1,1,1,1,FALSE,FALSE,FALSE,FALSE,FALSE,FALSE,FALSE,FALSE,FALSE,FALSE,FALSE,FALSE,FALSE,FALSE,FALSE,FALSE,FALSE,FALSE,TRUE,TRUE,TRUE,TRUE,TRUE,TRUE,TRUE,TRUE,TRUE,TRUE,TRUE,TRUE,TRUE,TRUE,TRUE,TRUE,TRUE,TRUE
"26","820d3c5095323f85949bc959fd15d1b7",-30.5140632608478,0.95294475033569,-0.47105722508435,-0.076039200635767,-1.13678155507779,-0.839489448296631,0.538560536183247,-0.234168241722607,0.0623142163912313,4.99400345374558,0.127946698841076,-0.0303494936556505,-0.129692390033665,0.333901085140617,-0.249350603533163,0.0386796790808662,0.0569271820324711,0.178046852774739,6.74830235433771,0.376940864112687,0.981441036669413,0.0235355212771045,3.50946769870725,0.207191014805394,0.341799060550691,0.246985602125508,0.216303814788016,29.0950762707509,0.174695782284314,0.755240071036608,0.122903335904611,0.26732335571169,0.126435579877562,0.0797036152287854,0.281445308268974,0.188216949577928,-4.52173919581921,2.5281014638169,-0.479964875610781,-3.23082712893802,-0.323918512057123,-4.05176570559843,1.57566417916873,-0.948104827598865,0.288086534452946,0.171644281227268,0.732397183080502,-0.0401852269490867,-1.05523897361356,1.24905317102458,-1.97215533613742,0.485293910067166,0.202267297979138,0.945966094838984,0.000347567430545386,0.0223711191257365,0.637747996201299,0.00522767610216414,0.750195435375037,0.000925664832403535,0.134667249869733,0.357177270624629,0.776978888775397,0.865869322733187,0.474519263392643,0.968442625874159,0.30699053171599,0.229611391355811,0.0661328649854932,0.634045858614663,0.842257259733574,0.358234040446118,0.0139026972218154,1,1,0.292749861721192,1,0.0490602361173874,1,1,1,1,1,1,1,1,1,1,1,1,TRUE,FALSE,FALSE,FALSE,FALSE,TRUE,FALSE,FALSE,FALSE,FALSE,FALSE,FALSE,FALSE,FALSE,FALSE,FALSE,FALSE,FALSE,FALSE,TRUE,TRUE,TRUE,TRUE,TRUE,TRUE,TRUE,FALSE,TRUE,TRUE,TRUE,TRUE,TRUE,TRUE,FALSE,TRUE,TRUE
"27","92fb114641e27921122496428e2ef0dd",180.368908995185,0.820016248552276,NA,-0.158878180716391,0.876816685985951,1.30588249666081,-2.74830992647353,0.951775337717579,-0.0244001520185981,11.8373656601052,-1.1450693758134,2.68707513788574,NA,NA,NA,NA,NA,NA,9.39726603791266,0.408223559576042,NA,0.0241984481706921,5.31631939725782,0.240001053516749,0.510290498618869,0.381477710052947,0.339026178537486,46.4233008075166,0.273389948267874,1.0931034648937,NA,NA,NA,NA,NA,NA,19.1937642573381,2.00874307549495,NA,-6.56563510170937,0.164929271638235,5.44115318464498,-5.3857752278594,2.49496972597816,-0.0719712917859533,0.254987591450811,-4.18841066786931,2.45820750201999,NA,NA,NA,NA,NA,NA,1,1,1,1,1,1,1,1,1,1,1,1,1,1,1,1,1,1,1,1,1,1,1,1,1,1,1,1,1,1,1,1,1,1,1,1,FALSE,FALSE,FALSE,FALSE,FALSE,FALSE,FALSE,FALSE,FALSE,FALSE,FALSE,FALSE,FALSE,FALSE,FALSE,FALSE,FALSE,FALSE,TRUE,FALSE,TRUE,TRUE,TRUE,TRUE,TRUE,TRUE,FALSE,TRUE,TRUE,TRUE,TRUE,TRUE,TRUE,TRUE,TRUE,TRUE
"28","5431c93e93b57f0b74748eb702ea1e72",-19.6604109423082,0.144712762888683,0.920805296996187,-0.0010333960012685,1.01441404347768,-0.230032620728876,0.355764229654871,-0.251385764135806,0.130820239602528,-7.90919656787985,0.0242492705095121,-0.0116556253314593,-0.00941182165125394,-0.261629066692839,-0.024845700453202,0.232906689562028,-0.320614094926997,0.508916255741119,3.93712382398482,0.447939118191408,0.758746804890373,0.0265396848424173,1.98442632448347,0.208088439681232,0.183144183724248,0.108575852615081,0.0805294357184342,9.72466955219622,0.0695783138035542,0.498749860108608,0.171541784522367,0.252116922415114,0.197012339379028,0.108647547042906,0.239299919003358,0.292363169815981,-4.99359731145302,0.323063463340673,1.21358705046439,-0.038937764611917,0.511187556303824,-1.10545603148959,1.94253632531693,-2.31530085263995,1.62450212689844,-0.813312629845982,0.348517651318439,-0.0233696814048653,-0.0548660588874005,-1.037729098811,-0.126112407636568,2.14369027098285,-1.33980026513297,1.74069892613847,2.58218179049418e-05,0.748965168611732,0.234697347754331,0.969206830916779,0.613089907076879,0.278049108525649,0.0618391441234989,0.0278718676683404,0.115089641914484,0.422666368090165,0.72996900657458,0.981515454193615,0.956621423284985,0.307971865169298,0.900513234494784,0.0405741692219186,0.190715223622385,0.0923385687060587,0.00113615998781744,1,1,1,1,1,1,1,1,1,1,1,1,1,1,1,1,1,TRUE,FALSE,FALSE,FALSE,FALSE,FALSE,FALSE,FALSE,FALSE,FALSE,FALSE,FALSE,FALSE,FALSE,FALSE,FALSE,FALSE,FALSE,FALSE,TRUE,TRUE,TRUE,FALSE,TRUE,TRUE,TRUE,FALSE,TRUE,TRUE,TRUE,TRUE,TRUE,TRUE,FALSE,TRUE,TRUE
"29","7c821085a5548386a8d91fe359fa3ff3",-22.7997075627592,-0.368162113148119,-0.352367727487262,0.0107419078672493,1.18950026765537,-0.0705220475809563,0.357655811442093,-0.0860678598928768,-0.0523165957156775,10.4764151806641,0.00651220050667423,0.00874581342691933,0.124332821049632,0.12570505108226,-0.0348451655012033,0.0981337378496314,-0.350338606015075,0.00518474268481181,3.4667798961182,0.494715980690296,0.70784838882563,0.0267844594411518,1.65428458124729,0.24254237164912,0.168824031458479,0.0883496706029125,0.0650473120329746,6.33119494748686,0.0525105284642056,0.456267237108062,0.157795682582171,0.22935708813114,0.176499550768027,0.0987227712974278,0.249204729767082,0.304008074736239,-6.57662391208864,-0.744188842726302,-0.497801129521343,0.40105001524673,0.719042105052149,-0.290761762991989,2.11851244371009,-0.974172957358366,-0.804285282213607,1.65472952066066,0.124017043765106,0.0191681819679899,0.787935506314544,0.54807571942309,-0.197423536488205,0.994033459149746,-1.40582647184312,0.0170546216225018,2.81654630879972e-07,0.462551911392741,0.622253745696581,0.691225594577561,0.477678897314662,0.773234220906439,0.0425247492868217,0.337760764466819,0.427560069181894,0.108405889159556,0.902129002908765,0.984833860256875,0.436916271285419,0.587695334292038,0.844827677104616,0.328157082931236,0.170048709030292,0.986505961522463,1.46460408057585e-05,1,1,1,1,1,1,1,1,1,1,1,1,1,1,1,1,1,TRUE,FALSE,FALSE,FALSE,FALSE,FALSE,FALSE,FALSE,FALSE,FALSE,FALSE,FALSE,FALSE,FALSE,FALSE,FALSE,FALSE,FALSE,FALSE,TRUE,TRUE,TRUE,TRUE,TRUE,TRUE,TRUE,TRUE,TRUE,TRUE,TRUE,TRUE,TRUE,TRUE,TRUE,TRUE,TRUE
"30","3a8a7409bdc33da14a01ec3e3313b9a7",-7.57804598078267,-1.5446038814857,NA,-0.0124979101314352,NA,1.21020320348369,0.107670718355468,-0.0294099287439846,-0.00109625844331291,NA,NA,NA,NA,NA,NA,NA,NA,NA,9.76607616307843,0.418988851449092,NA,0.0248340366439135,NA,0.247764411349897,0.53409824498061,0.400186536643024,0.355985128220986,NA,NA,NA,NA,NA,NA,NA,NA,NA,-0.775956059961132,-3.68650353379002,NA,-0.503257296050511,NA,4.8844916704951,0.201593469679678,-0.0734905501586601,-0.00307950629508428,NA,NA,NA,NA,NA,NA,NA,NA,NA,1,1,1,1,1,1,1,1,1,1,1,1,1,1,1,1,1,1,1,1,1,1,1,1,1,1,1,1,1,1,1,1,1,1,1,1,FALSE,FALSE,FALSE,FALSE,FALSE,FALSE,FALSE,FALSE,FALSE,FALSE,FALSE,FALSE,FALSE,FALSE,FALSE,FALSE,FALSE,FALSE,TRUE,TRUE,TRUE,TRUE,TRUE,TRUE,TRUE,TRUE,FALSE,FALSE,TRUE,TRUE,TRUE,TRUE,TRUE,FALSE,FALSE,TRUE
"31","564e9f4d70915c0026898422d57b1431",321.1891171929,1.02159849665207,-14.2438797577256,-0.70432539602935,-1.14643919596985,0.910143569633016,-4.90142131660518,1.85384694578038,-0.0893876056225722,97.538005665637,-2.24637576790472,2.24008249298072,NA,NA,NA,NA,NA,NA,9.30213222364342,0.405470744416007,1.33471195261278,0.0240360731961559,5.24926297320591,0.238010885480144,0.504146878740149,0.376646883000329,0.334646280890447,45.807664313936,0.26984239158764,1.08018384133873,NA,NA,NA,NA,NA,NA,34.5285478071928,2.51953688575846,-10.6718754783325,-29.3028478604397,-0.218400030979907,3.82395774797008,-9.7222089896772,4.92197607215764,-0.26711070980596,2.12929445599267,-8.32476970978495,2.07379744748308,NA,NA,NA,NA,NA,NA,1,1,1,1,1,1,1,1,1,1,1,1,1,1,1,1,1,1,1,1,1,1,1,1,1,1,1,1,1,1,1,1,1,1,1,1,FALSE,FALSE,FALSE,FALSE,FALSE,FALSE,FALSE,FALSE,FALSE,FALSE,FALSE,FALSE,FALSE,FALSE,FALSE,FALSE,FALSE,FALSE,TRUE,TRUE,TRUE,TRUE,TRUE,TRUE,TRUE,TRUE,TRUE,TRUE,TRUE,TRUE,TRUE,TRUE,TRUE,TRUE,TRUE,FALSE
"32","386a607b118090dd71bfc8b4b4081447",-4.17190484031363,0.085055074646566,-0.437726742319081,0.0130518593668338,1.07143612580177,0.0483000185940074,-0.00359895041022526,-0.0183493801469421,0.0309820716436994,0.172105309065674,-0.0830690529443687,0.154214125085312,-0.0931052729229563,-0.151364286883558,-0.119544643887132,0.141651869596213,-0.150062921083974,0.274875769649563,3.30492982591428,0.367063981784413,0.734668657781081,0.0234748938304745,1.405250008672,0.181469789363629,0.139967228893402,0.0690549371077758,0.0525890804867357,5.23208420615145,0.0433516983731478,0.438833269524806,0.11475150208388,0.200268923113372,0.133519845622903,0.071087677684683,0.182289483200157,0.213147273214792,-1.26232781331734,0.231717299619229,-0.595815185094661,0.555992263951807,0.762452317516301,0.266160107218859,-0.0257128074812869,-0.2657214808306,0.589135070568764,0.0328942162022788,-1.9161660571947,0.351418490335301,-0.811364306629285,-0.755805167024698,-0.895332400434005,1.99263605465527,-0.823212170277552,1.28960490792939,0.216556071612958,0.818330902291796,0.555767609133251,0.582339564682267,0.451743668210415,0.791936696899633,0.979656687984097,0.792271327372381,0.560181249515819,0.973976828190424,0.0649157572683822,0.727730642948408,0.423547385160351,0.455659959806483,0.377737293451923,0.0554680008527867,0.416883544512726,0.207041759735075,1,1,1,1,1,1,1,1,1,1,1,1,1,1,1,1,1,1,FALSE,FALSE,FALSE,FALSE,FALSE,FALSE,FALSE,FALSE,FALSE,FALSE,FALSE,FALSE,FALSE,FALSE,FALSE,FALSE,FALSE,FALSE,TRUE,TRUE,TRUE,TRUE,TRUE,TRUE,TRUE,TRUE,TRUE,TRUE,TRUE,TRUE,TRUE,TRUE,TRUE,FALSE,TRUE,TRUE
"33","afce1dc2c06acb90ad5d3da0fffbcd02",-49.2061504308965,-0.583650923530124,-1.55789589299979,-0.0503539391299504,-0.325010061566139,0.697638043012667,0.6626408786418,-0.272213266471341,0.0874268070143312,-2.79206323192388,0.254668731030219,-0.532348417756444,0.296869322635323,0.509725161334159,0.543794156453762,-0.022849865874042,-0.188325730626156,-1.12051759127454,7.81350257638791,0.392743130337755,1.13829666104461,0.0235734792747581,4.25060479688709,0.221644119841508,0.411104182812677,0.300972335748187,0.265689131896401,36.1187639533968,0.214553472741298,0.895216068503775,0.124794809916052,0.328020696543336,0.132825188713801,0.0704249406205801,0.327807914389302,0.200070363459923,-6.2975790882306,-1.48608817938634,-1.36862027827624,-2.13604188601333,-0.0764620747156168,3.14755944579775,1.61185632826251,-0.904446137199441,0.32905676792388,-0.0773022918371852,1.18697091115039,-0.594659140386285,2.37885952817287,1.55394207348992,4.09405897871884,-0.324457012994125,-0.574500255666499,-5.60061756222581,0.000233395191042531,0.175562984300735,0.208313568244023,0.0651769120370622,0.940929128061226,0.0136486351920627,0.145658389239051,0.392180838622172,0.750561866881134,0.94028146199387,0.269287479244483,0.568504264114063,0.0446250404067876,0.15880426750607,0.00346609218516478,0.753913272484345,0.581419929080099,0.000509878552215417,0.00956920283274378,1,1,1,1,0.696080394795199,1,1,1,1,1,1,1,1,0.183702885813733,1,1,0.0280433203718479,TRUE,FALSE,FALSE,FALSE,FALSE,FALSE,FALSE,FALSE,FALSE,FALSE,FALSE,FALSE,FALSE,FALSE,FALSE,FALSE,FALSE,TRUE,FALSE,TRUE,TRUE,TRUE,TRUE,TRUE,TRUE,TRUE,TRUE,TRUE,TRUE,TRUE,TRUE,FALSE,FALSE,TRUE,TRUE,FALSE
"34","1c6bf8efe709f63c28e0225da6870395",-10.8549116254564,0.109367095916142,0.262742709731253,-0.00694313887164745,1.26761181107132,0.0950818192458911,0.121966553430787,-0.0509068843160923,0.0379754146015646,0.179976002021469,-0.0456107103514709,-0.145585827562449,-0.0130709686945978,0.0398180841114982,-0.0870644068092584,0.129220351672128,-0.110798873719097,0.0288494088111557,3.24670334642085,0.329952964836324,0.704692380981623,0.0212683738729193,1.36823150120696,0.168775378314594,0.129745284790723,0.0668237189791261,0.0470639281525093,4.85610381033777,0.0409636751653684,0.425427645466875,0.116359331981849,0.202635042109006,0.134607060624162,0.0738696371858052,0.17726762396245,0.218850761058555,-3.34336416581539,0.33146268581158,0.372847382520665,-0.326453677800353,0.926460039805487,0.563363093570796,0.940046134451182,-0.761808607689049,0.806890034306238,0.0370618110836783,-1.11344282873406,-0.342210547701195,-0.112332792496925,0.196501472287693,-0.646804160239052,1.74930264442884,-0.625037281159515,0.13182229146298,0.0022317759370776,0.742599440306274,0.711883456553343,0.746347746645411,0.361600613997603,0.577374608518503,0.354701900949419,0.452122045190059,0.426080889646277,0.970681245141478,0.274360326985194,0.734578389041564,0.911307828156796,0.845542804667967,0.522677057932655,0.0904641051818054,0.536672241790744,0.896004984828233,0.0752949953173088,1,1,1,1,1,1,1,1,1,1,1,1,1,1,1,1,1,TRUE,FALSE,FALSE,FALSE,FALSE,FALSE,FALSE,FALSE,FALSE,FALSE,FALSE,FALSE,FALSE,FALSE,FALSE,FALSE,FALSE,FALSE,FALSE,TRUE,TRUE,TRUE,TRUE,TRUE,TRUE,TRUE,TRUE,TRUE,TRUE,TRUE,TRUE,TRUE,TRUE,FALSE,TRUE,TRUE
"35","f2d099ef5556f02539ded15181a3d994",9.50400227761908,-0.28809822808246,-0.781627378668397,0.0159903053621068,0.0155426898074995,0.206629346034743,-0.210478390491625,0.04056400408062,0.0723691923531994,-6.66931110133608,-0.125334507745542,0.0666521989752558,0.0380557807812752,0.0721014174449224,-0.0506717413713846,0.100217670082037,0.019023850438824,-0.099791268040817,3.29516891532144,0.420160113414052,0.973565747642901,0.0247587572573453,1.53940845369833,0.199347603722776,0.141041666988817,0.0696459163448983,0.0509849800029759,5.1676322938189,0.0455546396647094,0.453655975051295,0.147994100711046,0.24810965650867,0.146935185600953,0.0835830319701443,0.202144649592782,0.256521429948178,2.88422309200255,-0.685686762937798,-0.802850121381935,0.645844425707712,0.0100965340096446,1.0365278647748,-1.49231354808301,0.582431910002307,1.41942180518606,-1.29059320054822,-2.75130060665669,0.146922343451377,0.257143903699094,0.29060302794947,-0.34485777633275,1.19901931911054,0.0941100864017293,-0.389017276494118,0.00719588610793306,0.498175638594501,0.428376405344307,0.523289952305338,0.992011112635485,0.308239069999615,0.146059453733393,0.564627987874061,0.166083967198928,0.206703117212958,0.00996837994359542,0.884176239393555,0.798823213326321,0.773354464331902,0.732607401480058,0.23990575702805,0.925647460572993,0.700010941408706,0.215876583237992,1,1,1,1,1,1,1,1,1,0.548260896897748,1,1,1,1,1,1,1,FALSE,FALSE,FALSE,FALSE,FALSE,FALSE,FALSE,FALSE,FALSE,FALSE,FALSE,FALSE,FALSE,FALSE,FALSE,FALSE,FALSE,FALSE,TRUE,TRUE,TRUE,TRUE,TRUE,TRUE,TRUE,TRUE,FALSE,TRUE,TRUE,TRUE,TRUE,TRUE,TRUE,TRUE,TRUE,TRUE
"36","304a3df568087b761af6bca76a3816aa",-414.034121225963,-2.61184614052594,NA,-0.345373316131052,25.2566569537935,9.63810870528474,3.37939985143163,-0.919480530745934,-0.883206356770984,195.007471208951,1.56321275393246,1.98506953999384,NA,NA,NA,NA,NA,NA,9.39726603791266,0.408223559576042,NA,0.0241984481706921,5.31631939725782,0.240001053516749,0.510290498618869,0.381477710052947,0.339026178537486,46.4233008075166,0.273389948267874,1.0931034648937,NA,NA,NA,NA,NA,NA,-44.0589975377487,-6.3980779140686,NA,-14.2725398626739,4.75077869979388,40.1586099896521,6.62250200734322,-2.41031259891519,-2.60512731076113,4.20063777923728,5.71788671762279,1.81599418879061,NA,NA,NA,NA,NA,NA,1,1,1,1,1,1,1,1,1,1,1,1,1,1,1,1,1,1,1,1,1,1,1,1,1,1,1,1,1,1,1,1,1,1,1,1,FALSE,FALSE,FALSE,FALSE,FALSE,FALSE,FALSE,FALSE,FALSE,FALSE,FALSE,FALSE,FALSE,FALSE,FALSE,FALSE,FALSE,FALSE,TRUE,TRUE,TRUE,FALSE,TRUE,TRUE,TRUE,TRUE,TRUE,TRUE,TRUE,TRUE,TRUE,TRUE,TRUE,FALSE,TRUE,TRUE
"37","2ddd18d49a8163e0fc79e28ea6273254",65.4090636434906,-1.23515870425622,-1.53656293471777,-0.0502127619550469,-1.2340006963266,0.404771609068997,-0.896275368231637,0.381249649417017,-0.00680479011838852,-0.211258990797811,-0.42668920503211,0.0444284236156001,0.166543922890079,-0.355410611478616,0.0207606359799059,-0.0127917170230625,0.119624143191272,-0.451449485742902,7.30476863663579,0.381527144824391,1.04904067504258,0.0224753117488244,3.84856159695499,0.206044561823497,0.376863345757624,0.275081084375051,0.241984883499165,32.7763053621403,0.194988433921047,0.819032485777817,0.117767638589805,0.282524559434745,0.12603583572096,0.0641868364772704,0.303062370739323,0.175018716771507,8.9542964188411,-3.23740714392612,-1.46473151258449,-2.23412972047756,-0.320639455869162,1.96448576699508,-2.37825030829098,1.38595370991491,-0.0281207239889925,-0.00644547908812918,-2.18827956331442,0.0542450078441119,1.41417391810127,-1.25798129617367,0.164720104096977,-0.199288790741265,0.394717902125057,-2.57943546879209,1.16503724921852e-06,0.00712079859723853,0.168696735228486,0.0452730507853963,0.753998523708145,0.0730581014705081,0.0348737428690115,0.190976437476501,0.978028123932925,0.994963201322204,0.0491592284682715,0.957632605864829,0.182728137413035,0.232326529479095,0.871906450250742,0.845373759158719,0.699976773712606,0.0241228198315743,5.94168997101445e-05,0.398764721445358,1,1,1,1,1,1,1,1,1,1,1,1,1,1,1,1,TRUE,FALSE,FALSE,FALSE,FALSE,FALSE,FALSE,FALSE,FALSE,FALSE,FALSE,FALSE,FALSE,FALSE,FALSE,FALSE,FALSE,FALSE,FALSE,FALSE,FALSE,TRUE,TRUE,TRUE,TRUE,FALSE,TRUE,TRUE,TRUE,TRUE,TRUE,TRUE,TRUE,TRUE,TRUE,TRUE
"38","42604f7f8bfc866837a5370b4b667382",-10.6606685608789,-0.992625326489891,-0.0865216593189099,-0.018073423511806,0.518146777818423,0.487177222274167,0.0765056627337691,-0.01980982133189,-0.00252504033832643,7.04644430808403,-0.0322874257765005,0.176080444835883,-0.192616330054957,-0.174202947917713,-0.0838083792339863,0.0608217275201403,-0.428568713418109,0.132480833228393,7.56310671804596,0.374475066019804,1.08121766737376,0.0228069259151573,4.0368891973803,0.20575865749654,0.393496655509819,0.288083716572776,0.254135695501034,34.475904653234,0.204822409276804,0.854894458807531,0.11642707554529,0.293978574323507,0.111932083680339,0.0614437789214408,0.31236488863322,0.15951213377163,-1.40956209641232,-2.65071139993442,-0.0800224246511513,-0.792453291558881,0.128352984806883,2.36771190190313,0.194425191834598,-0.06876411331942,-0.00993579565180035,0.204387510029357,-0.157636197574779,0.205967465365833,-1.65439464276529,-0.592570218147981,-0.748743134929304,0.98987608815376,-1.37201308153855,0.830537653129654,0.189001866105041,0.0242833857371581,0.937798226197197,0.44648865859364,0.900414277988253,0.0394309219324937,0.849735953480868,0.946532961584924,0.992267937160939,0.842150525014814,0.877881040540492,0.840949060660254,0.129049610525294,0.566626323085918,0.471256240127677,0.345581085968254,0.200051398768781,0.425619359715183,1,1,1,1,1,1,1,1,1,1,1,1,1,1,1,1,1,1,FALSE,FALSE,FALSE,FALSE,FALSE,FALSE,FALSE,FALSE,FALSE,FALSE,FALSE,FALSE,FALSE,FALSE,FALSE,FALSE,FALSE,FALSE,TRUE,TRUE,TRUE,TRUE,TRUE,TRUE,TRUE,TRUE,TRUE,TRUE,TRUE,TRUE,TRUE,TRUE,TRUE,TRUE,TRUE,TRUE
"39","de4edf45ab75f6490e1ada65b0e0306f",-5.7586073035318,1.69664989796753,2.82101694828518,0.0196726362649449,-1.81915966598068,NA,NA,NA,NA,NA,NA,NA,NA,NA,NA,NA,NA,NA,9.94402509754691,0.42423374622153,1.4337311915461,0.0251440190300222,5.70146867495151,NA,NA,NA,NA,NA,NA,NA,NA,NA,NA,NA,NA,NA,-0.579102249546051,3.99932799566011,1.96760520027682,0.782398241166439,-0.319068606650927,NA,NA,NA,NA,NA,NA,NA,NA,NA,NA,NA,NA,NA,1,1,1,1,1,1,1,1,1,1,1,1,1,1,1,1,1,1,1,1,1,1,1,1,1,1,1,1,1,1,1,1,1,1,1,1,FALSE,FALSE,FALSE,FALSE,FALSE,FALSE,FALSE,FALSE,FALSE,FALSE,FALSE,FALSE,FALSE,FALSE,FALSE,FALSE,FALSE,FALSE,TRUE,TRUE,TRUE,TRUE,TRUE,TRUE,TRUE,TRUE,TRUE,TRUE,FALSE,TRUE,TRUE,TRUE,TRUE,TRUE,TRUE,TRUE
"40","e1a9800482df461df81429b3b8f859a1",-3.02253316759971,-0.333946722760019,0.0825126428332358,0.030622865612707,0.36547141525504,0.509606171707803,-0.0469133578340662,0.129887638138661,-0.0709350524754763,8.8426908850763,-0.0875400073584782,-0.588661284642921,-0.190834004418623,0.117092904760414,0.00630385594869595,-0.0196997275181553,-0.273413451649557,-0.112320231560576,6.44501679319006,0.382595088658076,0.926838881215832,0.0233490675496702,3.25117373560378,0.204003307948193,0.323713522726141,0.231083731172262,0.201883183825648,27.0757292177546,0.162193131729375,0.724349030289787,0.133321840216607,0.257348784741847,0.150432706673772,0.0672657766415307,0.273316291722759,0.212204708665929,-0.468972116689188,-0.872846339798329,0.0890258754844157,1.31152413463893,0.11241214557461,2.49802896253633,-0.144922453158543,0.562080409035097,-0.351366820808304,0.326591051859013,-0.539726968861677,-0.812676292818971,-1.43137841563375,0.454996921310013,0.0419048230140967,-0.29286404620195,-1.00035548531039,-0.529301316010854,0.644719642749592,0.394241950703518,0.930044412134852,0.206164188360159,0.911740775112713,0.0223995941779815,0.886382501876806,0.580993903620996,0.729392504660447,0.747744114108528,0.59599991002186,0.427022148334065,0.169456205200898,0.6545514582946,0.967035905503141,0.772975422833643,0.330397596837968,0.603063746722109,1,1,1,1,1,1,1,1,1,1,1,1,1,1,1,1,1,1,FALSE,FALSE,FALSE,FALSE,FALSE,FALSE,FALSE,FALSE,FALSE,FALSE,FALSE,FALSE,FALSE,FALSE,FALSE,FALSE,FALSE,FALSE,FALSE,TRUE,TRUE,TRUE,TRUE,FALSE,TRUE,TRUE,FALSE,FALSE,FALSE,TRUE,TRUE,TRUE,TRUE,FALSE,TRUE,TRUE
"41","c38ee4acf990375c9b9df651cf77bf7c",-16.3514739126397,-0.199739351217595,1.27180631963616,-0.0502943283225851,-0.00230118486205594,-0.116408262963833,0.270467141729807,-0.189812799841014,0.126484009397335,-8.38024961798896,0.0428355141749483,-0.486927159449501,-0.227399126116979,0.182876209893022,-0.108138666192852,0.176018084240232,-0.391374413094244,0.432682454117218,5.78092141161729,0.485083498645446,0.920445540307013,0.0271205730305272,2.87744453758981,0.261880283239915,0.294383668723522,0.198054454622869,0.172320205743795,22.6098849940205,0.137547377660248,0.676912994574676,0.164864386175019,0.26546769481934,0.156873971104778,0.0797297675907492,0.270242974194429,0.2778635301342,-2.82852381971149,-0.411762823875374,1.38172902571939,-1.85447144741276,-0.000799732134536098,-0.4445094587636,0.918757290112528,-0.958386925466794,0.734005677693949,-0.370645388961741,0.311423706533722,-0.719334926869665,-1.37931017967442,0.688883105032705,-0.689334664197573,2.20768339804686,-1.44823159329451,1.55717612134361,0.00978007126839257,0.6844974460043,0.180926437211862,0.0771255885663674,0.999369113708425,0.66101640983033,0.368186527384773,0.348282457018746,0.470696315558809,0.714446540584969,0.758410457625223,0.479506738577085,0.181660411468879,0.498098185113871,0.497819531820323,0.0379953120695478,0.161655255013246,0.133698550577592,0.283622066783385,1,1,1,1,1,1,1,1,1,1,1,1,1,1,1,1,1,FALSE,FALSE,FALSE,FALSE,FALSE,FALSE,FALSE,FALSE,FALSE,FALSE,FALSE,FALSE,FALSE,FALSE,FALSE,FALSE,FALSE,FALSE,TRUE,TRUE,TRUE,TRUE,TRUE,TRUE,TRUE,TRUE,TRUE,TRUE,TRUE,TRUE,TRUE,TRUE,TRUE,TRUE,TRUE,TRUE
"42","321b7763c5946d79f50284281735d5b0",47.0157511366127,-0.672467728079298,-3.51284729779952,0.00839887317744713,-2.17980816958345,0.22427742438268,-0.942605549709798,0.382103411099875,0.000859055860585409,2.10052986696497,-0.321113026978728,0.142833193968433,-0.291571636798164,-1.31925328878647,0.41433523561257,-0.0467712279728087,-0.0693955371809438,1.23213435362978,8.16256614823834,0.396707695869181,1.16676409797271,0.0241310867246402,4.49135128833829,0.220102828879969,0.431484983314987,0.318594017366827,0.282048492194488,38.4010329290807,0.22784329708644,0.938849026720262,0.119188498806779,0.313777286677026,0.120256187744503,0.0737919180924309,0.339639906821393,0.188029934538042,5.75992283342901,-1.69512145864963,-3.01076053325878,0.348052007490863,-0.48533459746141,1.018966569053,-2.18456165604653,1.19934270661437,0.00304577363240447,0.0546998272375705,-1.40935911253471,0.152136488299297,-2.4463068141402,-4.20442570192912,3.44543797191434,-0.63382588746675,-0.204320916909911,6.55286274846036,0.0022145586858032,0.15082237654593,0.0297296548308848,0.741975502431179,0.647957040478023,0.354963178427672,0.0806476937890661,0.284124690194191,0.99768761219719,0.958495992912734,0.217784322211435,0.885027668812385,0.0582002029184051,0.00845345476430035,0.0183275475510707,0.554052783981886,0.846159163612928,0.00124011615614983,0.0752949953173088,1,1,1,1,1,1,1,1,1,1,1,1,0.464940012036519,0.934704925104604,1,1,0.0657261562759409,TRUE,FALSE,FALSE,FALSE,FALSE,FALSE,FALSE,FALSE,FALSE,FALSE,FALSE,FALSE,FALSE,FALSE,FALSE,FALSE,FALSE,TRUE,FALSE,TRUE,TRUE,TRUE,TRUE,FALSE,TRUE,TRUE,TRUE,TRUE,TRUE,TRUE,TRUE,TRUE,TRUE,TRUE,TRUE,TRUE
"43","01491b7ad3b35c7e644dd24ae831bee2",16.9035771363956,0.170168770588525,0.33018582805678,-0.00547436956944684,1.22752927304528,-0.0625882377509324,-0.318194674496332,0.136157321093994,-0.0362755036788467,5.61326688535691,-0.214111617419347,-0.44358875470316,-0.0919821484418591,0.259606312266501,-0.445680503987519,0.146117904905625,-0.104048703098933,0.169545602287029,6.27414297032535,0.35397656292824,0.912523211898578,0.0219565910748299,3.13337319025595,0.194920652980842,0.309177755607653,0.221873752481771,0.193480808660093,25.9327448101504,0.155918782420159,0.689294858248381,0.110463159782611,0.246662218020694,0.120319999612592,0.0679975962867969,0.257250535192611,0.17374669499653,2.69416511806378,0.480734569489062,0.361838278469434,-0.249326935624466,0.391759678311733,-0.321095978254721,-1.02916419025993,0.613670249729879,-0.187488898408397,0.21645479205733,-1.37322530419956,-0.64353991531345,-0.83269524991751,1.05247700417873,-3.70412654107819,2.1488686789653,-0.404464476705668,0.97582058922281,0.0143689603102153,0.636194252200983,0.7214658287939,0.805783421921056,0.699595060724912,0.751642834978953,0.31632672101286,0.54671081184016,0.853265034961265,0.830940326085344,0.185672049295863,0.527565814458399,0.415361333579039,0.305782647075381,0.00150551500049677,0.0447457046025892,0.690388104348798,0.341414859536084,0.402330888686029,1,1,1,1,1,1,1,1,1,1,1,1,1,0.0812978100268255,1,1,1,FALSE,FALSE,FALSE,FALSE,FALSE,FALSE,FALSE,FALSE,FALSE,FALSE,FALSE,FALSE,FALSE,FALSE,TRUE,FALSE,FALSE,FALSE,TRUE,TRUE,TRUE,TRUE,TRUE,TRUE,TRUE,TRUE,TRUE,TRUE,TRUE,TRUE,TRUE,TRUE,FALSE,TRUE,TRUE,FALSE
"44","a67690654fca1914946ee270222b7247",-17.2308928227328,0.0405551134404054,1.20316594631518,0.0146134342290396,0.842579848534433,-0.0160392741299727,0.339179177203877,-0.157735150904678,0.0438594204097467,-3.67327625604014,0.00985513905903585,-0.115385868421583,-0.0620538513860007,-0.216450875553001,-0.164203296962816,0.175220822709964,-0.326303348148706,0.329335665034275,3.23459306350563,0.380282840518216,0.638087403751396,0.0235657748762529,1.38217389496853,0.182380216582452,0.141851451427259,0.0707998247744668,0.0454231207772986,4.77208443796747,0.0419925474722976,0.425500655248649,0.132675271853498,0.222251764560385,0.139015646278498,0.0781328600023835,0.198435322272518,0.259721943837232,-5.32706664623157,0.106644605328866,1.88558172319594,0.620112612709607,0.609604805590411,-0.0879441555149243,2.39108711113757,-2.22790312556767,0.965574792290947,-0.769742510592428,0.234687811344079,-0.271176711476872,-0.467712261064908,-0.973899469284942,-1.18118572519426,2.24260090702706,-1.64438137531071,1.26803172719464,9.24992885565494e-06,0.915780896628187,0.0690682863722309,0.53986586500612,0.546713385501946,0.930505494809747,0.0232742665821272,0.0335334893654158,0.341976753453733,0.447471592935853,0.816045509144754,0.788112381331898,0.643370301120445,0.337894323095944,0.246808635398917,0.0324653873195933,0.110537697483449,0.214539657158788,0.000453246513927092,1,1,1,1,1,1,1,1,1,1,1,1,1,1,1,1,1,TRUE,FALSE,FALSE,FALSE,FALSE,FALSE,FALSE,FALSE,FALSE,FALSE,FALSE,FALSE,FALSE,FALSE,FALSE,FALSE,FALSE,FALSE,FALSE,TRUE,FALSE,TRUE,TRUE,TRUE,TRUE,TRUE,TRUE,TRUE,TRUE,TRUE,TRUE,TRUE,TRUE,FALSE,FALSE,TRUE
"45","95c08da59378a0eb674c2b7dab943428",-7.02354349814694,0.0257883606757841,0.545407189432282,0.0228251095213722,0.587852295589792,-0.152192748581389,0.0874664602977724,-0.119512635467896,0.11960817631983,-7.42004298255705,-0.0544492997238113,0.234330625714079,0.0277526692553916,-0.170005868918346,-0.0374667169765007,0.189889192546489,-0.405044663744398,0.0756239285046833,4.87906946267348,0.380413153151461,0.917876739887647,0.0228590992304162,2.22734523935595,0.192020074616756,0.222370075986962,0.148122194526427,0.126008856810934,16.4186372327741,0.10194199811455,0.579951191121336,0.137272777217851,0.262271182804374,0.141358713446861,0.0702023516571923,0.23645664087086,0.268353588252325,-1.43952521108367,0.0677904022564554,0.594205262788382,0.998513077497001,0.263925091271335,-0.79258769628719,0.393337367492291,-0.806851639283359,0.949204519006888,-0.451928066706141,-0.534120389347554,0.404052322508384,0.202171689229746,-0.648206436942604,-0.265047099417647,2.70488364084645,-1.71297647743212,0.281807033016366,0.161933987738587,0.946471128210518,0.557510324945967,0.327233511691524,0.793918324933686,0.435191000550084,0.697277238673665,0.427071476739406,0.351256834825145,0.655068544874537,0.597796013482668,0.689478612365055,0.841356115642846,0.522535350738643,0.793063242391688,0.0118941765719398,0.0986190468705914,0.780322404232635,1,1,1,1,1,1,1,1,1,1,1,1,1,1,1,0.630391358312808,1,1,FALSE,FALSE,FALSE,FALSE,FALSE,FALSE,FALSE,FALSE,FALSE,FALSE,FALSE,FALSE,FALSE,FALSE,FALSE,FALSE,FALSE,FALSE,TRUE,FALSE,TRUE,TRUE,TRUE,TRUE,TRUE,TRUE,TRUE,TRUE,TRUE,TRUE,TRUE,TRUE,TRUE,TRUE,TRUE,TRUE
"46","6a49b0df18b1abfe220ecc00d5cbf296",-3.8504074906443,0.15582003315228,0.572725835957558,0.00198753834857344,0.783298175777159,-0.268067209512855,0.112869205689106,-0.0794147826441056,0.0693700747737971,-2.12648337821631,-0.0733275222784719,0.00635233712523666,-0.182418056699075,-0.271986091548541,-0.0525823019661033,0.138243368499529,-0.350142623152138,0.358068882663474,5.12096095021384,0.361768046772114,0.769595749709159,0.0216742091935008,2.41179091966259,0.200929907608395,0.240540082072434,0.161727391182961,0.138284292015508,18.0973236706411,0.111670931500086,0.565053342707682,0.124280698108274,0.224937517488836,0.152529827895438,0.069250281498792,0.230444609549408,0.20282631111099,-0.751891593800089,0.430718065187317,0.744190487244763,0.0917006166559204,0.324778640383447,-1.33413294568029,0.469232423622096,-0.491041017005363,0.501648262161387,-0.117502643866952,-0.656639299891714,0.0112420131784317,-1.46779073078711,-1.20916285813477,-0.344734552524043,1.9962860151253,-1.51942205910903,1.76539661300418,0.459137089227928,0.670364205121937,0.463699307398719,0.92766675463581,0.748050766343505,0.194186775425219,0.642970077299873,0.627680471079284,0.620304216533909,0.90740069488672,0.517412210798827,0.991119593441079,0.1546307084827,0.237911854594981,0.733177287151124,0.0569034751922703,0.141203256550208,0.0897104632275965,1,1,1,1,1,1,1,1,1,1,1,1,1,1,1,1,1,1,FALSE,FALSE,FALSE,FALSE,FALSE,FALSE,FALSE,FALSE,FALSE,FALSE,FALSE,FALSE,FALSE,FALSE,FALSE,FALSE,FALSE,FALSE,TRUE,TRUE,TRUE,TRUE,FALSE,TRUE,TRUE,TRUE,TRUE,TRUE,TRUE,TRUE,FALSE,TRUE,TRUE,FALSE,TRUE,TRUE
"47","5c4a1032c65d0d99d6d6bee379b63a2c",32.0871596378516,1.80707521391034,-0.878775674855889,0.0172640475022091,-3.51488140095307,-2.3289355144767,-0.224351368198822,0.169238821054079,0.155927612808593,-22.4519104238269,-0.216630464695487,0.610036903620206,0.300851672683504,-2.00463812377047,0.731140476289668,0.0492294142697705,-0.353950289342072,0.454817177541814,8.27600548959533,0.413066053286524,1.21047397101697,0.0242365554804436,4.53770663480981,0.224947241334779,0.439812465697664,0.325511952768242,0.287356749681509,39.1418038057786,0.23151204992258,0.954789177445998,0.124016341186847,0.327440127292565,0.137204667646353,0.0741489780308089,0.349390059850029,0.170380276012642,3.8771312655836,4.37478509679627,-0.725976514899857,0.712314401117742,-0.774594235332358,-10.3532521699639,-0.510106888041336,0.519915842152113,0.54262728466067,-0.573604388168546,-0.935720040351812,0.638923144533348,2.42590347210963,-6.12215167501247,5.3288309270512,0.663925728677146,-1.01305197261193,2.66942388042655,0.0178847825695004,0.0119233858224661,0.508054263480146,0.515614967964335,0.481818702105841,0.000491252380487665,0.636835274001449,0.630569496819528,0.616205669382755,0.596944936439151,0.402391997808009,0.557624649479864,0.0723001916281039,0.00360563656483565,0.00596995600705656,0.543051033643319,0.368333931597613,0.0558394649919107,0.482889129376511,0.643862834413169,1,1,1,0.0265276285463339,1,1,1,1,1,1,1,0.201915647630796,0.310437712366941,1,1,1,FALSE,FALSE,FALSE,FALSE,FALSE,TRUE,FALSE,FALSE,FALSE,FALSE,FALSE,FALSE,FALSE,FALSE,FALSE,FALSE,FALSE,FALSE,TRUE,TRUE,TRUE,TRUE,FALSE,TRUE,TRUE,TRUE,TRUE,TRUE,TRUE,TRUE,TRUE,TRUE,TRUE,TRUE,TRUE,TRUE
"48","c4228a5878f56464e576996e95eefc5e",16.3127810931357,-0.76921613048993,-1.32024690198616,-0.00632418347768007,-0.884461273628352,0.570964852598034,-0.0960462059484137,0.0385542117558209,0.00213471672378224,1.93932386961297,-0.158502899636882,-0.0929831098336944,-0.190324916503205,0.0229217503389193,-0.0938936933462212,0.0556412082578285,0.0287570013690598,-0.0966323168720367,7.17053128013087,0.375197506493486,1.0216707835469,0.0228146590603955,3.76295830324882,0.20492593041703,0.367199068978446,0.267878467412833,0.235878396873966,31.890955351203,0.190149075845761,0.811634637152003,0.12317251331009,0.276287890753125,0.122649903166682,0.0655006985273646,0.297040546638909,0.185404430234796,2.27497523626142,-2.05016322650663,-1.29224298399011,-0.277198246133705,-0.235044133458703,2.78620109927574,-0.261564404876123,0.143924265836583,0.00905007305490064,0.0608110935610403,-0.833571759062619,-0.114562767010497,-1.54518984299733,0.0829632825254758,-0.765542335721367,0.849475036278933,0.096811703635927,-0.521197453316848,0.0404939425357682,0.0610786867664956,0.218771868874529,0.78598674607791,0.817836281258736,0.0154318892990409,0.797755630565313,0.887767422618532,0.992916594176686,0.95243460816884,0.419575038475921,0.910542218855816,0.146288867638412,0.935144594928879,0.457623097218,0.41098824152504,0.924352540805554,0.610993242336819,0.971854620858436,1,1,1,1,0.756162575653004,1,1,1,1,1,1,1,1,1,1,1,1,FALSE,FALSE,FALSE,FALSE,FALSE,FALSE,FALSE,FALSE,FALSE,FALSE,FALSE,FALSE,FALSE,FALSE,FALSE,FALSE,FALSE,FALSE,TRUE,TRUE,TRUE,TRUE,TRUE,TRUE,TRUE,TRUE,TRUE,TRUE,TRUE,TRUE,TRUE,TRUE,TRUE,TRUE,TRUE,TRUE
"49","f55e6f0203460ecfb665c9dbc579b714",-29.6239146913871,-0.818012847526946,-0.565985885331532,-0.0381407090751846,1.69202598005105,0.0911609461917906,0.258147400106572,-0.153070310542331,0.0353293458136121,5.06990381582634,0.0872730758150029,-0.0613377381050525,-0.549021513327458,0.129958477476246,-0.0288821286501952,0.114063349651069,-0.437447919618845,0.359800002301356,6.29628503924148,0.400913406282915,0.935119251593427,0.0258458182301283,3.1679902652884,0.217035170491409,0.313621953484554,0.222989156814046,0.194803650468935,26.0813659567829,0.156935046693053,0.723107215417834,0.133125429055429,0.267783483129582,0.134827070528866,0.0659120683566247,0.280350751077995,0.246935881224112,-4.70498309824867,-2.04037289526231,-0.605255302323315,-1.47570135855572,0.534100751063076,0.42002844969958,0.823116485432152,-0.686447326539644,0.181358746248167,0.194387971252243,0.55610953483003,-0.0848252331013039,-4.12409197268286,0.485311774861628,-0.21421609575068,1.73053816235771,-1.5603593638925,1.45705840932372,0.000154178620733207,0.0554589290560925,0.552170838838502,0.156404696109886,0.59946604363048,0.67917639238518,0.420653393535484,0.500723390153081,0.858006706280048,0.847935456863439,0.584626349630199,0.933287768989398,0.000577112591767338,0.633004009078089,0.832660757529652,0.0997436481094387,0.135176952247204,0.161429592596637,0.00647550207079469,1,1,1,1,1,1,1,1,1,1,1,0.0323183051389709,1,1,1,1,1,TRUE,FALSE,FALSE,FALSE,FALSE,FALSE,FALSE,FALSE,FALSE,FALSE,FALSE,FALSE,TRUE,FALSE,FALSE,FALSE,FALSE,FALSE,FALSE,TRUE,TRUE,TRUE,TRUE,TRUE,TRUE,TRUE,TRUE,TRUE,TRUE,TRUE,FALSE,TRUE,TRUE,TRUE,TRUE,TRUE
"50","b73c9d186b67a61bce0ba79c990aef39",-10.2547181408088,-0.375275501212338,0.0074493623355159,-0.00406072319139822,-0.42166553921244,-1.39270958513541,0.1322394419907,0.0143522569615124,0.0531978778777172,-1.70881256316244,0.00345206681681232,0.424722973772135,0.200942919349894,-0.0690259419078237,0.31126122422669,-0.0572911192945668,-0.351074073979508,-1.19470682444999,7.83095557112494,0.429908273748306,1.14351235212497,0.0274947395332933,4.25336926400031,0.236213618706639,0.41638539805901,0.302697885623386,0.266596281940642,36.2343651124229,0.214968219940585,0.905243210408094,0.126383202096777,0.306565478932412,0.139067400181646,0.0787674201485204,0.341778849099777,0.193109707223908,-1.30951044833162,-0.872919932292457,0.00651445725240563,-0.147690913255647,-0.09913682848591,-5.89597497706118,0.3175890475678,0.0474144605666962,0.199544710415585,-0.0471599973632923,0.0160584984039335,0.469181065252801,1.58994958203403,-0.225158886604586,2.23820409254885,-0.727345381968092,-1.02719660653143,-6.18667410160147,0.226716480801333,0.408142697229453,0.994961771606726,0.886241204048654,0.92346877445223,0.000363390624226433,0.758927633111317,0.963345199286741,0.846815314075463,0.963541753283585,0.987580989254712,0.65146116621732,0.150509886361561,0.827500698863966,0.0555809751896828,0.487751208757104,0.334381192005636,0.000263225434561069,1,1,1,1,1,0.0199864843324538,1,1,1,1,1,1,1,1,1,1,1,0.0147406243354199,FALSE,FALSE,FALSE,FALSE,FALSE,TRUE,FALSE,FALSE,FALSE,FALSE,FALSE,FALSE,FALSE,FALSE,FALSE,FALSE,FALSE,TRUE,TRUE,TRUE,TRUE,TRUE,TRUE,FALSE,TRUE,TRUE,TRUE,TRUE,TRUE,TRUE,TRUE,TRUE,TRUE,TRUE,TRUE,FALSE
"51","6960eba3db7d4d863d042ab497d7481a",-12.8534536523656,0.285097523576752,0.837169719147661,-0.0309617098411755,-0.899011847260705,0.12133189489961,0.470923122514757,-0.174853801940521,0.0758428074969785,-10.8567758927888,0.0370068918778808,-0.892402043147552,0.155212061541446,-0.150648667664835,0.889622970961009,0.0960012049489144,0.475323994589666,-0.176978822798157,8.16011555819427,0.386424232455177,1.16769881431357,0.023883206522306,4.45973888485485,0.222506657092376,0.431335622042575,0.31848405335135,0.28200848924952,38.3851878473558,0.227397342120857,0.932620303551849,0.118318925107467,0.31284299307562,0.116877333967087,0.0647206303314923,0.337870669481768,0.168360870547105,-1.57515583703448,0.73778376103735,0.716939769815378,-1.29637994011644,-0.201583964997082,0.545295572209498,1.09177888041038,-0.54901901712367,0.268938029840205,-0.282837638725705,0.162741092453985,-0.956876061725092,1.31181094994288,-0.481547200989797,7.61159534329838,1.48331690308339,1.40682230664984,-1.05118738233562,0.17603880470639,0.49379348569916,0.505496560587018,0.251450448405052,0.848186574448991,0.608983739469347,0.324722915366757,0.606609397962033,0.798721839392894,0.788636774811737,0.877095114931727,0.382574758790109,0.246582808021424,0.650464212949262,0.000621995255455871,0.198101608411629,0.218491432978516,0.341299902867887,1,1,1,1,1,1,1,1,1,1,1,1,1,1,0.0342097390500729,1,1,1,FALSE,FALSE,FALSE,FALSE,FALSE,FALSE,FALSE,FALSE,FALSE,FALSE,FALSE,FALSE,FALSE,FALSE,TRUE,FALSE,FALSE,FALSE,TRUE,TRUE,TRUE,TRUE,TRUE,TRUE,TRUE,TRUE,TRUE,TRUE,TRUE,TRUE,TRUE,TRUE,FALSE,TRUE,TRUE,TRUE
"52","6545176af2fa076f03140433793c0d00",10.0892942648061,0.500616426561994,-0.485634754604763,-0.0137121011285196,1.87524746782316,-0.738492258919926,-0.217037527667658,0.00924047974038193,0.0659557552390852,-2.32339927755567,-0.180843347107471,0.898263198710014,-0.0586176776455495,-0.131346058605431,0.172155180339951,0.235529201640603,-0.0753810111105202,0.547718960811208,4.30238053846263,0.459191098323247,0.8626965965387,0.0286086707091648,2.28724676984931,0.252030657503836,0.200263100790646,0.126729439915865,0.0987855683969451,12.3546451475249,0.0858564811218191,0.525407044356108,0.157042610656796,0.305860499139232,0.179842075318233,0.123488840045668,0.237197119691946,0.337350321989963,2.34504925229401,1.09021370054867,-0.562926475603613,-0.479298785599532,0.819871074928533,-2.93016836219096,-1.083761945215,0.0729150207443246,0.667665898059709,-0.188058762498827,-2.10634473652464,1.70965198955573,-0.373259699392376,-0.429431256978498,0.957257527390737,1.9072913921088,-0.317799015470422,1.62359104203702,0.0263421736808876,0.284912761646752,0.577965077199869,0.635448458678209,0.41921438543299,0.00667172632365266,0.287714730092337,0.942392124984817,0.50981297509907,0.852186879646572,0.0442650409624288,0.0983921371542197,0.711766258013387,0.670895916231833,0.346630204481335,0.0667893810164635,0.752995417824968,0.115669531991954,0.65855434202219,1,1,1,1,0.346929768829938,1,1,1,1,1,1,1,1,1,1,1,1,FALSE,FALSE,FALSE,FALSE,FALSE,FALSE,FALSE,FALSE,FALSE,FALSE,FALSE,FALSE,FALSE,FALSE,FALSE,FALSE,FALSE,FALSE,TRUE,TRUE,TRUE,TRUE,FALSE,FALSE,TRUE,TRUE,FALSE,FALSE,TRUE,TRUE,TRUE,TRUE,TRUE,FALSE,TRUE,TRUE
"53","ebc68f0a3a40711c1b0df994d93a6cac",-16.4301950529862,1.95644442317314,NA,0.0273551912827135,-1.15450160256572,2.73533384489782,0.179068152886247,NA,NA,NA,NA,NA,NA,NA,NA,NA,NA,NA,9.85555723264841,0.421622238046159,NA,0.0249896493579882,5.63917702199564,0.249658913604612,0.539872289265355,NA,NA,NA,NA,NA,NA,NA,NA,NA,NA,NA,-1.66709955258116,4.64027806559612,NA,1.09466086901972,-0.204728739328909,10.9562835366247,0.331686134752199,NA,NA,NA,NA,NA,NA,NA,NA,NA,NA,NA,1,1,1,1,1,1,1,1,1,1,1,1,1,1,1,1,1,1,1,1,1,1,1,1,1,1,1,1,1,1,1,1,1,1,1,1,FALSE,FALSE,FALSE,FALSE,FALSE,FALSE,FALSE,FALSE,FALSE,FALSE,FALSE,FALSE,FALSE,FALSE,FALSE,FALSE,FALSE,FALSE,TRUE,FALSE,TRUE,TRUE,TRUE,FALSE,TRUE,TRUE,TRUE,FALSE,TRUE,TRUE,TRUE,TRUE,TRUE,TRUE,TRUE,TRUE
"54","719ab97ff4cf3c7b809b054134f4dc70",-31.5319153189076,0.243361718428689,0.814816881085288,-0.0409309561239522,2.0206599497248,-0.283861211236397,0.365829515079514,-0.156606852663955,0.0111753158818835,2.80840768475213,0.0747382134383571,-0.220057348311515,0.0130085714834596,0.0085025466212948,-0.0422362902277056,0.191251262428673,-0.0975597871170814,0.284758230573573,4.36349178644427,0.500808164570079,0.748839696944997,0.0265204475993292,2.06535610530284,0.288596301357754,0.248413977997869,0.131873608571819,0.106733640420155,12.7882141075927,0.0837246490544243,0.587847290372442,0.157994188879707,0.250401653909709,0.204438190570581,0.0867663047839368,0.252432978685905,0.273821277519499,-7.22630335110644,0.48593800110588,1.08810588489026,-1.54337350343165,0.978359104532489,-0.983592686049407,1.47266074972098,-1.18755264499088,0.104702845681007,0.21960906043047,0.892666786692343,-0.374344412087182,0.0823357591548128,0.0339556328344408,-0.206596869742514,2.2042112189164,-0.386477977738686,1.03994194006087,7.25337802586133e-08,0.630792472450185,0.285826028977126,0.133968079656112,0.33627474509984,0.333739198804446,0.151995406072817,0.244986652815161,0.917358039057827,0.827768796672038,0.379643742654591,0.71096820647572,0.934965499926192,0.973153439341901,0.837819708657856,0.0358969050776462,0.702064169288845,0.307264025269169,3.8442903537065e-06,1,1,1,1,1,1,1,1,1,1,1,1,1,1,1,1,1,TRUE,FALSE,FALSE,FALSE,FALSE,FALSE,FALSE,FALSE,FALSE,FALSE,FALSE,FALSE,FALSE,FALSE,FALSE,FALSE,FALSE,FALSE,FALSE,TRUE,TRUE,TRUE,FALSE,TRUE,TRUE,FALSE,TRUE,TRUE,TRUE,TRUE,TRUE,TRUE,TRUE,FALSE,TRUE,TRUE
"55","3fae853851bfe19cdb50e15749f373b6",-17.2597211575564,0.241237431065143,0.223058487169213,-0.0257594739957312,2.20302404610243,0.0293413875262304,0.188380579415063,-0.0994023626227792,0.0245035859006737,2.72342867701361,-0.0263526161321632,-0.124108319936536,-0.064074310959067,-0.145957488152989,-0.073333162337683,0.205360737384789,-0.170536365176868,0.113777220634105,3.26063517777491,0.426716835620719,0.696574947955533,0.0228640588277022,1.25068103835348,0.195243957211718,0.174420878220864,0.0789990186506298,0.0469785721802874,4.93554339592699,0.040138891356288,0.412087010663109,0.125934497917703,0.207183390246239,0.166121710522633,0.066895420424107,0.199421714627694,0.227729015011334,-5.29336163554937,0.56533375514521,0.320221805024565,-1.12663609684737,1.76145953967824,0.150280643484465,1.08003457691872,-1.25827338517181,0.521590690467081,0.551799155339428,-0.656535724872105,-0.301170181842973,-0.508790776304513,-0.704484505150328,-0.441442374431196,3.06987737101932,-0.855154442409882,0.499616707288891,1.01734384850906e-05,0.576050736657223,0.751019946742579,0.268827942589925,0.088350682541969,0.881549071970986,0.288733486764334,0.217998059618579,0.605785081174466,0.585173340993263,0.516484345942326,0.765362350315964,0.614620592683484,0.486564430888697,0.66205825306573,0.00451757213385453,0.399243878059148,0.620989709715723,0.000488325047284348,1,1,1,1,1,1,1,1,1,1,1,1,1,1,0.252984039495853,1,1,TRUE,FALSE,FALSE,FALSE,FALSE,FALSE,FALSE,FALSE,FALSE,FALSE,FALSE,FALSE,FALSE,FALSE,FALSE,FALSE,FALSE,FALSE,FALSE,TRUE,TRUE,TRUE,FALSE,TRUE,TRUE,TRUE,TRUE,TRUE,TRUE,TRUE,TRUE,TRUE,TRUE,FALSE,TRUE,TRUE
"56","a99fb503372ef5103fa41e0c743bbad2",-5.07346628206116,0.23365075261542,0.0976865860110793,-0.0185601271712162,0.712412855783028,-0.0622438783087074,-0.0246914824716681,0.0430340668881305,0.0156394082744955,2.99822383016721,-0.0682849056238889,-0.083031901706206,0.0323441134983564,-0.0549112871702398,0.0962726602826053,0.0514889022176108,-0.124515395371484,-0.107951945469479,5.76137995548813,0.42923598647553,0.873933767529769,0.0245783521227879,2.90818687996942,0.236467359040896,0.285062014382036,0.198173035606022,0.171094365962295,22.4782581942111,0.137729138142661,0.642933844775699,0.127810883995271,0.251690827388195,0.14742793331386,0.098078782355618,0.262864975644183,0.256820688062769,-0.880599148339161,0.544341015146316,0.111778019846054,-0.755141234794504,0.244968045447795,-0.263223975440697,-0.086617933031852,0.217153997548307,0.0914080845768,0.133383281047076,-0.49579127949787,-0.129145327129533,0.253062278323285,-0.218169600140205,0.653015057042478,0.524974933221747,-0.473685758501464,-0.420339756441642,0.388053772896145,0.591681909895686,0.912012999964121,0.458172964975094,0.808751695897414,0.794827540769853,0.931758743112248,0.830089585881497,0.927995545648213,0.895102850973763,0.624958283099736,0.898416087461264,0.802569768375795,0.829307982185299,0.52051308920606,0.604851326682679,0.640390944401918,0.678314508966314,1,1,1,1,1,1,1,1,1,1,1,1,1,1,1,1,1,1,FALSE,FALSE,FALSE,FALSE,FALSE,FALSE,FALSE,FALSE,FALSE,FALSE,FALSE,FALSE,FALSE,FALSE,FALSE,FALSE,FALSE,FALSE,TRUE,TRUE,FALSE,TRUE,TRUE,FALSE,TRUE,TRUE,TRUE,TRUE,TRUE,TRUE,TRUE,TRUE,TRUE,TRUE,TRUE,FALSE
