"","taxon","lfc_(Intercept)","lfc_UC_case_control","lfc_A_SMK_CIG_CUR_FREQ","lfc_F1_SDC_AGE_CALC","lfc_A_HS_DENTAL_VISIT_LAST","lfc_PM_BIOIMPED_BMI","lfc_PM_BIOIMPED_WEIGHT","lfc_PM_WAIST_AVG","lfc_PM_WAIST_HIP_RATIO","lfc_PM_STANDING_HEIGHT_AVG","lfc_A_SLE_LIGHT_EXP","lfc_NUT_VEG_DAY_QTY","lfc_NUT_JUICE_DAY_QTY","lfc_REFINED_GRAIN_SERVINGS_DAY_QTY","lfc_PM_BIOIMPED_FFM","lfc_SALT_SEASONING","lfc_NUTS_SEEDS_SERVINGS_PER_DAY","se_(Intercept)","se_UC_case_control","se_A_SMK_CIG_CUR_FREQ","se_F1_SDC_AGE_CALC","se_A_HS_DENTAL_VISIT_LAST","se_PM_BIOIMPED_BMI","se_PM_BIOIMPED_WEIGHT","se_PM_WAIST_AVG","se_PM_WAIST_HIP_RATIO","se_PM_STANDING_HEIGHT_AVG","se_A_SLE_LIGHT_EXP","se_NUT_VEG_DAY_QTY","se_NUT_JUICE_DAY_QTY","se_REFINED_GRAIN_SERVINGS_DAY_QTY","se_PM_BIOIMPED_FFM","se_SALT_SEASONING","se_NUTS_SEEDS_SERVINGS_PER_DAY","W_(Intercept)","W_UC_case_control","W_A_SMK_CIG_CUR_FREQ","W_F1_SDC_AGE_CALC","W_A_HS_DENTAL_VISIT_LAST","W_PM_BIOIMPED_BMI","W_PM_BIOIMPED_WEIGHT","W_PM_WAIST_AVG","W_PM_WAIST_HIP_RATIO","W_PM_STANDING_HEIGHT_AVG","W_A_SLE_LIGHT_EXP","W_NUT_VEG_DAY_QTY","W_NUT_JUICE_DAY_QTY","W_REFINED_GRAIN_SERVINGS_DAY_QTY","W_PM_BIOIMPED_FFM","W_SALT_SEASONING","W_NUTS_SEEDS_SERVINGS_PER_DAY","p_(Intercept)","p_UC_case_control","p_A_SMK_CIG_CUR_FREQ","p_F1_SDC_AGE_CALC","p_A_HS_DENTAL_VISIT_LAST","p_PM_BIOIMPED_BMI","p_PM_BIOIMPED_WEIGHT","p_PM_WAIST_AVG","p_PM_WAIST_HIP_RATIO","p_PM_STANDING_HEIGHT_AVG","p_A_SLE_LIGHT_EXP","p_NUT_VEG_DAY_QTY","p_NUT_JUICE_DAY_QTY","p_REFINED_GRAIN_SERVINGS_DAY_QTY","p_PM_BIOIMPED_FFM","p_SALT_SEASONING","p_NUTS_SEEDS_SERVINGS_PER_DAY","q_(Intercept)","q_UC_case_control","q_A_SMK_CIG_CUR_FREQ","q_F1_SDC_AGE_CALC","q_A_HS_DENTAL_VISIT_LAST","q_PM_BIOIMPED_BMI","q_PM_BIOIMPED_WEIGHT","q_PM_WAIST_AVG","q_PM_WAIST_HIP_RATIO","q_PM_STANDING_HEIGHT_AVG","q_A_SLE_LIGHT_EXP","q_NUT_VEG_DAY_QTY","q_NUT_JUICE_DAY_QTY","q_REFINED_GRAIN_SERVINGS_DAY_QTY","q_PM_BIOIMPED_FFM","q_SALT_SEASONING","q_NUTS_SEEDS_SERVINGS_PER_DAY","diff_(Intercept)","diff_UC_case_control","diff_A_SMK_CIG_CUR_FREQ","diff_F1_SDC_AGE_CALC","diff_A_HS_DENTAL_VISIT_LAST","diff_PM_BIOIMPED_BMI","diff_PM_BIOIMPED_WEIGHT","diff_PM_WAIST_AVG","diff_PM_WAIST_HIP_RATIO","diff_PM_STANDING_HEIGHT_AVG","diff_A_SLE_LIGHT_EXP","diff_NUT_VEG_DAY_QTY","diff_NUT_JUICE_DAY_QTY","diff_REFINED_GRAIN_SERVINGS_DAY_QTY","diff_PM_BIOIMPED_FFM","diff_SALT_SEASONING","diff_NUTS_SEEDS_SERVINGS_PER_DAY","passed_ss_(Intercept)","passed_ss_UC_case_control","passed_ss_A_SMK_CIG_CUR_FREQ","passed_ss_F1_SDC_AGE_CALC","passed_ss_A_HS_DENTAL_VISIT_LAST","passed_ss_PM_BIOIMPED_BMI","passed_ss_PM_BIOIMPED_WEIGHT","passed_ss_PM_WAIST_AVG","passed_ss_PM_WAIST_HIP_RATIO","passed_ss_PM_STANDING_HEIGHT_AVG","passed_ss_A_SLE_LIGHT_EXP","passed_ss_NUT_VEG_DAY_QTY","passed_ss_NUT_JUICE_DAY_QTY","passed_ss_REFINED_GRAIN_SERVINGS_DAY_QTY","passed_ss_PM_BIOIMPED_FFM","passed_ss_SALT_SEASONING","passed_ss_NUTS_SEEDS_SERVINGS_PER_DAY"
"1","7e464b9b7f9ca86103a675a09263efec",-34.8685286812207,0.0428902112572882,0.288723845038958,-0.040281589838853,-0.273906591624387,0.65217069430983,-0.0237230984567408,-0.0502062637209422,8.60347729796212,0.194121581805628,0.173161054153568,-0.0136281229269719,-0.051111081842256,-0.285612708383699,-0.0114410219710098,-0.00908000995855446,0.0478891725435832,0.693557224446427,0.265878207500774,0.582685580001245,0.0187535864870983,0.267452831450391,0.0530683550273026,0.151158491007863,0.17602142576413,16.2389466227057,0.042228162797429,0.339470960195056,0.0998824195397085,0.144783869707157,0.25351454040942,0.112048106427747,0.135333884439009,0.152279656179063,-50.2749123679758,0.161315256562211,0.49550538909568,-2.14794060147188,-1.02413046120692,12.2892577690471,-0.156941884630925,-0.28522813914835,0.529805134400315,4.59696962751708,0.510090919276488,-0.136441657999224,-0.353016409532597,-1.12661272967792,-0.102108124231331,-0.0670933964261295,0.314481748548678,1.96825323065684e-27,0.87309208646883,0.624405691396421,0.0412109271771766,0.31520843759519,2.46782381922342e-12,0.876503025516803,0.777729219982796,0.600742493231576,9.73985991011381e-05,0.614291005433575,0.892523145055123,0.726922201463225,0.270197448024483,0.919454283566531,0.947020638729314,0.75566493295984,8.85713953795577e-26,1,1,1,1,1.28326838599618e-10,1,1,1,0.00448033555865235,1,1,1,1,1,1,1,TRUE,FALSE,FALSE,FALSE,FALSE,TRUE,FALSE,FALSE,FALSE,TRUE,FALSE,FALSE,FALSE,FALSE,FALSE,FALSE,FALSE,FALSE,TRUE,TRUE,FALSE,TRUE,FALSE,TRUE,TRUE,TRUE,FALSE,TRUE,TRUE,TRUE,TRUE,TRUE,TRUE,TRUE
"2","41f01f3e3cbf6beb908ae1ebb553208e",-14.0629911090375,-2.98616458530072,NA,0.0913653294998231,1.35343966813828,0.698863982001564,0.0333129144922527,NA,NA,NA,NA,NA,NA,NA,NA,NA,NA,1.59465639524733,0.249481518540704,NA,0.00696939145210862,0.555990968738932,0.0265495459673137,0.336357306514871,NA,NA,NA,NA,NA,NA,NA,NA,NA,NA,-8.81882213055451,-11.9694821595112,NA,13.1095132376558,2.43428354818079,26.323010678298,0.0990402582224862,NA,NA,NA,NA,NA,NA,NA,NA,NA,NA,1,1,1,1,1,1,1,1,1,1,1,1,1,1,1,1,1,1,1,1,1,1,1,1,1,1,1,1,1,1,1,1,1,1,FALSE,FALSE,FALSE,FALSE,FALSE,FALSE,FALSE,FALSE,FALSE,FALSE,FALSE,FALSE,FALSE,FALSE,FALSE,FALSE,FALSE,TRUE,TRUE,TRUE,TRUE,TRUE,TRUE,TRUE,TRUE,TRUE,TRUE,TRUE,TRUE,TRUE,TRUE,TRUE,TRUE,TRUE
"3","bc6f21affc11d8c4a5d6454f728e4add",110.168550027614,-0.129300822104482,NA,-0.0397026351753535,-0.822108634009253,-1.36905580045594,0.630172813386568,0.0380662578903851,4.48667666850653,-0.680291220281296,2.32879739214782,-0.112378198629481,-0.978310466452396,NA,NA,NA,NA,1.48782365639201,0.24160709755273,NA,0.00683742717420692,0.520241442004722,0.0260352682636862,0.314136268970466,0.386437699360616,35.9435452701794,0.076145068622009,0.467818607801633,0.119555551888228,0.119070033399598,NA,NA,NA,NA,74.0467793708658,-0.535169800118405,NA,-5.80666296894908,-1.58024441659492,-52.5846627194346,2.00604920740882,0.0985055494155149,0.124825657424197,-8.93414678839312,4.97799222457455,-0.939966374247032,-8.21626095601398,NA,NA,NA,NA,1,1,1,1,1,1,1,1,1,1,1,1,1,1,1,1,1,1,1,1,1,1,1,1,1,1,1,1,1,1,1,1,1,1,FALSE,FALSE,FALSE,FALSE,FALSE,FALSE,FALSE,FALSE,FALSE,FALSE,FALSE,FALSE,FALSE,FALSE,FALSE,FALSE,FALSE,TRUE,TRUE,TRUE,TRUE,TRUE,TRUE,TRUE,FALSE,FALSE,TRUE,TRUE,TRUE,TRUE,TRUE,TRUE,TRUE,FALSE
"4","c2ba82ad21732bcd0ef11c61560cf91c",65.9643152480055,-0.419092252307183,1.13778596934819,0.0301645903551015,0.222487616629495,-1.05902386459486,0.586292700170738,-0.00466231362564319,0.463622043318599,-0.460926503601298,0.517292052471234,0.205052684912733,0.13445545450237,0.473636633375548,0.108450401342207,-0.382140336232489,0.301368015618372,0.817320938198316,0.378081555680394,0.741640871013805,0.0257574706321895,0.323998487628953,0.0902148908560258,0.181328197828835,0.209694154857703,19.3090197802085,0.0488388499438301,0.394709511748895,0.132419241619794,0.227818616547961,0.262760073662541,0.137956146021073,0.156304600033082,0.195333141788827,80.7079718199998,-1.10847050328331,1.53414680044921,1.17110064050328,0.686693380137903,-11.7389031294729,3.2333233727066,-0.0222338749919233,0.0240106462469837,-9.43770183227929,1.31056393898185,1.5485112465867,0.59018642347898,1.80254414901646,0.786122289366079,-2.44484382514404,1.54284118331634,1.00057406258764e-29,0.279115738000264,0.138635637297682,0.253548664006303,0.499141433326854,3.42406282467935e-11,0.00367378769868877,0.982453165630732,0.981051219676898,2.25208114233414e-09,0.202941933217723,0.135150390364083,0.560820126313158,0.0845805427025016,0.43982041534233,0.0225688493063283,0.136517404297247,4.70269809416189e-28,1,1,1,1,1.64355015584609e-09,0.18001559723575,1,1,1.23864462828378e-07,1,1,1,1,1,0.970460520172115,1,TRUE,FALSE,FALSE,FALSE,FALSE,TRUE,FALSE,FALSE,FALSE,TRUE,FALSE,FALSE,FALSE,FALSE,FALSE,FALSE,FALSE,TRUE,TRUE,TRUE,TRUE,TRUE,TRUE,FALSE,TRUE,TRUE,TRUE,TRUE,TRUE,TRUE,TRUE,TRUE,TRUE,TRUE
"5","250a576e3788b3f444938c7b08afb2e3",-29.3843130242225,0.01569924303683,-0.693416857615443,0.0461208394952495,0.132456121627765,0.513956271085988,-0.14302142214436,0.159851221051891,-12.463794664124,0.174417701318187,-0.0664612673812213,0.147531667744145,0.121755965604106,-0.0563728192716066,0.0756330993934407,-0.333369155668108,0.0136787636749916,0.322149548063008,0.424127351111592,1.34570423613156,0.024876633969605,0.21102166021956,0.108623243914456,0.0867483010868842,0.0822571702809024,6.86324471186091,0.0328317129648252,0.404104832027818,0.155469676381472,0.197571937463655,0.25735454495638,0.117636326850234,0.209338729548807,0.232299955588503,-91.2132678779216,0.037015398784549,-0.515281767715007,1.85398231736662,0.627689695408277,4.73154964411434,-1.64869421478485,1.94331047987683,-1.81602072888125,5.31247643109735,-0.164465411234296,0.948941756218433,0.616261434529403,-0.219047304103999,0.642939994970528,-1.59248676241911,0.0588840563500676,3.05775608018969e-41,0.97069574269674,0.609790952485903,0.0726982538935496,0.534526976136385,4.05992129320439e-05,0.108699728595748,0.0605487476173435,0.0784621318064417,7.33661558998296e-06,0.870368043458078,0.349548346789613,0.541950033174459,0.82796238602661,0.524705603120047,0.120810351746242,0.953399597805254,1.65118828330243e-39,1,1,1,1,0.00146157166555358,1,1,1,0.000352157548319182,1,1,1,1,1,1,1,TRUE,FALSE,FALSE,FALSE,FALSE,TRUE,FALSE,FALSE,FALSE,TRUE,FALSE,FALSE,FALSE,FALSE,FALSE,FALSE,FALSE,FALSE,TRUE,TRUE,TRUE,TRUE,FALSE,TRUE,FALSE,FALSE,FALSE,TRUE,TRUE,TRUE,TRUE,TRUE,TRUE,TRUE
"6","eedb6e6a512baecd8df273d5495ca5c0",85.0057853763573,0.807752279976844,NA,0.114248499633147,-0.670569230707832,-1.40130843618755,0.472958881481397,0.598435859029176,-53.4120415489271,-0.493816450908531,-1.59009383599423,-0.182482583395038,NA,NA,NA,NA,NA,1.50618126582941,0.242944942149769,NA,0.00685993377933725,0.526377872244717,0.0261229705248169,0.31795354683537,0.391302549087173,36.3981260077777,0.0769987038976254,0.472188306379448,0.120427366080631,NA,NA,NA,NA,NA,56.4379515964483,3.32483678330247,NA,16.6544610062088,-1.27393126889665,-53.6427675733241,1.48750937421147,1.52934311423527,-1.46743932743993,-6.41330861315654,-3.36749939486312,-1.51529165947927,NA,NA,NA,NA,NA,1,1,1,1,1,1,1,1,1,1,1,1,1,1,1,1,1,1,1,1,1,1,1,1,1,1,1,1,1,1,1,1,1,1,FALSE,FALSE,FALSE,FALSE,FALSE,FALSE,FALSE,FALSE,FALSE,FALSE,FALSE,FALSE,FALSE,FALSE,FALSE,FALSE,FALSE,TRUE,TRUE,TRUE,TRUE,TRUE,TRUE,TRUE,TRUE,TRUE,TRUE,TRUE,TRUE,TRUE,TRUE,TRUE,TRUE,TRUE
"7","ed32eeb458a2b9bdee12e2db96fcb98b",-7.51409205306133,-0.309412587969513,-0.025913708659681,0.0184550200414089,-0.105648449624819,0.398568832572562,-0.0203747135445205,0.0309602203029309,1.17001235409997,0.0381964291352196,0.194328938607754,0.25871205185521,-0.00655638300145562,0.210358247126608,-0.00527177823802491,-0.480903015786327,-0.248916981596648,0.74677272784167,0.409441037314703,0.69098813411239,0.0266171713155288,0.302565062944182,0.0993614928849379,0.167981311506455,0.191331810117473,17.5588009578242,0.047726543921917,0.376343313323223,0.124538135796415,0.18833458301355,0.307408613963119,0.138171419485623,0.175573180364399,0.196760663021388,-10.0620868611239,-0.755695105695263,-0.037502393138731,0.693350161917545,-0.349175970935908,4.01130076652643,-0.121291549409873,0.161814286311942,0.0666339550696153,0.800318355289058,0.516360811334129,2.07737212541973,-0.0348124221082855,0.684295226521679,-0.0381538979453957,-2.73904599089805,-1.26507492795748,2.8294634796386e-10,0.456893723522126,0.970382295614121,0.494481728948211,0.729881193428664,0.000481268602791368,0.904429758854266,0.872752791301899,0.947403148752838,0.431066356414049,0.610139990514083,0.0481930905208506,0.972505786994485,0.50008361779508,0.969868023781669,0.0111961515363682,0.217509737330657,6.50776600316878e-09,1,1,1,1,0.014438058083741,1,1,1,1,1,1,1,1,1,0.4926306676002,1,TRUE,FALSE,FALSE,FALSE,FALSE,TRUE,FALSE,FALSE,FALSE,FALSE,FALSE,FALSE,FALSE,FALSE,FALSE,FALSE,FALSE,FALSE,TRUE,TRUE,TRUE,FALSE,FALSE,TRUE,FALSE,TRUE,TRUE,TRUE,TRUE,TRUE,TRUE,TRUE,FALSE,TRUE
"8","645dd8b575c7e7c0952933bbe90b4bb9",-1416.36454866995,-2.58097250820841,-0.929100470506996,-0.268168944151833,-20.256518920848,28.6572975035145,-8.71366856311687,-4.20181375836708,340.913893233391,8.7159520590278,12.4211794534252,-7.83165292825074,-8.90881745150119,10.6761344881508,NA,NA,NA,1.45037594281753,0.23889851671071,0.742663858486482,0.00679173930952154,0.507733015145333,0.0258572462328699,0.306350916841992,0.376513896678734,35.0161861364687,0.0744054147716897,0.458936284422277,0.117787542705825,0.11789258189146,0.26135362716108,NA,NA,NA,-976.549946021919,-10.803635550964,-1.25103767995451,-39.4845755896254,-39.8960050195866,1108.28884272623,-28.4434225069127,-11.159783995841,9.73589447762091,117.141367812711,27.0651501636254,-66.4896537302786,-75.5672435751998,40.8493832824093,NA,NA,NA,1,1,1,1,1,1,1,1,1,1,1,1,1,1,1,1,1,1,1,1,1,1,1,1,1,1,1,1,1,1,1,1,1,1,FALSE,FALSE,FALSE,FALSE,FALSE,FALSE,FALSE,FALSE,FALSE,FALSE,FALSE,FALSE,FALSE,FALSE,FALSE,FALSE,FALSE,TRUE,TRUE,FALSE,TRUE,TRUE,TRUE,TRUE,TRUE,TRUE,TRUE,TRUE,TRUE,FALSE,TRUE,TRUE,TRUE,FALSE
"9","0f898170dbe4592000abdcde0dd2ba2e",-34.5231913551238,-0.350927434299339,-0.031063719866743,0.0303386637286978,0.128542011601003,0.640894725906572,-0.199164242385386,0.120338635740075,-3.84516653581104,0.183190027746425,-0.446543317071083,-0.00976050241930374,0.0935056545191685,0.264599598263151,0.119933081969524,-0.398825580736758,0.110881172537625,0.205529345365917,0.318876523001596,0.549488410750619,0.0220309029271542,0.159737345829019,0.0641117516316891,0.0628050921429093,0.050972664355635,3.9673429408534,0.0284625141864107,0.305489365068428,0.12595262566315,0.162963013382085,0.240864281086284,0.0889928007629507,0.130830523045056,0.179154331861047,-167.972078603471,-1.10051198186698,-0.0565320746697986,1.37709579262427,0.804708572900622,9.99652496765962,-3.17114800074171,2.36084649019866,-0.969204475926632,6.43618573351081,-1.46173113741966,-0.0774934414262027,0.573784520662575,1.09854228725747,1.34767173233472,-3.04841386745361,0.618914270092139,5.67429992413866e-50,0.279072282581093,0.955258854108139,0.177752930856602,0.426747677498054,1.6331228526387e-11,0.00327257444542035,0.0242931876292731,0.339493520776786,2.68773360634104e-07,0.153273026439547,0.938698970714965,0.570003951181819,0.279918356980837,0.186944015980726,0.00450764960872776,0.540222139050811,3.12086495827626e-48,1,1,1,1,8.32892654845735e-10,0.163628722271017,1,1,1.42449881136075e-05,1,1,1,1,1,0.229890130045116,1,TRUE,FALSE,FALSE,FALSE,FALSE,TRUE,FALSE,FALSE,FALSE,TRUE,FALSE,FALSE,FALSE,FALSE,FALSE,FALSE,FALSE,TRUE,TRUE,TRUE,TRUE,TRUE,TRUE,TRUE,FALSE,TRUE,FALSE,FALSE,TRUE,TRUE,TRUE,TRUE,FALSE,TRUE
"10","b5c3abd1c966bb0457d8dfe34c35b160",-35.9652334404272,-0.436734318613892,-0.533365486504567,0.0138331910404391,0.0571137442533202,0.808611959980205,-0.158922500849236,0.0478337538142242,-0.03980735664163,0.21204254178102,0.439770388157287,0.0980790154248139,0.172115918784889,0.166334394476679,-0.035410206110875,-0.22308649747955,-0.305327368922604,0.909986713913427,0.316999661846508,0.717388216198393,0.0161100067737063,0.34027837190163,0.0626314687584366,0.195417422100056,0.233523934264688,21.6169197538883,0.0513003086869328,0.374850489283556,0.125020570959591,0.189452499568207,0.257458114881044,0.135632372667142,0.131314633996693,0.176214806524041,-39.5228115867292,-1.3777122539183,-0.743482363469802,0.858670715335558,0.167844179852345,12.9106338396588,-0.813246327483867,0.204834480734668,-0.00184149069778869,4.13335800911138,1.17318877987277,0.784503019559195,0.908491147792555,0.646063902679984,-0.261074885107082,-1.69887003976394,-1.73269985051425,1.84756411373138e-20,0.183514230391834,0.465834742008928,0.400696665637826,0.868391496971474,3.693882778805e-11,0.425652900764466,0.839771697163563,0.998548948229868,0.000515036125144453,0.254503532369412,0.441938611026734,0.374436663987138,0.525582471127597,0.796704233305672,0.104847192618565,0.0985426217086052,6.65123080943296e-19,1,1,1,1,1.73612490603835e-09,1,1,1,0.0221465533812115,1,1,1,1,1,1,1,TRUE,FALSE,FALSE,FALSE,FALSE,TRUE,FALSE,FALSE,FALSE,TRUE,FALSE,FALSE,FALSE,FALSE,FALSE,FALSE,FALSE,FALSE,TRUE,TRUE,TRUE,TRUE,FALSE,TRUE,TRUE,TRUE,FALSE,TRUE,FALSE,TRUE,TRUE,TRUE,TRUE,TRUE
"11","ca39c1dfb5e738c293917a0ab7391c33",5.15053065316119,1.88303927874888,8.10817636798286,0.602317599154386,-3.59405683553257,-1.20920218214593,0.305935800378686,-0.399158318963686,42.4561816104862,-0.575861943099441,2.28336351884261,-1.54827137372428,-3.4396954734374,0.211508204722981,1.88057258601386,0.488147523507337,NA,1.41188314980164,0.236143826414384,0.729618754367295,0.00674509381995198,0.494889321320925,0.0256755097134132,0.298350556255307,0.366313163942545,34.0628583670066,0.0726196985637788,0.449852216432258,0.115985302947482,0.116693944305764,0.257371948986942,0.173590227382408,0.0628175115771227,NA,3.64798648803536,7.97412029499573,11.1128946719771,89.2971417792189,-7.26234469141415,-47.0955472994652,1.02542393156086,-1.08966414056114,1.24640689730282,-7.92983108562047,5.07580808860248,-13.3488582982392,-29.4762122739173,0.821799755394915,10.8334012482804,7.77088285179883,NA,1,1,1,1,1,1,1,1,1,1,1,1,1,1,1,1,1,1,1,1,1,1,1,1,1,1,1,1,1,1,1,1,1,1,FALSE,FALSE,FALSE,FALSE,FALSE,FALSE,FALSE,FALSE,FALSE,FALSE,FALSE,FALSE,FALSE,FALSE,FALSE,FALSE,FALSE,TRUE,TRUE,FALSE,TRUE,TRUE,TRUE,TRUE,TRUE,TRUE,TRUE,TRUE,TRUE,FALSE,TRUE,TRUE,TRUE,TRUE
"12","7d669e880492b330a9c9c649f65c2ba6",22.1595512630205,0.0360261138160516,NA,0.00654205423225788,0.306301758351199,-0.441212556484351,0.375663605191341,0.0309443388219598,-1.20369890002208,-0.147464330018881,0.427260047056495,0.17316122917624,-0.120842838603894,-0.45630688769294,-0.0729843725492899,-0.245046778976494,-0.600122348641472,1.12867225061211,0.234020330465466,NA,0.00991237626589849,0.405185507353863,0.0398495387882229,0.239792005450803,0.291408382606581,27.0451091607609,0.0597066560539412,0.389626612887114,0.105703612758649,0.128073341972387,0.235654327541264,0.146221708772437,0.0748058169143094,0.149089553122006,19.6332914634896,0.153944376304382,NA,0.659988488811153,0.755954378406962,-11.0719614304481,1.5666227257456,0.106188911057293,-0.0445070823292699,-2.46981391631874,1.09658845911607,1.63817701833536,-0.943544040803966,-1.93633994526597,-0.499134999597596,-3.2757717124752,-4.02524748431144,4.79670656716639e-11,0.880017733052983,1,0.520783599811295,0.463155446112171,5.453472883664e-08,0.141212713423989,0.917053597252885,0.965176600327267,0.0281445574250422,0.292719707499711,0.125349039388064,0.362608868183866,0.0748711518035546,0.626023999191946,0.00602201657196739,0.00144191919605786,1.15120957611993e-09,1,1,1,1,2.29045861113888e-06,1,1,1,0.788047607901182,1,1,1,1,1,0.301100828598369,0.0749797981950087,TRUE,FALSE,FALSE,FALSE,FALSE,TRUE,FALSE,FALSE,FALSE,FALSE,FALSE,FALSE,FALSE,FALSE,FALSE,FALSE,TRUE,FALSE,TRUE,FALSE,TRUE,FALSE,FALSE,TRUE,TRUE,TRUE,TRUE,TRUE,FALSE,TRUE,TRUE,TRUE,TRUE,FALSE
"13","b67b924653e2ba692fd3ea7c8f75c2ee",6.3148599805366,-4.42893545581329,5.69457609525048,0.100222943983281,NA,-0.113595720056175,0.0488847008981079,NA,NA,NA,NA,NA,NA,NA,NA,NA,NA,1.59465639524733,0.249481518540704,0.792264151388685,0.00696939145210862,NA,0.0265495459673137,0.336357306514871,NA,NA,NA,NA,NA,NA,NA,NA,NA,NA,3.96001295285757,-17.752559314692,7.1877240504559,14.3804440706166,NA,-4.27863136326428,0.145335629556026,NA,NA,NA,NA,NA,NA,NA,NA,NA,NA,1,1,1,1,1,1,1,1,1,1,1,1,1,1,1,1,1,1,1,1,1,1,1,1,1,1,1,1,1,1,1,1,1,1,FALSE,FALSE,FALSE,FALSE,FALSE,FALSE,FALSE,FALSE,FALSE,FALSE,FALSE,FALSE,FALSE,FALSE,FALSE,FALSE,FALSE,TRUE,TRUE,TRUE,TRUE,TRUE,TRUE,TRUE,TRUE,TRUE,TRUE,TRUE,TRUE,TRUE,TRUE,TRUE,FALSE,TRUE
"14","632a77028290d1ecbd9bfe2958610b8c",-11.7938878187282,0.346270193417481,0.599574942821236,-0.0357731086729046,-0.259871204124965,0.295436809286402,0.0984625177945534,-0.0105899357294366,3.50194565324704,0.0798382618705746,-0.0699858333377532,0.0654648360254875,-0.312215628147196,-0.120379782691078,-0.0825265099393733,-0.0423715763931119,0.107992746750371,0.205667980594916,0.300692746650736,0.541235104196903,0.0194913085788569,0.169212202191044,0.0669608682180371,0.0653672684492889,0.0544586492632798,3.96954256403938,0.0267138844690614,0.306221494383835,0.108955987099597,0.144902262037654,0.225346684947334,0.0902541170277582,0.128179617575868,0.15640388386677,-57.3443069971961,1.15157481274294,1.10779019722104,-1.83533642844839,-1.53577106591619,4.41208152087282,1.50629696070197,-0.194458288494077,0.882203829975686,2.98864292697825,-0.228546443085504,0.6008374369152,-2.15466359017959,-0.534198152145936,-0.914379450568352,-0.33056407246677,0.690473561656324,1.24504072843623e-34,0.257771055141617,0.275961741180991,0.0754824476022243,0.134127971885468,0.000103055991250262,0.14150440389918,0.847009248143672,0.384047785224724,0.00525826471757283,0.820631842035192,0.552053087530156,0.0385828023799156,0.596785192893083,0.367150587201288,0.743063463579604,0.494724570554093,6.34970771502476e-33,1,1,1,1,0.00350390370250891,1,1,1,0.174260878898127,1,1,1,1,1,1,1,TRUE,FALSE,FALSE,FALSE,FALSE,TRUE,FALSE,FALSE,FALSE,FALSE,FALSE,FALSE,FALSE,FALSE,FALSE,FALSE,FALSE,FALSE,TRUE,TRUE,FALSE,FALSE,FALSE,TRUE,TRUE,TRUE,TRUE,TRUE,TRUE,FALSE,TRUE,TRUE,TRUE,TRUE
"15","5b239eddc0c4c102c7f721bae475cf22",-20.1960032667498,0.235586837181949,0.998956776544279,-0.0142273662323357,0.0729803516068881,0.381948435948933,-0.0532109755465114,0.0712932218570387,-3.30214551860047,0.123320684907027,-0.0480987282830939,-0.0681982092993987,-0.249395524190292,-0.210363159448372,0.0702867663792857,-0.0481198859188453,0.449959286320281,0.570199836583139,0.420778644282736,0.670056640149136,0.0254182439767326,0.300935729787716,0.111923707010413,0.131140673474827,0.152524841685877,13.156681532555,0.0416591428005674,0.390005067319247,0.146186586818809,0.258501352353672,0.319195390019742,0.134107525567811,0.203550768923155,0.20253134456676,-35.4191670551366,0.559883065319376,1.49085423035572,-0.559730493001764,0.242511421486473,3.41257849789943,-0.405754935799726,0.467420395714071,-0.250986201226322,2.96023097492413,-0.123328470098368,-0.466514820432377,-0.964774543419322,-0.659041972490146,0.52410754789257,-0.236402378499546,2.22167727806677,2.01642742567055e-25,0.57985861777869,0.146797772703653,0.579961337378772,0.810090878826117,0.00191660998285939,0.687900968409549,0.643692486693747,0.803594647397039,0.00607135865343648,0.902697789200974,0.644332694597764,0.342634623783884,0.515068197489549,0.604186826013604,0.814782269955963,0.0342689033695064,8.4689951878163e-24,1,1,1,1,0.0555816895029222,1,1,1,0.188212118256531,1,1,1,1,1,1,1,TRUE,FALSE,FALSE,FALSE,FALSE,TRUE,FALSE,FALSE,FALSE,FALSE,FALSE,FALSE,FALSE,FALSE,FALSE,FALSE,FALSE,FALSE,TRUE,TRUE,TRUE,TRUE,FALSE,TRUE,FALSE,FALSE,TRUE,TRUE,FALSE,FALSE,TRUE,FALSE,TRUE,FALSE
"16","51c79d7c5c2260b32f6ad5b82272898e",-197.051640079961,-1.49130078599744,NA,-0.134503974471844,0.435249025705137,3.12317658890442,-1.42132916196305,0.270726144516068,-29.8799118831041,1.43358778976636,2.22346384092076,NA,NA,NA,NA,NA,NA,1.52430708932434,0.24427223722109,NA,0.00688222603424946,0.532439625243177,0.0262098410025878,0.321723084810865,0.396105977290586,36.8469492696187,0.0778420687738843,0.476512412866583,NA,NA,NA,NA,NA,NA,-129.272927653512,-6.10507687227538,NA,-19.5436729050287,0.81746174602679,119.160455364687,-4.41786501829243,0.683468970521143,-0.81091955983832,18.4166198605364,4.66611945645852,NA,NA,NA,NA,NA,NA,1,1,1,1,1,1,1,1,1,1,1,1,1,1,1,1,1,1,1,1,1,1,1,1,1,1,1,1,1,1,1,1,1,1,FALSE,FALSE,FALSE,FALSE,FALSE,FALSE,FALSE,FALSE,FALSE,FALSE,FALSE,FALSE,FALSE,FALSE,FALSE,FALSE,FALSE,TRUE,TRUE,TRUE,TRUE,TRUE,TRUE,TRUE,TRUE,TRUE,TRUE,TRUE,TRUE,TRUE,TRUE,TRUE,TRUE,TRUE
"17","20f887a0f58476d52027e0798805c1d2",-68.5604324141449,0.0657305095132739,1.29428450204682,0.0118981979339457,-0.00221704643411811,1.08609292094203,-0.11814177781072,-0.10750401948742,18.2349590865122,0.359970632591749,-1.08614111492218,-0.330982174166813,0.449591157471542,-0.556471180591605,-0.0829229006506558,-0.0506407143637773,0.113493792499402,1.17813047248458,0.274083180381189,0.717316244376731,0.0189246728525562,0.418808081520895,0.0539359857784882,0.251653981420249,0.304535466480119,28.2699772941164,0.0623476125089864,0.418797251999465,0.119981654574004,0.135443475461106,0.282208372675548,0.155904631060922,0.130609412126764,0.157992651201656,-58.1942611751283,0.239819566533989,1.8043429410572,0.628713533208504,-0.00529370499744643,20.1367028944748,-0.469461190893816,-0.353009850478083,0.645029138042757,5.77360733002992,-2.59347717717012,-2.7586065164876,3.31940062775962,-1.97184504242677,-0.531882215982746,-0.387726378514187,0.71834855378522,5.45041888192437e-14,0.81531441423679,0.101332644262243,0.543629493727107,0.99588037117153,2.00777897252374e-09,0.648808961604171,0.731408908675381,0.5334264233951,0.000179291439783921,0.0267896565435731,0.0201779930171638,0.00775529844545071,0.0769082914863227,0.606421053628604,0.70634350198756,0.488985904885845,1.52611728693882e-12,1,1,1,1,8.63344958185209e-08,1,1,1,0.00806811479027647,1,1,0.387764922272535,1,1,1,1,TRUE,FALSE,FALSE,FALSE,FALSE,TRUE,FALSE,FALSE,FALSE,TRUE,FALSE,FALSE,FALSE,FALSE,FALSE,FALSE,FALSE,FALSE,TRUE,TRUE,TRUE,TRUE,FALSE,TRUE,TRUE,FALSE,FALSE,TRUE,TRUE,TRUE,TRUE,TRUE,TRUE,TRUE
"18","3a4c1eb8dbc9f93fbbfbd8702754c0df",-33.1633035739911,-0.0601398875959699,2.5551514406171,-0.00638762168887064,0.333253495762136,0.867163515459945,-0.144470980657003,-0.005022845071461,-1.50963942767288,0.179023328466799,0.182074852026477,-0.206936286109571,0.0870655197922179,-0.236213967667784,0.127935786887079,-0.457756176951264,0.214707549607718,1.02792346146231,0.278029700396494,0.665873763131512,0.0123114449996524,0.382416143898389,0.0386918850709499,0.218792024174313,0.264850885669856,24.5454699719605,0.0554705959509143,0.3896171591869,0.113788497136978,0.134181441593364,0.262310892415272,0.136501056765537,0.094050796989083,0.150891416734217,-32.2624249930179,-0.216307421510023,3.83729106340004,-0.518836065876183,0.87144201697375,22.4120255156815,-0.660311915858059,-0.0189648037564885,-0.0615037898804715,3.22735541953102,0.467317333780814,-1.81860461572369,0.648864095946066,-0.900511471303398,0.937251255913933,-4.86711640523789,1.42292752135734,5.45566619264812e-16,0.83148184501608,0.00145376458313033,0.610976752536204,0.396400954561409,1.64232732601023e-13,0.518447759768104,0.985103669435816,0.951719732313304,0.00526598605641814,0.646573986619413,0.0877397036155583,0.525631010503765,0.381202755848035,0.362562397744638,0.00017126043300937,0.173962570582333,1.69125651972092e-14,1,0.075595758322777,1,1,9.03280029305628e-12,1,1,1,0.174260878898127,1,1,1,1,1,0.00941932381551534,1,TRUE,FALSE,TRUE,FALSE,FALSE,TRUE,FALSE,FALSE,FALSE,FALSE,FALSE,FALSE,FALSE,FALSE,FALSE,TRUE,FALSE,FALSE,TRUE,FALSE,TRUE,FALSE,FALSE,TRUE,TRUE,TRUE,TRUE,TRUE,TRUE,TRUE,TRUE,TRUE,FALSE,FALSE
"19","969732ae717bf5a9282f4781499aadb4",-28.9317881089523,-0.448395605843929,1.20371097348222,0.0514905620129653,0.350055625430566,0.573114936413436,-0.111902686779726,0.0476675193296533,1.18340944132005,0.126476050589435,-0.0409431471681715,0.0469753076071846,0.223745723475507,-0.5032082408946,0.118992216245606,-0.268954985237646,-0.152249698576457,0.378680650725855,0.415703587288187,0.724287021038421,0.032910961837045,0.31181320649607,0.108268758450859,0.102825149955961,0.0992520921172249,8.33221667663595,0.0412427801313101,0.376725624184157,0.144533631157746,0.26347148783021,0.333057408505087,0.140889862864523,0.208806822866042,0.227313152308596,-76.4015485171894,-1.07864261833535,1.66192536731701,1.56454139103911,1.12264528293793,5.29344701660693,-1.08828128942825,0.480267149163507,0.142028164562547,3.06662281705444,-0.108681609478619,0.325012989924229,0.849221770894987,-1.5108753867786,0.844576137887408,-1.28805649904549,-0.669779539943935,8.55521613822922e-38,0.288810884925604,0.106294843459235,0.127527233929533,0.269941023149363,8.46050740139132e-06,0.284599748346919,0.634304387363874,0.887948208015031,0.00437885595683219,0.914133673086421,0.747286661693764,0.402066580774368,0.140633130928804,0.404617829044176,0.206962924097294,0.507802937524567,4.53426455326149e-36,1,1,1,1,0.000313038773851479,1,1,1,0.157638814445959,1,1,1,1,1,1,1,TRUE,FALSE,FALSE,FALSE,FALSE,TRUE,FALSE,FALSE,FALSE,FALSE,FALSE,FALSE,FALSE,FALSE,FALSE,FALSE,FALSE,FALSE,TRUE,TRUE,TRUE,TRUE,FALSE,TRUE,FALSE,TRUE,TRUE,TRUE,TRUE,TRUE,TRUE,TRUE,TRUE,TRUE
"20","81b95cf5e2e0e3f7579b7dfa4b2ebed0",-12.3267610625818,-0.296881164599413,0.571991068568512,0.0669737060269836,0.456498479796733,0.0771164232226092,0.0502578427231034,0.102523855790945,-2.68431228693409,0.023403331187692,-0.427886941475081,-0.09420987249868,0.0711285188997371,-0.250886830899899,0.120140128327345,-0.482325568787753,-0.173177604320056,0.375785013101009,0.34454811824722,0.690758695893321,0.0251134419994649,0.216006643989151,0.0870833661251507,0.09872389671747,0.0934538035719847,8.25935577177615,0.0326148453651425,0.358115226944913,0.135547790514823,0.168123426002831,0.286886595151617,0.111189271990616,0.169817602941639,0.182480580035052,-32.8026947132892,-0.861653710691274,0.828062059832322,2.66684694309966,2.113353882854,0.885547110245858,0.509074746785292,1.09705385840153,-0.325002622614576,0.71756682963472,-1.19483034867127,-0.695030676198128,0.423073218235152,-0.874515697630654,1.08050107871454,-2.84025660728183,-0.949019365714372,3.32365163115456e-26,0.395289179497902,0.413768701083199,0.0119089545425166,0.0424604100483384,0.38246796777579,0.614192371205702,0.280804999858911,0.747294434872308,0.478230352143969,0.240934145684591,0.492052456370168,0.675071668543141,0.388353932006809,0.287995518336746,0.00777413440403417,0.349723390030088,1.46240671770801e-24,1,1,0.583538772583312,1,1,1,1,1,1,1,1,1,1,1,0.37315845139364,1,TRUE,FALSE,FALSE,FALSE,FALSE,FALSE,FALSE,FALSE,FALSE,FALSE,FALSE,FALSE,FALSE,FALSE,FALSE,FALSE,FALSE,FALSE,TRUE,TRUE,FALSE,FALSE,TRUE,TRUE,FALSE,TRUE,TRUE,FALSE,TRUE,TRUE,TRUE,TRUE,FALSE,TRUE
"21","26de4690cd2c89c490c37a8d1418d67a",-9.76917214347261,-0.205094095165699,0.715578105980346,0.0302361100419599,0.389233738947229,0.177972481741402,-0.0351718492916201,0.139316773784805,-5.44058180857423,0.00652522589063519,-0.989150395365729,-0.0755449896238507,0.260933615210008,-0.258561548710546,0.230532647889031,-0.568900837620117,-0.128428005983053,0.738569532160929,0.313780144565168,0.637361563135101,0.0209477794226569,0.299387580934978,0.0695165682235364,0.160970432004942,0.187679995932864,17.3588489745248,0.0462006626125548,0.356768207366805,0.116834887536313,0.203088130374352,0.236680946549931,0.124082008257118,0.141359685240776,0.239704358524447,-13.2271529193598,-0.653623560056408,1.12271926543626,1.44340406836903,1.30009981620368,2.56014481568072,-0.218498819028704,0.742310191836537,-0.313418350292615,0.141236629988549,-2.772529544228,-0.646596159904472,1.28482947146655,-1.09244767050143,1.85790551851265,-4.02449140043793,-0.535776682466769,8.6673545053688e-13,0.519321570381165,0.272223743016696,0.161321453148752,0.205426033508127,0.0168886528292031,0.828814335442122,0.464817271156657,0.756562872938096,0.888814941551338,0.0103549766803277,0.523785769247169,0.210629259847316,0.285052438386521,0.0749983674914705,0.000465229155317208,0.596847855486956,2.34018571644958e-11,1,1,1,1,0.435532486719176,1,1,1,1,0.569523717418026,1,1,1,1,0.0251223743871292,1,TRUE,FALSE,FALSE,FALSE,FALSE,FALSE,FALSE,FALSE,FALSE,FALSE,FALSE,FALSE,FALSE,FALSE,FALSE,TRUE,FALSE,FALSE,TRUE,TRUE,TRUE,TRUE,TRUE,TRUE,TRUE,TRUE,TRUE,TRUE,TRUE,TRUE,TRUE,TRUE,FALSE,TRUE
"22","c5bd025300b4ef0c652dd11cef56ac29",52.2224900391135,-0.577546482162486,0.795463678786105,-0.0361144158336252,0.590783969020966,-0.775645409115981,0.451686019840006,-0.0066027437824345,4.02921916266977,-0.36914399585247,-0.509102571844463,-0.268649834280519,0.794719087867206,-0.0815449797720702,0.18579080175321,-0.281298100213082,-0.373893838507801,0.999584787842886,0.312711523711956,0.897396802192585,0.0163242799937831,0.367387875389744,0.0571457027839503,0.213440295176905,0.258087522347822,23.8415966788023,0.0543601042652751,0.401993751021981,0.108534961201626,0.161855166011348,0.295761695226514,0.138071169775276,0.136991442928929,0.170087384299465,52.2441824588089,-1.84689862179327,0.886412428529465,-2.21231293799047,1.60806604843513,-13.573118735602,2.11621718132294,-0.0255833514242352,0.168999552209193,-6.79071537558248,-1.26644399458992,-2.47523776031436,4.9100631598715,-0.275711767575641,1.34561619239992,-2.05339906054585,-2.19824556681702,3.24181943600295e-20,0.0822434400548274,0.387763121858887,0.040920407449933,0.126233105603339,1.4957111262665e-10,0.0493829228028253,0.979887580269849,0.867791555546091,3.14881751938385e-06,0.222432648684555,0.0241390853151971,0.000132321968770472,0.786092873752238,0.196100205175159,0.0557500111528592,0.0420695840880752,1.13463680260103e-18,1,1,1,1,6.73070006819923e-09,1,1,1,0.000157440875969192,1,1,0.00714538631360547,1,1,1,1,TRUE,FALSE,FALSE,FALSE,FALSE,TRUE,FALSE,FALSE,FALSE,TRUE,FALSE,FALSE,TRUE,FALSE,FALSE,FALSE,FALSE,FALSE,TRUE,TRUE,TRUE,FALSE,FALSE,TRUE,TRUE,TRUE,FALSE,TRUE,TRUE,FALSE,TRUE,TRUE,TRUE,TRUE
"23","95251fbafeb9956f566a3da93d145d63",-38.7782128307983,-0.156308356737726,0.0672606415856585,0.0152882164281768,0.328078685157511,0.621324787545823,-0.0508627951927089,-0.00304183583135418,5.75029100908032,0.202525017594036,-0.126815011268548,0.0133288240791653,0.0734015283284859,0.164606169613041,-0.0167901803362289,-0.241533363682181,0.0487515540018902,0.499759770219235,0.299276912327077,0.559477503456062,0.0157924496608068,0.207930536887718,0.0598664377802025,0.114186523590871,0.124112814824037,11.3941719751572,0.0352337729760137,0.315335171804124,0.125068198247894,0.143046491537757,0.238421319266024,0.104810392769481,0.115082136636496,0.15793608144943,-77.5937062997028,-0.522286719420903,0.120220457784574,0.968071246484239,1.57782829818149,10.3785160865424,-0.445436060168973,-0.0245086362408814,0.504669494336028,5.748036627582,-0.402159424662344,0.106572448199395,0.513130574119055,0.690400380803943,-0.16019575819315,-2.09879109600736,0.308679014665182,3.89419376874389e-36,0.605306343415224,0.905110052206192,0.340749023357092,0.125092855255422,1.91238100855497e-11,0.659202527620183,0.980609195364007,0.617478066183118,2.82511734251057e-06,0.690417764425359,0.915837657768942,0.611618241031887,0.495249598890231,0.873800667329814,0.0443567530720672,0.75969914606556,2.02498075974682e-34,1,1,1,1,9.56190504277486e-10,1,1,1,0.000144080984468039,1,1,1,1,1,1,1,TRUE,FALSE,FALSE,FALSE,FALSE,TRUE,FALSE,FALSE,FALSE,TRUE,FALSE,FALSE,FALSE,FALSE,FALSE,FALSE,FALSE,FALSE,TRUE,TRUE,TRUE,TRUE,FALSE,TRUE,TRUE,FALSE,FALSE,TRUE,TRUE,TRUE,TRUE,TRUE,FALSE,TRUE
"24","cb3f42ad378ddeda014d895db355586b",-21.8662930171302,0.358573967290754,-0.124258932078137,-0.00838710989977868,-0.341952122661947,0.337665465281766,0.122208893521393,-0.0456285473587552,8.18893915155572,0.120642504639865,-0.135097053227325,0.0878891700258958,-0.150103089122938,-0.294432722721559,-0.127695308614463,0.153074423132311,0.308513868590832,0.428698841182658,0.276043860193998,0.612487357032409,0.0162904996247824,0.210088532459434,0.0565230698066557,0.0980026794024052,0.107376779417232,9.6149452269701,0.0326087068353119,0.287745021767382,0.0965571387661935,0.148341082629073,0.215172278311364,0.0945501766219975,0.0941301679288185,0.15648023099042,-51.0061864333651,1.29897461598587,-0.202875913521203,-0.514846695494811,-1.62765724839348,5.97394066594036,1.24699543182484,-0.424938684195931,0.851688590860153,3.69970220681126,-0.46950266036762,0.910229643804105,-1.0118780749246,-1.36835806653263,-1.35055600292505,1.62619940557278,1.97158367314604,1.79984110106514e-31,0.203531704511628,0.840557743816565,0.610311831680317,0.113720521002221,1.32156981316045e-06,0.221738772725888,0.673816503697435,0.400918657043602,0.000835208310579576,0.641996106985887,0.369724859838979,0.319429506913526,0.181036355596682,0.186615040349144,0.114031560907456,0.0576384873918911,8.99920550532571e-30,1,1,1,1,5.2862792526418e-05,1,1,1,0.0350787490443422,1,1,1,1,1,1,1,TRUE,FALSE,FALSE,FALSE,FALSE,TRUE,FALSE,FALSE,FALSE,TRUE,FALSE,FALSE,FALSE,FALSE,FALSE,FALSE,FALSE,FALSE,FALSE,TRUE,TRUE,FALSE,FALSE,TRUE,TRUE,TRUE,FALSE,TRUE,TRUE,TRUE,TRUE,TRUE,TRUE,TRUE
"25","1e2270e7a0c8c2e951edc6813b58451a",-11.2978681529732,0.93989208347011,-0.277577683053686,-0.0241126120791806,-0.329029236247191,0.210203038379158,0.166802109861272,-0.0112344594340557,2.05444326707684,0.092508691243354,0.0386860503426761,-0.0537727217698981,-0.447280040299724,-0.149141009394266,-0.190512607546567,0.128240286147539,0.484129703140563,0.556626619066589,0.325480311743823,0.647703246073653,0.0199571208422393,0.247970824712315,0.0706971246568823,0.124241217466312,0.139303106666591,12.8170679865263,0.0391843222621379,0.367151181993158,0.125217777342132,0.174786858175805,0.281226032801796,0.123047029474619,0.140311748397468,0.166459264481731,-20.2970317372149,2.88770794901374,-0.428556881158693,-1.20822097885714,-1.32688688933029,2.97328978228389,1.34256660762762,-0.0806475871420747,0.160289644186684,2.3608598006234,0.105368175945017,-0.429433606882952,-2.55900269029288,-0.530324337005382,-1.54829099377701,0.913966846056734,2.90839746677901,1.10061541915289e-18,0.0072627139563642,0.671412246556409,0.2367228388213,0.194899732195082,0.00587752826732773,0.189827921147316,0.936276223948204,0.87376423061043,0.0251685730064443,0.916809114983114,0.670781506953737,0.0159781785784255,0.599924751500431,0.132397336721115,0.368271073801684,0.00690204695235829,3.63203088320453e-17,0.399449267600031,1,1,1,0.164570791485177,1,1,1,0.729888617186884,1,1,0.750974393186,1,1,1,0.345102347617914,TRUE,FALSE,FALSE,FALSE,FALSE,FALSE,FALSE,FALSE,FALSE,FALSE,FALSE,FALSE,FALSE,FALSE,FALSE,FALSE,FALSE,FALSE,FALSE,TRUE,TRUE,TRUE,FALSE,TRUE,FALSE,FALSE,FALSE,TRUE,TRUE,TRUE,TRUE,FALSE,TRUE,FALSE
"26","820d3c5095323f85949bc959fd15d1b7",-21.5315956383606,0.0947687029906108,1.22089984080589,0.00169013494304239,0.202647413098663,0.264611981976789,0.098465289045052,0.00656930116350964,2.40900215249092,0.136797468310589,-0.252268876062816,0.0146524887646936,-0.0840132428848522,0.0130784629117954,-0.122364193153599,-0.257177396608465,0.0405565208899305,0.738454379675219,0.3079344507768,0.626810220554594,0.018075194801492,0.286322218365619,0.0604084999326393,0.16376686207995,0.188276793538142,17.3530929176591,0.0440070380827887,0.370642695664633,0.105480353927021,0.149552231352669,0.283584125796157,0.118651108784412,0.13141653327844,0.159095451739699,-29.1576517534237,0.307756091439415,1.94779823424968,0.0935057664165743,0.707759999400021,4.38037664023861,0.601252828529999,0.0348917200046686,0.138822638933688,3.10853614036093,-0.680625516200852,0.138912017443849,-0.561765224931582,0.046118459117124,-1.03129413966062,-1.95696378676775,0.254919423820401,7.99011360574146e-21,0.760817333623802,0.0627519663711716,0.926247124585948,0.4856408457949,0.000185668338253354,0.553084895235485,0.972443185365606,0.890702530187529,0.00464522359994293,0.502364040952078,0.890632630044266,0.579277981965076,0.963582260950927,0.31227736541838,0.0616075941658681,0.800870723962447,2.95634203412434e-19,1,1,1,1,0.00575571848585396,1,1,1,0.162582825998003,1,1,1,1,1,1,1,TRUE,FALSE,FALSE,FALSE,FALSE,TRUE,FALSE,FALSE,FALSE,FALSE,FALSE,FALSE,FALSE,FALSE,FALSE,FALSE,FALSE,FALSE,TRUE,TRUE,TRUE,FALSE,FALSE,TRUE,TRUE,TRUE,TRUE,TRUE,TRUE,TRUE,TRUE,TRUE,FALSE,TRUE
"27","5431c93e93b57f0b74748eb702ea1e72",4.09205204723552,0.0545428940788118,-0.408369971437086,-0.036507717773044,-0.0612851709601341,0.0209463043328486,0.166628158031548,0.0760629559038292,-4.6098173285003,0.00529195804680876,0.192899946677946,0.0557303668455658,-0.093255575565975,-0.438895900916842,-0.139861016585526,0.0560408649906993,0.439717057787744,0.367497517975287,0.369016257288321,0.76632896194474,0.0191813436239637,0.197886940870455,0.0748914669990671,0.0893474086626568,0.0955713738003077,8.05414838598258,0.0328652875232263,0.340049423880753,0.133115907149289,0.154871688412801,0.269673504475233,0.101171817668294,0.149647417872717,0.167850945238139,11.1349107057389,0.147806209080366,-0.532891214760762,-1.90329303769075,-0.309697904725577,0.279688797297955,1.86494673461292,0.795875928944576,-0.572353166043378,0.161019678987104,0.56727032346213,0.418660459437536,-0.602147342239905,-1.62750842642441,-1.38241083148353,0.374486013773822,2.61968770663695,1.53323280077601e-12,0.883423123568379,0.597790503417464,0.0660307131561123,0.758798517273149,0.781516232497772,0.0713821765889965,0.431968791612477,0.571082339552118,0.873090179752394,0.574488872643859,0.67826101676104,0.551319208263297,0.113437202341078,0.176418714044571,0.71051304202189,0.0133448307701616,3.98640528201763e-11,1,1,1,1,1,1,1,1,1,1,1,1,1,1,1,0.653896707737919,TRUE,FALSE,FALSE,FALSE,FALSE,FALSE,FALSE,FALSE,FALSE,FALSE,FALSE,FALSE,FALSE,FALSE,FALSE,FALSE,FALSE,FALSE,TRUE,TRUE,TRUE,TRUE,TRUE,TRUE,TRUE,TRUE,TRUE,TRUE,TRUE,FALSE,TRUE,TRUE,TRUE,TRUE
"28","7c821085a5548386a8d91fe359fa3ff3",-3.83901883932447,-0.30135184505649,1.48418618687805,0.00862390292992992,0.234005301861508,0.0732995004671574,0.117278036253236,0.0641328716722311,-1.13187565708202,0.009178977896101,-0.18352500747296,0.0392061332838299,0.134768947913859,-0.363370004602887,-0.0112301534612703,-0.249502810060995,-0.301611204264221,0.220533881660197,0.297133263466195,0.66044862791814,0.0214601256338196,0.211749525462777,0.0739179900372278,0.0664043685963976,0.0556191563167402,4.3292396396243,0.029287660975414,0.306142890156751,0.111860249115095,0.175826868131841,0.258661565191795,0.0983377502720934,0.140482968806359,0.16204568919737,-17.4078414183981,-1.01419760797254,2.24723941293736,0.401857056994078,1.10510425631458,0.991632759903794,1.76611928901916,1.15307163789049,-0.261449065263628,0.313407680586252,-0.599474994761407,0.35049209700481,0.766486654433292,-1.40480865154223,-0.114199820823613,-1.77603600052693,-1.86127261859378,3.39373024289183e-18,0.317867146801562,0.0314312343937143,0.690380123123047,0.277106758991265,0.328592486811169,0.0866266380674535,0.257164924123487,0.795371144479899,0.755943378516119,0.552950147088585,0.72819690542318,0.448835489380388,0.169421823449203,0.90977138829623,0.0849492596122716,0.0716338191024242,1.08599367772538e-16,1,1,1,1,1,1,1,1,1,1,1,1,1,1,1,1,TRUE,FALSE,FALSE,FALSE,FALSE,FALSE,FALSE,FALSE,FALSE,FALSE,FALSE,FALSE,FALSE,FALSE,FALSE,FALSE,FALSE,FALSE,TRUE,FALSE,TRUE,TRUE,TRUE,TRUE,TRUE,TRUE,TRUE,TRUE,TRUE,TRUE,FALSE,TRUE,FALSE,FALSE
"29","3a8a7409bdc33da14a01ec3e3313b9a7",2.12397133263655,-0.939166638688482,-2.89531355749776,-0.0553226386929445,1.08878348676417,0.446934204153533,NA,NA,NA,NA,NA,NA,NA,NA,NA,NA,NA,1.59465639524733,0.249481518540704,0.792264151388685,0.00696939145210862,0.555990968738932,0.0265495459673137,NA,NA,NA,NA,NA,NA,NA,NA,NA,NA,NA,1.33193040141235,-3.76447379421916,-3.65448007766455,-7.93794394720164,1.95827549003843,16.833967884188,NA,NA,NA,NA,NA,NA,NA,NA,NA,NA,NA,1,1,1,1,1,1,1,1,1,1,1,1,1,1,1,1,1,1,1,1,1,1,1,1,1,1,1,1,1,1,1,1,1,1,FALSE,FALSE,FALSE,FALSE,FALSE,FALSE,FALSE,FALSE,FALSE,FALSE,FALSE,FALSE,FALSE,FALSE,FALSE,FALSE,FALSE,TRUE,TRUE,FALSE,TRUE,TRUE,TRUE,FALSE,TRUE,TRUE,TRUE,TRUE,TRUE,TRUE,TRUE,TRUE,TRUE,TRUE
"30","564e9f4d70915c0026898422d57b1431",-16.2290677750272,5.10584280315035,-0.423043348039658,-0.271533465795495,0.605258135406848,0.306447903828896,-1.00934404816442,1.12202377440216,3.36963340229691,NA,NA,NA,NA,NA,NA,NA,NA,1.54220969442704,0.245589273287735,0.7741129716001,0.00690431124483363,0.538429369145823,0.0262959079408807,0.325446632082002,0.400850253833793,37.2902284623582,NA,NA,NA,NA,NA,NA,NA,NA,-10.5232562301176,20.7901702496928,-0.546487868773498,-39.3281032917916,1.12411798109573,11.6538247896921,-3.10141187114851,2.79910955193605,0.0903623694796699,NA,NA,NA,NA,NA,NA,NA,NA,1,1,1,1,1,1,1,1,1,1,1,1,1,1,1,1,1,1,1,1,1,1,1,1,1,1,1,1,1,1,1,1,1,1,FALSE,FALSE,FALSE,FALSE,FALSE,FALSE,FALSE,FALSE,FALSE,FALSE,FALSE,FALSE,FALSE,FALSE,FALSE,FALSE,FALSE,TRUE,TRUE,TRUE,TRUE,FALSE,TRUE,TRUE,TRUE,FALSE,TRUE,TRUE,TRUE,TRUE,TRUE,TRUE,TRUE,TRUE
"31","386a607b118090dd71bfc8b4b4081447",6.68825842992621,0.025859266187157,0.189315781836761,0.0280210650702616,0.152922249583694,-0.131777775897237,0.232441633843555,-0.0093609001079609,4.5178355904443,-0.0866824032110383,-0.16994646733604,-0.02828783789319,0.134583683369758,-0.0589048547963392,0.0497901284747678,-0.312265968294695,0.0976769942376544,0.236299688554979,0.305101054442155,0.667606277922393,0.0170649543014942,0.172953878129432,0.0561766378367122,0.0626691246992837,0.0635596963873824,4.72289755021371,0.026995556347567,0.315830126967124,0.122074293845859,0.162238026585647,0.233355246308279,0.08958643325407,0.113710550984078,0.15919366133991,28.3041356119692,0.0847563973006842,0.283573998773524,1.64202403213046,0.884179361790624,-2.34577541433279,3.70902952544687,-0.147277294260631,0.95658132373417,-3.21098784166567,-0.538094541416975,-0.23172641022121,0.829544627743053,-0.252425671709655,0.555777550977629,-2.74614770214613,0.613573388635712,1.00652187722885e-24,0.932967176047763,0.778508403957026,0.110082265006241,0.382996183009315,0.0251471072912623,0.000762175895947277,0.88380929603224,0.345734417432874,0.00294630890001445,0.59412275201322,0.818181463494964,0.412756988781555,0.802277738502728,0.582111767038107,0.00968726048038565,0.543703798411138,4.02608750891538e-23,1,1,1,1,0.603530574990295,0.0411574983811529,1,1,0.109013429300535,1,1,1,1,1,0.44561398209774,1,TRUE,FALSE,FALSE,FALSE,FALSE,FALSE,TRUE,FALSE,FALSE,FALSE,FALSE,FALSE,FALSE,FALSE,FALSE,FALSE,FALSE,FALSE,TRUE,TRUE,TRUE,TRUE,TRUE,TRUE,TRUE,TRUE,TRUE,TRUE,TRUE,TRUE,TRUE,TRUE,FALSE,TRUE
"32","afce1dc2c06acb90ad5d3da0fffbcd02",144.680311747313,0.380335345645821,5.87038297501499,0.0541961741975517,-0.0436769027122673,-2.59237471420057,1.2108707372927,-0.09286641348477,10.1008610544967,-0.960429039838042,0.643220926661771,0.766679763238842,-0.972456026790534,-0.544046053327688,0.033158663640506,0.237885140143712,-0.732393718977744,1.22330348837077,0.235871802498634,0.669895018520004,0.00842548563543314,0.432381174506746,0.0300704057334352,0.25927013944197,0.316417326615133,29.3906204508793,0.0640735576518946,0.40915654259777,0.109423310883201,0.114944907236462,0.243643474919175,0.154928962709171,0.067606465300144,0.149011871447783,118.27017017666,1.61246635509992,8.76313871983165,6.43240954202464,-0.101014811207017,-86.2101674710068,4.67030541927764,-0.29349345207548,0.343676346383305,-14.9894757687088,1.57206560251464,7.00654876050315,-8.46019236667897,-2.2329596698954,0.214024950923803,3.51867442096851,-4.91500248847213,2.91959302509752e-14,0.145525358161074,2.25357621615234e-05,0.000202045895147974,0.922024500736964,3.65652120906272e-13,0.00160188253001389,0.776614736169222,0.73994764238083,3.87445660571258e-07,0.154579054175236,0.000111904948265253,2.91321630674385e-05,0.0560376305084169,0.835881874636945,0.0078611345975318,0.00117137231099753,8.46681977278281e-13,1,0.00123946691888379,0.0109104783379906,1,1.93795624080324e-11,0.0832978915607222,1,1,2.01471743497054e-05,1,0.00615477215458894,0.00160226896870912,1,1,0.37315845139364,0.0620827324828692,TRUE,FALSE,TRUE,TRUE,FALSE,TRUE,TRUE,FALSE,FALSE,TRUE,FALSE,TRUE,TRUE,FALSE,FALSE,FALSE,TRUE,FALSE,FALSE,TRUE,TRUE,TRUE,FALSE,FALSE,TRUE,FALSE,TRUE,TRUE,FALSE,FALSE,TRUE,FALSE,FALSE,FALSE
"33","1c6bf8efe709f63c28e0225da6870395",-8.88085716876199,0.157236795374671,0.719795761849709,0.00923301465663531,0.0378983298004139,0.204177724599919,0.139190955088481,-0.0237061969516595,4.94219485337384,0.0327468652551023,-0.0255402108502257,0.0381921796190847,-0.12427620063731,0.0190290814993404,-0.0534712305165962,-0.121757547079775,0.149662650974454,0.194996664783968,0.26056052469792,0.501790152093161,0.0146491105137094,0.160408294708469,0.0449575599226614,0.0587099927730979,0.0477636396140779,3.71415606416345,0.0253661388514697,0.277009810674241,0.100434656248031,0.145803981401965,0.219627654152615,0.0851563667485339,0.0973955468259983,0.143349578104481,-45.5436362391166,0.603455936224275,1.43445573582335,0.630278176138721,0.236261658845582,4.5415659780281,2.37082221465135,-0.496323084739806,1.33063736902692,1.29096767335581,-0.0921996617667112,0.380268933512018,-0.8523512145714,0.0866424657348361,-0.627918176388341,-1.25013464216491,1.04403970317493,2.27447555961154e-31,0.550331115867693,0.160851626890747,0.532853149627889,0.814689967486168,7.07322610284503e-05,0.0237425127210339,0.622956441092327,0.192430381655995,0.205685847478129,0.927096857489566,0.706182502039381,0.400163057363081,0.931479306428092,0.534379118589957,0.220043211481044,0.304055100646765,1.11449302420966e-29,1,1,1,1,0.00247562913599576,1,1,1,1,1,1,1,1,1,1,1,TRUE,FALSE,FALSE,FALSE,FALSE,TRUE,FALSE,FALSE,FALSE,FALSE,FALSE,FALSE,FALSE,FALSE,FALSE,FALSE,FALSE,FALSE,TRUE,TRUE,TRUE,TRUE,FALSE,TRUE,TRUE,FALSE,TRUE,TRUE,TRUE,TRUE,TRUE,TRUE,TRUE,TRUE
"34","f2d099ef5556f02539ded15181a3d994",8.72388327182382,-0.192546659316376,-0.168502819569562,0.0352643464470486,0.0643261319990275,-0.103872225048225,0.23073590471657,-0.0136936311430004,5.49797992140882,-0.0948503186651095,-0.335459458048863,-0.0262909825661006,0.106691054333036,0.00709426435985534,0.0023669341033627,-0.149236192692464,0.204089244023166,0.235709934351528,0.300115542503216,0.790268011550144,0.0163112708808086,0.163043834987395,0.0634760603139867,0.0699492696684012,0.0624787888888697,4.70727753677784,0.0281017753670784,0.3135727615167,0.110435618198332,0.17003333205372,0.248822125527874,0.0972141552272097,0.122868219539519,0.165855677557606,37.0110971174146,-0.641575100410912,-0.213222371533218,2.16196191607239,0.394532746386887,-1.63639999921887,3.2986177812919,-0.219172480557476,1.16797445624424,-3.37524293131415,-1.06979782435917,-0.238066151075322,0.627471408366734,0.028511388787492,0.0243476281600214,-1.21460368882829,1.23052310917894,1.88020591067464e-28,0.525580657725222,0.832465333524519,0.0379704817776584,0.695726102669523,0.111259226372896,0.00233442537320083,0.827865683028506,0.251186485933922,0.00190082527756626,0.292473120195741,0.813301830931299,0.534668257018351,0.977426016242024,0.980721958614764,0.233137287977808,0.227200723674982,8.64894718910337e-27,1,1,1,1,1,0.119055694033242,1,1,0.0722313605475178,1,1,1,1,1,1,1,TRUE,FALSE,FALSE,FALSE,FALSE,FALSE,FALSE,FALSE,FALSE,TRUE,FALSE,FALSE,FALSE,FALSE,FALSE,FALSE,FALSE,FALSE,TRUE,TRUE,FALSE,TRUE,TRUE,FALSE,TRUE,TRUE,FALSE,TRUE,TRUE,TRUE,TRUE,TRUE,TRUE,TRUE
"35","304a3df568087b761af6bca76a3816aa",129.072468312098,-0.630902272180539,NA,0.0958148983763834,-0.234804202978207,-2.23472960257238,1.35239723961623,-0.310271104771996,22.7524426314074,-0.9117490239934,-1.58849023791757,NA,NA,NA,NA,NA,NA,1.52430708932434,0.24427223722109,NA,0.00688222603424946,0.532439625243177,0.0262098410025878,0.321723084810865,0.396105977290586,36.8469492696187,0.0778420687738843,0.476512412866583,NA,NA,NA,NA,NA,NA,84.6761582466365,-2.58278337054535,NA,13.9220795567538,-0.440996860199815,-85.2629972975317,4.20360646613617,-0.78330326367274,0.617485112944408,-11.7128056635012,-3.33357577898463,NA,NA,NA,NA,NA,NA,1,1,1,1,1,1,1,1,1,1,1,1,1,1,1,1,1,1,1,1,1,1,1,1,1,1,1,1,1,1,1,1,1,1,FALSE,FALSE,FALSE,FALSE,FALSE,FALSE,FALSE,FALSE,FALSE,FALSE,FALSE,FALSE,FALSE,FALSE,FALSE,FALSE,FALSE,TRUE,TRUE,TRUE,TRUE,FALSE,TRUE,TRUE,TRUE,TRUE,TRUE,TRUE,TRUE,TRUE,FALSE,TRUE,TRUE,TRUE
"36","2ddd18d49a8163e0fc79e28ea6273254",50.0531648668305,-0.448579806236115,2.97059284174401,0.0496313919928615,0.338774877318904,-0.705012826053804,0.496967297994322,-0.090565468411721,6.69302171331566,-0.383248783878255,-0.260973799308895,-0.208649960386103,0.206459405118927,0.16809422788526,0.180699520871111,-0.260346006911619,-0.109506573169178,0.879934708664008,0.302142763426096,0.622317268990321,0.0167675838501599,0.327704066169085,0.0550995978985832,0.190106114744563,0.226513008208484,20.8713286672031,0.0499014765615319,0.374479255785853,0.107462783482925,0.148642183746096,0.263091694479416,0.129996940675221,0.135775603871088,0.158963984386615,56.8828168431104,-1.48466175773837,4.77343790662221,2.95996086474845,1.03378295325792,-12.7952444834798,2.61415735449685,-0.399824580177595,0.320680193390514,-7.68010909267751,-0.696897879593453,-1.94160204699383,1.38896913322796,0.638918793000556,1.39002902631811,-1.91747264964334,-0.688876625681749,1.72243913367216e-24,0.152490104960919,0.000102510557144513,0.00747430687975076,0.312996742062222,2.21016768180661e-11,0.016205244284783,0.69332340999361,0.751622054661446,1.57420312626069e-07,0.493509810986532,0.0657219550625474,0.179397528374893,0.529783544760686,0.179079947661443,0.0688814677550023,0.498441868326168,6.71751262132143e-23,1,0.0055355700858037,0.388663957747039,1,1.08298216408524e-09,0.777851725669585,1,1,8.50069688180773e-06,1,1,1,1,1,1,1,TRUE,FALSE,TRUE,FALSE,FALSE,TRUE,FALSE,FALSE,FALSE,TRUE,FALSE,FALSE,FALSE,FALSE,FALSE,FALSE,FALSE,FALSE,TRUE,FALSE,TRUE,FALSE,FALSE,TRUE,TRUE,TRUE,FALSE,TRUE,TRUE,TRUE,FALSE,TRUE,TRUE,FALSE
"37","42604f7f8bfc866837a5370b4b667382",-3.82864367219741,-0.207467560739565,0.463038132699185,5.78375611644469e-05,0.00327572464874703,0.0258192842632131,0.152078528412315,0.0358730714570767,1.97872881378154,0.00741740409106303,-0.736959736283869,-0.0153839532062639,-0.453686005848934,-0.384476599185092,-0.00483824388834677,-0.25357867995299,-0.321966292180448,1.20046426871106,0.251921711149827,0.668659011647872,0.010954175430921,0.425015149784721,0.0390440935982184,0.254747309007398,0.310282717805895,28.8247209196633,0.0634117162925897,0.412263937503726,0.121400572273969,0.125587837904864,0.250202115868552,0.155136093010713,0.0728306059073789,0.152629584999524,-3.18930248237062,-0.823539820337981,0.692487687495685,0.00527995571452922,0.00770731266969247,0.661285277330429,0.596977958294739,0.115614146062489,0.0686469374429127,0.116972138978831,-1.78759204781817,-0.126720598742701,-3.61249953353455,-1.53666405997575,-0.0311870938248565,-3.48175985622685,-2.10946188565902,0.0110189059136743,0.431482000685333,0.50610397131562,0.995902406885076,0.994018653058855,0.524995055587091,0.565235615630163,0.910496854072299,0.946771631167453,0.909450839610899,0.107479344096191,0.901947479600281,0.00563729020755933,0.158752185505899,0.975800996382056,0.00691935001707066,0.0641257791368567,0.165283588705115,1,1,1,1,1,1,1,1,1,1,1,0.287501800585526,1,1,0.339048150836462,1,FALSE,FALSE,FALSE,FALSE,FALSE,FALSE,FALSE,FALSE,FALSE,FALSE,FALSE,FALSE,FALSE,FALSE,FALSE,FALSE,FALSE,TRUE,TRUE,FALSE,TRUE,FALSE,TRUE,TRUE,TRUE,TRUE,TRUE,TRUE,FALSE,TRUE,TRUE,TRUE,TRUE,TRUE
"38","de4edf45ab75f6490e1ada65b0e0306f",2.33117440385674,-0.70008848264764,2.93188784537264,0.0325414528292648,0.207321007956774,-0.0613547118149816,0.250927637349585,-0.0963237596497831,NA,NA,NA,NA,NA,NA,NA,NA,NA,1.5598971333835,0.246896326163939,0.780219655418145,0.0069261962887539,0.544349616615592,0.0263811979312857,0.329125833484886,0.4055375121003,NA,NA,NA,NA,NA,NA,NA,NA,NA,1.49444111022904,-2.83555650067787,3.7577723465597,4.69831513179933,0.380860023831301,-2.32569847566401,0.762406386313362,-0.237521207719891,NA,NA,NA,NA,NA,NA,NA,NA,NA,1,1,1,1,1,1,1,1,1,1,1,1,1,1,1,1,1,1,1,1,1,1,1,1,1,1,1,1,1,1,1,1,1,1,FALSE,FALSE,FALSE,FALSE,FALSE,FALSE,FALSE,FALSE,FALSE,FALSE,FALSE,FALSE,FALSE,FALSE,FALSE,FALSE,FALSE,TRUE,TRUE,FALSE,TRUE,FALSE,TRUE,FALSE,TRUE,FALSE,FALSE,TRUE,TRUE,TRUE,TRUE,TRUE,FALSE,TRUE
"39","e1a9800482df461df81429b3b8f859a1",39.0116124414637,0.043900564619158,2.43666743663865,-0.0447607520315156,-0.882617366965958,-0.435473850353079,0.434413097743741,-0.0520992563772612,3.51189111688599,-0.214524997279332,0.268520424859329,0.381091395414161,-0.253302693172562,0.00366925637122798,-0.168145264887821,-0.0131222363078356,0.225318603631296,1.15513114354538,0.29867340597099,0.668656024885498,0.0146430624087053,0.413774871476628,0.0430149203076253,0.245990847672233,0.298630423744371,27.7003920540739,0.0615998738360695,0.423875475292205,0.12179627300374,0.150172708514817,0.265463701990588,0.152742835031042,0.123707291660442,0.182079262066983,33.7724531620953,0.146985180941828,3.64412694412782,-3.05678899551131,-2.13308595521082,-10.12378605467,1.76597260367413,-0.174460645114505,0.126781278403224,-3.48255578980939,0.63348893840631,3.12892493354421,-1.6867425225108,0.0138220643489635,-1.10083896801869,-0.106074881534503,1.23747537788464,1.83524653474082e-12,0.885803060132648,0.00386013869510589,0.0109143649341899,0.0562772037474826,6.53688102763254e-07,0.105102513054308,0.864672949300928,0.901401307784331,0.00512531996759197,0.539362551412991,0.00959603334189585,0.119772236820205,0.989219447440542,0.294472734428876,0.917432664055142,0.24167519106405,4.58811633685206e-11,1,0.193006934755295,0.545718246709495,1,2.68012122132934e-05,1,1,1,0.174260878898127,1,0.498993733778584,1,1,1,1,1,TRUE,FALSE,FALSE,FALSE,FALSE,TRUE,FALSE,FALSE,FALSE,FALSE,FALSE,FALSE,FALSE,FALSE,FALSE,FALSE,FALSE,FALSE,TRUE,TRUE,TRUE,TRUE,FALSE,TRUE,TRUE,TRUE,TRUE,TRUE,FALSE,TRUE,TRUE,TRUE,TRUE,TRUE
"40","c38ee4acf990375c9b9df651cf77bf7c",3.92903458963595,0.216670592044083,1.93431193668481,-0.0386824533444792,-0.47622482786331,0.0714321928087991,0.318204650102081,-0.114456436228724,10.2763551693283,-0.0383251005686398,-0.0782829438492046,0.182897407924549,-0.0399595347410425,-0.141388380078947,-0.15380310558745,0.285607142456978,0.152014758348814,0.941632565199392,0.287689894615011,0.647823447100798,0.0148362120849389,0.373567820074985,0.0708756033255803,0.202180312867141,0.242010867434577,22.4025762784435,0.0525136055134747,0.38085163777538,0.116689855671913,0.196874138206848,0.265555336393635,0.141937423455624,0.137750512581733,0.189550974278288,4.17257721838026,0.75313939105867,2.98586280774712,-2.60729983657675,-1.27480152805378,1.00785304755237,1.57386565284021,-0.472939242117569,0.458713098065267,-0.729812782685542,-0.205547084703295,1.56738053082169,-0.202969953824299,-0.532425301630411,-1.08359798172281,2.07336536978412,0.801972972851274,0.000516652453060146,0.460597174003218,0.00759568238837914,0.0173133172638617,0.21774935838458,0.326188771208434,0.13202304104608,0.641644273493711,0.651644137336306,0.474407114385638,0.839330964435241,0.133529644375782,0.841316321174971,0.600603254904194,0.292102986451939,0.0519787209033801,0.432485268757804,0.00878309170202249,1,0.364592754642199,0.83103922866536,1,1,1,1,1,1,1,1,1,1,1,1,1,TRUE,FALSE,FALSE,FALSE,FALSE,FALSE,FALSE,FALSE,FALSE,FALSE,FALSE,FALSE,FALSE,FALSE,FALSE,FALSE,FALSE,FALSE,TRUE,FALSE,FALSE,TRUE,TRUE,TRUE,TRUE,TRUE,TRUE,TRUE,TRUE,TRUE,TRUE,TRUE,TRUE,TRUE
"41","321b7763c5946d79f50284281735d5b0",-111.095691587779,1.46484965010002,-1.34136342532334,-0.0802228239313584,0.12248545752731,2.04455398035913,-0.23815145904653,-0.242222076090579,21.5469621568918,0.714491604028016,-1.3275598955441,-0.289391298928916,0.0602213940233631,-1.54440549064609,-0.497395228560178,1.29351306927371,-0.829860361081995,1.35199454001785,0.232461144773449,0.710066428443978,0.00712803477492528,0.475011254820468,0.0260064619644754,0.285916248541441,0.350442201403273,32.5794378507316,0.0698694011382331,0.436077004853142,0.113415266629232,0.115465578423787,0.251375189745104,0.167470886835811,0.0624944857173955,0.15419372205942,-82.1717013637585,6.30148170150166,-1.8890675176163,-11.2545500217764,0.257858011329866,78.6171522736148,-0.83294132551551,-0.691189802828116,0.661366910491612,10.2261017324942,-3.04432446739811,-2.55160797597885,0.521552785214793,-6.14382625513729,-2.97003997505445,20.6980352654323,-5.38193351842303,0.000148067238330413,0.0242703545605973,0.199474074400631,0.00780256770248965,0.820624181534267,0.000161755850932055,0.49250421380592,0.560894210402791,0.576377998697104,0.00942766631169637,0.0930794865967359,0.125356190304835,0.653986971826406,0.0254841038088146,0.0971287212274639,0.00232607862628823,0.0328333222600761,0.00266521028994743,1,1,0.397930952826972,1,0.00517618722982577,1,1,1,0.282829989350891,1,1,1,1,1,0.123282167193276,1,TRUE,FALSE,FALSE,FALSE,FALSE,TRUE,FALSE,FALSE,FALSE,FALSE,FALSE,FALSE,FALSE,FALSE,FALSE,FALSE,FALSE,FALSE,TRUE,TRUE,TRUE,TRUE,FALSE,TRUE,TRUE,TRUE,TRUE,TRUE,TRUE,TRUE,TRUE,TRUE,TRUE,FALSE
"42","01491b7ad3b35c7e644dd24ae831bee2",-52.5630570121549,0.0705561516596183,-0.144690851168872,-0.0145093723450891,-0.252906036126455,0.979392668303937,-0.215681941833965,0.0205890637829601,1.47108480108124,0.322263745200128,0.0991368495637311,0.0472749513153147,-0.0272766312937807,-0.0650017640064335,-0.0120656668070799,0.00458447440566368,-0.183585770865431,0.940382488243811,0.293587577312725,0.623966097614713,0.0169787624268473,0.344276513060622,0.0544942769800226,0.202052035618089,0.24219822765986,22.3729674372615,0.0527047947015263,0.391239900805097,0.126351200433649,0.163628397542283,0.248509969815809,0.134503584270974,0.0967361724234508,0.181005105500545,-55.8954017852011,0.240324036546216,-0.231888962752935,-0.854560066294732,-0.734601480298838,17.9723949482434,-1.06745740607949,0.0850091430556425,0.0657527797868776,6.11450527461775,0.253391459714938,0.374155141803659,-0.166698639743949,-0.261566021092078,-0.0897051693639044,0.0473915216078191,-1.01425741753388,1.51719528920114e-22,0.812653000042895,0.819103484075337,0.403441619442953,0.471552175713261,2.20232330910705e-13,0.299141441435441,0.933143495813195,0.948261585054308,7.04752185860206e-06,0.802687286877717,0.712431796221709,0.869368432810645,0.796470522098624,0.929460388108163,0.962695789599669,0.323202592717672,5.76534209896432e-21,1,1,1,1,1.18925458691780e-11,1,1,1,0.000345328571071501,1,1,1,1,1,1,1,TRUE,FALSE,FALSE,FALSE,FALSE,TRUE,FALSE,FALSE,FALSE,TRUE,FALSE,FALSE,FALSE,FALSE,FALSE,FALSE,FALSE,FALSE,TRUE,TRUE,TRUE,TRUE,FALSE,TRUE,FALSE,TRUE,FALSE,TRUE,TRUE,FALSE,TRUE,TRUE,TRUE,TRUE
"43","a67690654fca1914946ee270222b7247",-6.560826695955,0.177045327902434,0.463073820885614,-0.0253144846369077,-0.237244675708995,0.148248146410737,0.20236349764523,0.0154767502763007,0.507577496347252,0.0655176010917267,-0.190702735380731,0.101794923773816,-0.430348558531288,-0.564793893138361,-0.231638404028928,0.151753158045529,0.31213324732229,0.738196566802663,0.322617265417104,0.602750844582241,0.0181790075902626,0.328995001989382,0.0785395950279574,0.161395146909525,0.18909333179369,17.3468371870313,0.0456122509782055,0.34799669660401,0.115012786312648,0.244533093399606,0.279137750931947,0.129034012928011,0.140801684273172,0.19072582644017,-8.88764184365118,0.548778217661525,0.768267394476344,-1.39251191305223,-0.721119391706297,1.8875593432582,1.25383880197259,0.081847149920583,0.0292605211471473,1.43640359084739,-0.548001567950902,0.885074842870939,-1.75987860190371,-2.02335188004024,-1.79517321652362,1.07777942308637,1.63655469816619,3.27509315095813e-09,0.588025821137073,0.449525058374878,0.176030079245642,0.477526120475978,0.070746891107234,0.221499052025412,0.935420031897534,0.976889151914203,0.163284391573596,0.588551007641082,0.384550146129646,0.0906611455811623,0.0538524854351221,0.0847260533681851,0.291422411425429,0.114252228436735,7.20520493210789e-08,1,1,1,1,1,1,1,1,1,1,1,1,1,1,1,1,TRUE,FALSE,FALSE,FALSE,FALSE,FALSE,FALSE,FALSE,FALSE,FALSE,FALSE,FALSE,FALSE,FALSE,FALSE,FALSE,FALSE,FALSE,TRUE,FALSE,TRUE,TRUE,TRUE,TRUE,TRUE,TRUE,TRUE,TRUE,TRUE,TRUE,TRUE,TRUE,TRUE,TRUE
"44","95c08da59378a0eb674c2b7dab943428",-30.3757656135384,0.356431684616055,1.61227936624607,0.00874743980237502,-0.451495697682132,0.657749845151213,-0.00334591146644129,-0.0878660309516346,9.85805767795588,0.150082694799106,0.12492227391054,-0.00727447067420654,-0.302140875605645,-0.397495053142055,0.00033815437807647,0.0493417044995782,0.47516891185289,0.693797045437069,0.287423797894729,0.581805676768351,0.0162853295127469,0.278682499819078,0.0606232766403105,0.151365530232274,0.176679105436892,16.2451225305176,0.0418438904246546,0.31727343430923,0.102330747224184,0.142202789108374,0.239068974942469,0.111741324626793,0.110776774693924,0.151260181587082,-43.7819183770127,1.24009106840416,2.77116472152954,0.537136187236998,-1.62010782153614,10.8497904040022,-0.0221048442225051,-0.497319876814858,0.606831845031443,3.58672898901093,0.393736948643437,-0.0710878291377059,-2.12471835116666,-1.66267937208377,0.00302622489223104,0.445415608424322,3.14140117291429,6.88522886436367e-26,0.226017272263158,0.0101798009782305,0.59574094413639,0.117276372647079,3.77795985628669e-11,0.982533096825801,0.623143247357429,0.549225411689308,0.00135991816983673,0.696985797842486,0.943871848940635,0.0432787784347759,0.108387168065224,0.997608525845756,0.6597061091863,0.00416426006737428,2.96064841167638e-24,1,0.478450645976833,1,1,1.73786153389188e-09,1,1,1,0.0557566449633057,1,1,1,1,1,1,0.212377263436088,TRUE,FALSE,FALSE,FALSE,FALSE,TRUE,FALSE,FALSE,FALSE,TRUE,FALSE,FALSE,FALSE,FALSE,FALSE,FALSE,FALSE,FALSE,TRUE,FALSE,TRUE,TRUE,FALSE,TRUE,TRUE,TRUE,FALSE,TRUE,TRUE,FALSE,TRUE,TRUE,TRUE,TRUE
"45","6a49b0df18b1abfe220ecc00d5cbf296",41.1269055068192,0.0856690946018713,1.63335781399238,-0.0503099406915693,-0.325291642667297,-0.501277864275559,0.442343465266725,0.0123145267584987,0.313266903967058,-0.24250690606877,0.271096244513245,0.214285768964621,-0.0487680408301177,-0.78992580587716,-0.144735450009493,-0.0157052415963876,0.317637929758047,0.969468873898884,0.281192755643741,0.614206900433111,0.0133884696475531,0.355215471515896,0.0426359358646043,0.20764197207635,0.24983371012199,23.0957268382052,0.053685973723991,0.377384913224698,0.112756992955002,0.138629143849653,0.248011569984843,0.135359470004151,0.0926948770826332,0.15956371101448,42.4220999911224,0.304663235031597,2.65929577287492,-3.75770659500014,-0.915758655666381,-11.7571680815786,2.13031816661842,0.0492908933405573,0.0135638469471698,-4.51713714490009,0.718354748727944,1.90042110337348,-0.351787794945974,-3.18503610910344,-1.06926726297802,-0.169429445193472,1.99066521916893,1.70652474725566e-19,0.764117083367457,0.0159718620872444,0.0014409876571821,0.3718996534912,7.00835120829604e-10,0.0471943767590732,0.961230305044932,0.989327157283834,0.000266727538247713,0.481759765535217,0.0735160462322631,0.729082097634173,0.00512838816445036,0.299079402333035,0.8673484364077,0.061921968540332,5.80218414066925e-18,1,0.734705656013241,0.0763723458306511,1,3.08367453165026e-08,1,1,1,0.0117360116828994,1,1,1,0.27693296088032,1,1,1,TRUE,FALSE,FALSE,TRUE,FALSE,TRUE,FALSE,FALSE,FALSE,TRUE,FALSE,FALSE,FALSE,FALSE,FALSE,FALSE,FALSE,FALSE,TRUE,TRUE,FALSE,TRUE,FALSE,TRUE,FALSE,TRUE,FALSE,TRUE,TRUE,TRUE,TRUE,TRUE,TRUE,TRUE
"46","5c4a1032c65d0d99d6d6bee379b63a2c",43.6759837783835,-0.0973374850311546,2.815077303197,-0.0206171049415908,-0.117699460250157,-0.558799697737466,0.670252021194302,-0.238827899979473,14.1261818638571,-0.332709514096491,0.0220702386357789,-0.0550050848985056,-0.112868262896198,-1.05946486250519,0.0180537693294809,0.0440058885683407,0.0552833951519308,1.24601018081756,0.273252177179112,0.683578378579496,0.010791458505751,0.443701229311963,0.0388119532835283,0.264323769249224,0.322600208678799,29.953405993025,0.0655365784696307,0.420676760925532,0.11362240453817,0.140152707950131,0.261727636417275,0.159526837813894,0.0819157871205853,0.166774714303505,35.0526700750759,-0.356218515936478,4.11814854215671,-1.91050217453029,-0.265267374698669,-14.3976185288932,2.53572360555414,-0.740321591723659,0.471605194652875,-5.07669948394799,0.0524636506832992,-0.48410421449959,-0.805323454302133,-4.04796710430713,0.113170734008673,0.537208883845079,0.331485473579187,3.99072004866117e-09,0.732171484372302,0.00446993912116498,0.0976853807934928,0.798445583250108,1.85717353203381e-06,0.0389062603348775,0.483191245508883,0.651554369279089,0.00143631302768243,0.95962505213326,0.643090059699239,0.447120503158227,0.00488335255688045,0.91307246880776,0.607768557002004,0.749980967629056,8.03414599864957e-08,1,0.219027016937084,1,1,7.24297677493185e-05,1,1,1,0.0574525211072974,1,1,1,0.268584390628425,1,1,1,TRUE,FALSE,FALSE,FALSE,FALSE,TRUE,FALSE,FALSE,FALSE,TRUE,FALSE,FALSE,FALSE,FALSE,FALSE,FALSE,FALSE,FALSE,TRUE,TRUE,TRUE,TRUE,FALSE,TRUE,FALSE,FALSE,FALSE,TRUE,TRUE,TRUE,TRUE,TRUE,TRUE,TRUE
"47","c4228a5878f56464e576996e95eefc5e",0.128395562906541,0.252677013097555,NA,0.0157813725358587,0.191362950243082,0.0555031198474555,0.0929657440694923,0.0609819211983666,-3.58418422373929,0.00397368224871316,0.0108556740967504,-0.0260690929955308,-0.60492016115037,0.104749732333047,0.0178556918546126,-0.344927209052784,-0.702493725818556,1.13068201438137,0.280883786853358,NA,0.011913627385863,0.405899563373814,0.0513565362443288,0.240582011974683,0.291842189620946,27.0934118425876,0.0606246294101982,0.406384083825496,0.121327074262198,0.129890956090704,0.267188125215922,0.151614331924031,0.0969412427765377,0.165106025759209,0.113555855026835,0.899578490906172,NA,1.32464882648465,0.471453944548459,1.08074110729352,0.38642017874252,0.208955124951508,-0.132289880822812,0.0655456748745867,0.0267128426747438,-0.214866246087772,-4.65713841330069,0.392044864450454,0.11777047478308,-3.55810591213367,-4.25480367895885,0.911324832014665,0.384705313889203,1,0.20810270375539,0.64513076180887,0.299454307142896,0.705436137881057,0.837721863241665,0.896780646991594,0.948736800708755,0.979094483096595,0.833205567244198,0.000448680749518152,0.701376660034533,0.908049708816568,0.00350163367088753,0.000938781820658573,1,1,1,1,1,1,1,1,1,1,1,1,0.023780079724462,1,1,0.182084950886152,0.0506942183155629,FALSE,FALSE,FALSE,FALSE,FALSE,FALSE,FALSE,FALSE,FALSE,FALSE,FALSE,FALSE,TRUE,FALSE,FALSE,FALSE,TRUE,TRUE,TRUE,TRUE,TRUE,FALSE,TRUE,TRUE,FALSE,TRUE,TRUE,TRUE,TRUE,TRUE,TRUE,TRUE,TRUE,TRUE
"48","f55e6f0203460ecfb665c9dbc579b714",2.97721284371061,0.187414383846372,-0.0681357373933705,-0.0170119703281802,-0.253074582243546,0.031120122191692,0.10264800959435,0.113497628593415,-6.44107822823218,0.0118181612155789,0.133665632382473,0.157560067324743,-0.484023269244188,-0.0408778375930356,-0.104926424827195,0.107893573570925,0.294158402195316,0.913433563634278,0.349723123303099,0.639764015696195,0.0208428433898936,0.345931437829964,0.0753072909693284,0.198272124844537,0.235928068496736,21.7029199337625,0.0520307287197078,0.393994250323895,0.125696005160967,0.164534451377,0.25830497487367,0.137928229437289,0.127173887151943,0.173739413783923,3.25936440507526,0.535893600847044,-0.106501359441457,-0.816201993650685,-0.73157439471558,0.413241822818546,0.517712763076679,0.481068782178352,-0.296783946486944,0.227138106776169,0.339257824885996,1.25350099331296,-2.94177459610048,-0.158254162983225,-0.76073205068511,0.848394084565632,1.69310115528049,0.0039255782697698,0.597942103403093,0.9162456124661,0.423999864611167,0.47291394232939,0.683826502364071,0.610338117903075,0.635688674454419,0.769691696314605,0.822622012528664,0.737951928834168,0.224479359171781,0.00806433346118257,0.875843513856915,0.455693088032544,0.406258427794359,0.105956003220279,0.0628092523163169,1,1,1,1,1,1,1,1,1,1,1,0.395152339597946,1,1,1,1,TRUE,FALSE,FALSE,FALSE,FALSE,FALSE,FALSE,FALSE,FALSE,FALSE,FALSE,FALSE,FALSE,FALSE,FALSE,FALSE,FALSE,TRUE,TRUE,TRUE,TRUE,TRUE,FALSE,FALSE,TRUE,TRUE,FALSE,TRUE,FALSE,FALSE,FALSE,TRUE,TRUE,TRUE
"49","b73c9d186b67a61bce0ba79c990aef39",1.52566414512591,-0.596276486366107,0.780897565454666,-0.0060120176191632,0.265002854997087,-0.0162381126357381,0.134700461221988,0.0120931240868383,0.0957018273433228,-0.0341580483715313,-0.258621677577037,0.103994209213184,-0.311991095592013,0.020600380197074,0.147315102781638,-0.275153724823544,-0.395840535408917,0.999391737886318,0.300731695817375,0.668450714728235,0.012589035557992,0.362868784697746,0.0542573407871259,0.213513133989296,0.256810207104045,23.835701224526,0.0544610426385835,0.385572106529975,0.133486653861984,0.149004492971104,0.248216601579261,0.142533976679272,0.0954210128900788,0.165682704936396,1.52659271363664,-1.98275238246988,1.16822010695605,-0.477559825092919,0.730299397943039,-0.299279551857267,0.630876699270131,0.0470897330102569,0.00401506238234138,-0.627201513533487,-0.670747891761541,0.779060724083372,-2.09383683250757,0.082993563146081,1.03354376418701,-2.88357581301836,-2.38914819480329,0.145252446695196,0.0637934443084458,0.258840748207397,0.639045917296346,0.475151878982373,0.768354717262983,0.536511382611058,0.962990487706979,0.996843192440927,0.538860482644933,0.51139194053236,0.446653944708056,0.051571091661601,0.934826073774878,0.315829558812059,0.0103152532404027,0.0287502590229971,1,1,1,1,1,1,1,1,1,1,1,1,1,1,1,0.464186395818122,1,FALSE,FALSE,FALSE,FALSE,FALSE,FALSE,FALSE,FALSE,FALSE,FALSE,FALSE,FALSE,FALSE,FALSE,FALSE,FALSE,FALSE,TRUE,FALSE,FALSE,TRUE,FALSE,TRUE,TRUE,TRUE,TRUE,TRUE,TRUE,FALSE,FALSE,FALSE,TRUE,TRUE,TRUE
"50","6960eba3db7d4d863d042ab497d7481a",13.8796329066812,-0.733587493953789,3.48950596919816,-0.095168104061597,0.176972326772552,-0.132594238603997,0.337605545564818,-0.0228384815499025,4.71868119357983,-0.075976589659019,0.200982714302918,0.442689860095168,0.377571360436686,0.532228391671451,-0.185072224102248,-0.0355000252002593,-0.717369051878838,1.07923633239939,0.286851313125895,0.702119788792289,0.0153236017190096,0.394505581261666,0.0484908351569049,0.230090057398408,0.278705584135588,25.817441222365,0.0583709605027284,0.398623281483737,0.118920461986207,0.151645790142734,0.259531322660723,0.149757622194472,0.0965033392299872,0.170062174984043,12.8606056801512,-2.55737889417235,4.9699581537225,-6.21055713967928,0.448592707374577,-2.73441853857442,1.46727568058381,-0.0819448294182428,0.182771063675053,-1.30161623184987,0.504192112299186,3.72257097476221,2.48982421524068,2.05072893019243,-1.23581171622716,-0.367863179487038,-4.2182751805106,3.82578380888075e-09,0.0227888394418059,0.000205671253601562,2.27318904330523e-05,0.66059037021373,0.016130832841451,0.164404495359128,0.935850618177446,0.857597980983081,0.214059264577681,0.621967876693134,0.00227344996090845,0.0259720562474877,0.0594996671634359,0.236863649169349,0.718477284903777,0.000859471245559684,8.03414599864957e-08,1,0.0109005764408828,0.00125025397381787,1,0.435532486719176,1,1,1,1,1,0.122766297889056,1,1,1,1,0.0472709185057826,TRUE,FALSE,TRUE,TRUE,FALSE,FALSE,FALSE,FALSE,FALSE,FALSE,FALSE,FALSE,FALSE,FALSE,FALSE,FALSE,TRUE,TRUE,TRUE,FALSE,FALSE,TRUE,FALSE,FALSE,TRUE,FALSE,FALSE,TRUE,TRUE,FALSE,TRUE,TRUE,FALSE,FALSE
"51","d2a7d567b64364c09cf4bea1e3f5aef5",60.0976730857887,11.355125450483,NA,-1.19130053579212,-4.2789501038627,0.755003670984262,NA,NA,NA,NA,NA,NA,NA,NA,NA,NA,NA,1.61174210622507,0.250760145482527,NA,0.00699071348254152,0.561716426953848,0.0266326500787471,NA,NA,NA,NA,NA,NA,NA,NA,NA,NA,NA,37.2874002941737,45.2828156907983,NA,-170.41186693851,-7.6176339137297,28.348800016216,NA,NA,NA,NA,NA,NA,NA,NA,NA,NA,NA,1,1,1,1,1,1,1,1,1,1,1,1,1,1,1,1,1,1,1,1,1,1,1,1,1,1,1,1,1,1,1,1,1,1,FALSE,FALSE,FALSE,FALSE,FALSE,FALSE,FALSE,FALSE,FALSE,FALSE,FALSE,FALSE,FALSE,FALSE,FALSE,FALSE,FALSE,TRUE,TRUE,TRUE,TRUE,TRUE,TRUE,TRUE,TRUE,TRUE,TRUE,TRUE,TRUE,TRUE,TRUE,TRUE,TRUE,FALSE
"52","6545176af2fa076f03140433793c0d00",26.8989875913476,-0.209215437456717,-0.0836319166154629,-0.02962213098359,-0.227919609451024,-0.457223438452285,0.474220439034243,-0.107600860803282,11.1146083364332,-0.163412835570513,0.101105642242639,-0.0382340501138948,-0.272039000514255,0.142141089066097,-0.161381313474547,-0.236752172155253,0.130172085290051,0.519699255703847,0.436532893830023,0.796251253999105,0.0213964339416573,0.243191313212798,0.102600134074007,0.126645109084974,0.129329791178658,11.8781677879616,0.036191762018114,0.419759310040128,0.172986736353262,0.21218426138935,0.28015764570823,0.117035906026678,0.205248178242802,0.254645630403752,51.758757196828,-0.479266145607302,-0.105032068954904,-1.38444242925536,-0.937202922423421,-4.45636297241566,3.7444828502304,-0.831988204903544,0.935717404808651,-4.51519424472133,0.240865752883417,-0.221023015520772,-1.28208849578657,0.507361092026486,-1.37890429487307,-1.15349219750532,0.511189157589932,6.71097653230383e-31,0.63522458326639,0.917049477153939,0.176435153127655,0.356138351896874,0.000107567335570971,0.000766690666711002,0.411989576422929,0.356890397335177,9.1224952313884e-05,0.811297731027082,0.826571957730184,0.209631142938432,0.615611165445706,0.178119401270435,0.257815944172668,0.612960505402107,3.22126873550584e-29,1,1,1,1,0.00354972207384206,0.0411574983811529,1,1,0.00428757275875255,1,1,1,1,1,1,1,TRUE,FALSE,FALSE,FALSE,FALSE,TRUE,TRUE,FALSE,FALSE,TRUE,FALSE,FALSE,FALSE,FALSE,FALSE,FALSE,FALSE,FALSE,TRUE,TRUE,FALSE,TRUE,FALSE,FALSE,TRUE,TRUE,FALSE,TRUE,TRUE,TRUE,TRUE,FALSE,TRUE,TRUE
"53","719ab97ff4cf3c7b809b054134f4dc70",-22.8517171195642,0.64212883990331,2.31537199349712,-0.0278350172149357,-0.294590125482585,0.515321401894206,0.00382544596046047,0.00463138276631686,2.19468330260075,0.156137699933323,-0.361799533822948,0.431462455368112,-0.157439118586685,-0.307990402726885,-0.135089144424602,0.312492741281667,-0.110313140935782,0.629202495397101,0.421292276439743,0.713277316433173,0.0237481301329361,0.259454079796407,0.0913173714669356,0.146753493811365,0.161940259568568,14.6173056037243,0.0452067557721456,0.412660357204878,0.150098974272639,0.18426658750852,0.320814836256715,0.128527082161798,0.142507750826966,0.194317899725765,-36.3185417838212,1.52418849291474,3.24610350021421,-1.17209300518071,-1.13542298395828,5.64319136234441,0.0260671542537696,0.0285993290282203,0.150142807580186,3.45385766499812,-0.876748947423901,2.87451967915788,-0.854409476592739,-0.960025434984658,-1.05105587205771,2.19281224683069,-0.567694180986229,4.24267889506744e-25,0.138677952502681,0.00302932624817592,0.2510364030039,0.265824157373418,4.80039892390912e-06,0.979388673649834,0.977387020660795,0.881728299631185,0.00177706516196228,0.388083484180155,0.0076434282623916,0.400129578666871,0.345259795238181,0.302220029074438,0.0367925534462391,0.574766873883273,1.73949834697765e-23,1,0.154495638656972,1,1,0.000182415159108547,1,1,1,0.069305541316529,1,0.405101697906755,1,1,1,1,1,TRUE,FALSE,FALSE,FALSE,FALSE,TRUE,FALSE,FALSE,FALSE,TRUE,FALSE,FALSE,FALSE,FALSE,FALSE,FALSE,FALSE,FALSE,TRUE,TRUE,TRUE,TRUE,FALSE,FALSE,TRUE,TRUE,FALSE,TRUE,TRUE,TRUE,TRUE,TRUE,TRUE,TRUE
"54","3fae853851bfe19cdb50e15749f373b6",-2.96611616912296,0.377170718092227,0.372240526132117,-0.017247813036871,-0.323665290991588,0.104614801204573,0.239089516844692,-0.0525818704788417,5.69138461455656,0.0172622627857187,-0.0917804642939743,0.0170305837900785,-0.396582164842342,-0.200174903826759,-0.141951860089341,0.110476347544853,0.240212374936275,0.2078555366069,0.26030475933366,0.545797074669605,0.0156720590876982,0.143027575396899,0.0585913733011043,0.0613213875972492,0.0482301346600908,4.03161778634933,0.0267681051841447,0.273255511809318,0.0998115120319794,0.147958590961138,0.213849611516842,0.088617830477872,0.0981897689856926,0.156244528017175,-14.2700849712391,1.44895820982192,0.682012680917081,-1.10054543186413,-2.26295726606161,1.78549836452804,3.89895803426694,-1.09022856455659,1.41168754484293,0.644881760100953,-0.335877815185738,0.170627450114391,-2.68035916175023,-0.936054559121768,-1.60184309775882,1.12513094476218,1.53741304085778,1.13027520954125e-15,0.156785953662796,0.499990198723147,0.27905792999452,0.0303425858187331,0.083374425883841,0.000447804251355653,0.283509564136913,0.167402049890571,0.523462054209851,0.739089257627497,0.865558582107041,0.0113871318727825,0.356045136594155,0.118720921019043,0.268650602084811,0.133726354195726,3.39082562862375e-14,1,1,1,1,1,0.0246292338245609,1,1,1,1,1,0.546582329893558,1,1,1,1,TRUE,FALSE,FALSE,FALSE,FALSE,FALSE,TRUE,FALSE,FALSE,FALSE,FALSE,FALSE,FALSE,FALSE,FALSE,FALSE,FALSE,FALSE,FALSE,TRUE,TRUE,FALSE,TRUE,TRUE,FALSE,FALSE,TRUE,TRUE,TRUE,FALSE,TRUE,FALSE,TRUE,FALSE
"55","a99fb503372ef5103fa41e0c743bbad2",-5.80176135808446,0.0340588506909839,1.22252384290423,-0.000529614144816902,0.260538254422897,0.134430329450712,0.19157516281221,-0.0391039476412482,3.89325841863636,0.0482466902459333,0.380651175889199,-0.0212119224448097,-0.483122443737944,0.122065371233216,-0.151383717437609,-0.26223459527796,-0.344560904975325,0.775890770118879,0.317984449027528,0.593790482439597,0.0160282597208459,0.300591911325834,0.0522414193654287,0.168909577636008,0.197643808169286,18.2850016895526,0.046135729625464,0.366217052231203,0.11493588175101,0.151701212512345,0.24600221405821,0.122340439282925,0.147931162534369,0.160542068869783,-7.47754913645325,0.107108541927581,2.05884715073483,-0.0330425232708265,0.86675071619103,2.57325185807782,1.13418768487507,-0.197850608139239,0.21292086731722,1.04575544025436,1.0394141222263,-0.184554397822969,-3.1846973121499,0.496196230186499,-1.23739720345059,-1.77267987883915,-2.14623436337302,1.02099652268006e-07,0.91559320717029,0.050519856959704,0.973913947843793,0.394661796109461,0.0166812768127306,0.267917873281116,0.844828183872632,0.83318690108317,0.306092759703046,0.308971034111214,0.855129177438329,0.00398554206190492,0.624269915709347,0.227909992016985,0.0889764420419527,0.0421741283313248,1.93989339309212e-06,1,1,1,1,0.435532486719176,1,1,1,1,1,1,0.207248187219056,1,1,1,1,TRUE,FALSE,FALSE,FALSE,FALSE,FALSE,FALSE,FALSE,FALSE,FALSE,FALSE,FALSE,FALSE,FALSE,FALSE,FALSE,FALSE,FALSE,TRUE,TRUE,TRUE,FALSE,TRUE,TRUE,TRUE,TRUE,TRUE,TRUE,TRUE,TRUE,TRUE,TRUE,TRUE,TRUE
