"","taxon","lfc_(Intercept)","lfc_Crohn_case_control","lfc_F1_SDC_AGE_CALC","lfc_A_HS_DENTAL_VISIT_LAST","lfc_PM_BIOIMPED_BMI","lfc_PM_BIOIMPED_WEIGHT","lfc_PM_WAIST_AVG","lfc_PM_WAIST_HIP_RATIO","lfc_PM_STANDING_HEIGHT_AVG","lfc_A_SLE_LIGHT_EXP","lfc_NUT_VEG_DAY_QTY","lfc_NUT_JUICE_DAY_QTY","lfc_REFINED_GRAIN_SERVINGS_DAY_QTY","lfc_PM_BIOIMPED_FFM","lfc_SALT_SEASONING","lfc_NUTS_SEEDS_SERVINGS_PER_DAY","se_(Intercept)","se_Crohn_case_control","se_F1_SDC_AGE_CALC","se_A_HS_DENTAL_VISIT_LAST","se_PM_BIOIMPED_BMI","se_PM_BIOIMPED_WEIGHT","se_PM_WAIST_AVG","se_PM_WAIST_HIP_RATIO","se_PM_STANDING_HEIGHT_AVG","se_A_SLE_LIGHT_EXP","se_NUT_VEG_DAY_QTY","se_NUT_JUICE_DAY_QTY","se_REFINED_GRAIN_SERVINGS_DAY_QTY","se_PM_BIOIMPED_FFM","se_SALT_SEASONING","se_NUTS_SEEDS_SERVINGS_PER_DAY","W_(Intercept)","W_Crohn_case_control","W_F1_SDC_AGE_CALC","W_A_HS_DENTAL_VISIT_LAST","W_PM_BIOIMPED_BMI","W_PM_BIOIMPED_WEIGHT","W_PM_WAIST_AVG","W_PM_WAIST_HIP_RATIO","W_PM_STANDING_HEIGHT_AVG","W_A_SLE_LIGHT_EXP","W_NUT_VEG_DAY_QTY","W_NUT_JUICE_DAY_QTY","W_REFINED_GRAIN_SERVINGS_DAY_QTY","W_PM_BIOIMPED_FFM","W_SALT_SEASONING","W_NUTS_SEEDS_SERVINGS_PER_DAY","p_(Intercept)","p_Crohn_case_control","p_F1_SDC_AGE_CALC","p_A_HS_DENTAL_VISIT_LAST","p_PM_BIOIMPED_BMI","p_PM_BIOIMPED_WEIGHT","p_PM_WAIST_AVG","p_PM_WAIST_HIP_RATIO","p_PM_STANDING_HEIGHT_AVG","p_A_SLE_LIGHT_EXP","p_NUT_VEG_DAY_QTY","p_NUT_JUICE_DAY_QTY","p_REFINED_GRAIN_SERVINGS_DAY_QTY","p_PM_BIOIMPED_FFM","p_SALT_SEASONING","p_NUTS_SEEDS_SERVINGS_PER_DAY","q_(Intercept)","q_Crohn_case_control","q_F1_SDC_AGE_CALC","q_A_HS_DENTAL_VISIT_LAST","q_PM_BIOIMPED_BMI","q_PM_BIOIMPED_WEIGHT","q_PM_WAIST_AVG","q_PM_WAIST_HIP_RATIO","q_PM_STANDING_HEIGHT_AVG","q_A_SLE_LIGHT_EXP","q_NUT_VEG_DAY_QTY","q_NUT_JUICE_DAY_QTY","q_REFINED_GRAIN_SERVINGS_DAY_QTY","q_PM_BIOIMPED_FFM","q_SALT_SEASONING","q_NUTS_SEEDS_SERVINGS_PER_DAY","diff_(Intercept)","diff_Crohn_case_control","diff_F1_SDC_AGE_CALC","diff_A_HS_DENTAL_VISIT_LAST","diff_PM_BIOIMPED_BMI","diff_PM_BIOIMPED_WEIGHT","diff_PM_WAIST_AVG","diff_PM_WAIST_HIP_RATIO","diff_PM_STANDING_HEIGHT_AVG","diff_A_SLE_LIGHT_EXP","diff_NUT_VEG_DAY_QTY","diff_NUT_JUICE_DAY_QTY","diff_REFINED_GRAIN_SERVINGS_DAY_QTY","diff_PM_BIOIMPED_FFM","diff_SALT_SEASONING","diff_NUTS_SEEDS_SERVINGS_PER_DAY","passed_ss_(Intercept)","passed_ss_Crohn_case_control","passed_ss_F1_SDC_AGE_CALC","passed_ss_A_HS_DENTAL_VISIT_LAST","passed_ss_PM_BIOIMPED_BMI","passed_ss_PM_BIOIMPED_WEIGHT","passed_ss_PM_WAIST_AVG","passed_ss_PM_WAIST_HIP_RATIO","passed_ss_PM_STANDING_HEIGHT_AVG","passed_ss_A_SLE_LIGHT_EXP","passed_ss_NUT_VEG_DAY_QTY","passed_ss_NUT_JUICE_DAY_QTY","passed_ss_REFINED_GRAIN_SERVINGS_DAY_QTY","passed_ss_PM_BIOIMPED_FFM","passed_ss_SALT_SEASONING","passed_ss_NUTS_SEEDS_SERVINGS_PER_DAY"
"1","7e464b9b7f9ca86103a675a09263efec",-22.2127670025447,0.32454148138407,0.00228038831433389,0.884667733139135,0.173478837509157,-0.291829087905713,0.121201071398064,14.4874503167653,-0.0288990383593983,-0.0416543022166491,0.20467812544174,-0.163976130845415,0.37007840259132,-0.0297406587037407,0.192312618579814,1.13149519468962,34.7221495696888,0.217786614867475,0.0150290152021351,0.372026144788136,0.0934030774115681,0.065127253522029,0.0767511145649368,10.3326519983689,0.0394350512502865,0.373067175105648,0.188141260483409,0.0651804326018093,0.24596878520683,0.101718406369369,0.0881091320955235,0.531459884704112,-0.639729028237804,1.49018102688063,0.151732384568347,2.3779719396951,1.85731393779185,-4.48090579786238,1.57914412168594,1.40210376958908,-0.732826189979615,-0.111653624323429,1.08789600386349,-2.51572633534292,1.50457466495242,-0.292382271461704,2.18266386248497,2.12903217581432,0.540232029899004,0.174508965392345,0.883154645810593,0.0446869047832371,0.10034367140538,0.00205332977246975,0.152956668766379,0.198473251054118,0.484580263239716,0.913848635069358,0.308326821920728,0.0360479369748159,0.170846909556364,0.777433834654816,0.0606102449658539,0.0658921806992207,1,1,1,1,1,0.0657065527190319,1,1,1,1,1,0.973294298320028,1,1,1,1,FALSE,FALSE,FALSE,FALSE,FALSE,TRUE,FALSE,FALSE,FALSE,FALSE,FALSE,FALSE,FALSE,FALSE,FALSE,FALSE,TRUE,TRUE,FALSE,FALSE,TRUE,FALSE,TRUE,TRUE,TRUE,TRUE,TRUE,TRUE,TRUE,TRUE,TRUE,FALSE
"2","c2ba82ad21732bcd0ef11c61560cf91c",22.228059008975,0.191964056461913,-0.00428112202367528,0.0839530453246952,-0.860183171985221,0.217861955337802,-0.432118840633558,63.9354663017833,-0.484024730912912,0.748402057666566,-1.53328429263128,0.901359914177216,2.2182773228471,0.453820538566352,-0.00734015075739853,0.108178664828062,34.7218849775446,0.175584762519493,0.0127989357478182,0.469372336450473,0.0849624483111947,0.0706676768872436,0.0808108244042355,10.3415755803567,0.0488773448945106,0.502863788418041,0.203454443917489,0.0631719677317331,0.346000423580515,0.117077152483452,0.105722352835727,0.843238633137913,0.640174317245459,1.09328425603333,-0.334490469209917,0.178862363213759,-10.1242747717745,3.08290812623457,-5.3472891016678,6.1823719031001,-9.90284419003442,1.48827987797841,-7.5362536354974,14.2683526656149,6.41119828667174,3.8762519325066,-0.0694285603802608,0.128289502611497,0.587612340907345,0.388383375545037,0.769829993102453,0.874524771592948,0.00961552106693187,0.0910707943934074,0.0332390999055335,0.0251791830654051,0.0100438111619504,0.275085134583992,0.0171553679419831,0.00487603495896439,0.0234755423660497,0.060570402903959,0.950965648962585,0.909656583568307,1,1,1,1,0.201925942405569,1,1,0.83091304115837,0.261139090210711,1,0.66905934973734,0.151157083727896,0.86859506754384,1,1,1,FALSE,FALSE,FALSE,FALSE,FALSE,FALSE,FALSE,FALSE,FALSE,FALSE,FALSE,FALSE,FALSE,FALSE,FALSE,FALSE,TRUE,TRUE,TRUE,TRUE,TRUE,TRUE,TRUE,TRUE,TRUE,TRUE,TRUE,FALSE,FALSE,FALSE,TRUE,TRUE
"3","250a576e3788b3f444938c7b08afb2e3",71.854282877547,0.972084627350901,-0.144689938427321,1.5375761427224,-1.18623922898856,0.401818699067632,0.161763933027588,-8.09907112446741,-0.386787313832752,-0.0672339866353251,0.438641004717377,-0.157166056702904,-0.594083535583719,-0.442946013055517,-0.399619123800508,0.336882382930198,34.7233378602198,0.454811499967132,0.0339098913239023,0.492500151043672,0.171489982923351,0.0888797355029242,0.0965860806496485,10.3379389613545,0.0505580148538565,0.455512755540146,0.234125405631747,0.138699551119481,0.350374236859118,0.135367999031638,0.113978352283907,0.760507041330014,2.06933685830548,2.13733519803512,-4.26689478433486,3.12198105820693,-6.91725084326798,4.52092590953324,1.67481620477346,-0.783431896313525,-7.65036592023645,-0.147600667198878,1.87353014310335,-1.13314034136646,-1.6955685466754,-3.2721619306199,-3.50609669110764,0.442970761113587,0.0723035466206884,0.0650457790184916,0.00273567508448508,0.0141861406391733,0.000122381803808508,0.00194752710204389,0.13250157307422,0.455938752510321,6.0150175631385e-05,0.886310150701169,0.0978744410465476,0.289970174133482,0.12841105454509,0.0113195814235395,0.00800723138109979,0.669520466810973,1,1,0.0957486279569778,0.553259484927758,0.00398189313509539,0.0642683943674482,1,1,0.0019849557958357,1,1,1,1,0.418824512670961,0.312282023862892,1,FALSE,FALSE,TRUE,FALSE,TRUE,TRUE,FALSE,FALSE,TRUE,FALSE,FALSE,FALSE,FALSE,FALSE,FALSE,FALSE,TRUE,FALSE,FALSE,FALSE,FALSE,FALSE,TRUE,TRUE,FALSE,TRUE,TRUE,TRUE,TRUE,FALSE,TRUE,TRUE
"4","ed32eeb458a2b9bdee12e2db96fcb98b",-236.443524254392,3.09802947732377,0.158786710150042,-0.645980704602017,4.69020341717741,-2.07114043499668,0.866713466157788,-85.4181710146688,1.59569212718281,-2.89146084940079,0.053743634203471,1.75081919781185,-1.5868501663683,-0.458329973064403,-0.720559764436693,-1.3955089422742,34.7221036532497,0.200207090453894,0.0189849314399828,0.478540005066111,0.0914644350596154,0.0726676439943793,0.0832568992818216,10.3427780872423,0.0499546105355449,0.526889436096094,0.228125357704198,0.0687560389669494,0.376175238473023,0.121937679357248,0.106382626015416,0.887900409925089,-6.80959675184493,15.4741246691122,8.36382847375647,-1.34989906332444,51.2789852593567,-28.5015492611386,10.4101098363512,-8.25872606896897,31.9428399115914,-5.48779430998774,0.235588164088091,25.464224293861,-4.21838016986356,-3.75872310741298,-6.77328424222461,-1.57169534631923,0.0208919483928708,0.00415028179429408,0.0139957810572427,0.309532834969061,0.000380078672867309,0.00122874576564939,0.00910182292572472,0.01434659637947,0.000978622216076952,0.0316377104205156,0.835678443946021,0.00153863591577934,0.0518633994834551,0.0640555257576255,0.0211094957802846,0.256632423641175,0.814785987321962,0.145259862800293,0.433869212774523,1,0.0106422028402847,0.0417773560320792,0.354971094103264,0.502130873281452,0.0274014220501546,1,1,0.0492363493049388,1,1,0.802160839650814,1,FALSE,FALSE,FALSE,FALSE,TRUE,TRUE,FALSE,FALSE,TRUE,FALSE,FALSE,TRUE,FALSE,FALSE,FALSE,FALSE,TRUE,TRUE,TRUE,TRUE,FALSE,FALSE,TRUE,TRUE,FALSE,TRUE,TRUE,FALSE,TRUE,TRUE,TRUE,TRUE
"5","0f898170dbe4592000abdcde0dd2ba2e",11.0063806028463,1.36504900104815,-0.0487626365393412,0.221695713619598,-0.0659832717086191,-0.143262280519411,0.176658372182179,-3.01620707248951,-0.106282393449876,0.073395836459087,0.196788872274034,0.0155902878373993,-0.571943643058681,-0.188392715946744,-0.149064756257432,0.316169368206216,34.7221557894697,0.26347308091871,0.0152375877806087,0.393295185138415,0.0940059153445396,0.068558084431955,0.0807289998702454,10.3333395934389,0.0407139803415747,0.38216372810464,0.20918609324731,0.0731477384471976,0.265247807469054,0.107190935084226,0.0961228243124678,0.552183917589051,0.316984367836521,5.18098090434259,-3.20015459411473,0.563687840575965,-0.701905528676413,-2.08964824070605,2.18828887346703,-0.291890830182784,-2.61046433088112,0.192053381997023,0.940735921873068,0.213134242675914,-2.15626152960909,-1.75754335754896,-1.55077378680494,0.572579820119855,0.759369701006882,0.000841743463853465,0.0126094196556837,0.588414580439393,0.502644031982717,0.0700563834526338,0.060081058630097,0.777796191470933,0.0311078551982401,0.85248576715248,0.374373877845911,0.836553344546712,0.0631561988195694,0.116883196186072,0.159553538889924,0.58265887396163,1,0.0328279950902851,0.403501428981878,1,1,1,1,1,0.591049248766561,1,1,1,1,1,1,1,FALSE,TRUE,FALSE,FALSE,FALSE,FALSE,FALSE,FALSE,FALSE,FALSE,FALSE,FALSE,FALSE,FALSE,FALSE,FALSE,TRUE,FALSE,TRUE,TRUE,TRUE,TRUE,TRUE,TRUE,TRUE,TRUE,TRUE,FALSE,TRUE,TRUE,TRUE,TRUE
"6","b5c3abd1c966bb0457d8dfe34c35b160",393.094840906143,1.85222254988916,-0.188442026235596,-2.12138347651109,-8.43749395903776,2.17209822058777,0.131875236999154,102.397017308827,-2.67955549063087,0.302327971319856,1.23159001689043,0.55353426080031,0.717863172710452,0.049811427985625,-0.124628824220478,-0.632713248915213,34.7217741631127,0.107233430916414,0.00943897899325031,0.491198505704106,0.0821200705220192,0.0716682165894862,0.0817782443458534,10.3436663325725,0.0512988759643697,0.531664613992021,0.208439427145764,0.0488244411354878,0.36897985085069,0.119648747054125,0.106767499156721,0.920482335022233,11.3212775090207,17.2728088065458,-19.964238332382,-4.3187905742307,-102.745819693072,30.3076918047158,1.61259559989369,9.89948960228697,-52.2341950044285,0.568644147764163,5.90862311298316,11.3372370052174,1.94553488775987,0.416313828703045,-1.16729178078376,-0.68737141913748,1,1,1,1,1,1,1,1,1,1,1,1,1,1,1,1,1,1,1,1,1,1,1,1,1,1,1,1,1,1,1,1,FALSE,FALSE,FALSE,FALSE,FALSE,FALSE,FALSE,FALSE,FALSE,FALSE,FALSE,FALSE,FALSE,FALSE,FALSE,FALSE,TRUE,TRUE,TRUE,FALSE,TRUE,TRUE,TRUE,FALSE,TRUE,FALSE,FALSE,TRUE,FALSE,TRUE,TRUE,FALSE
"7","7d669e880492b330a9c9c649f65c2ba6",-415.824315379303,-2.27546948577259,0.410625758112492,-0.986674391044128,6.52502584536155,-2.39757684874245,0.214179453710292,-21.8907776895531,2.29652844464382,-2.27243348476715,-0.416635366332887,-0.657779546951206,-1.27203354972698,NA,NA,NA,34.7218081123487,0.111122555661556,0.00973319596715605,0.531656985189073,0.0848364274141861,0.0773853759296226,0.0862655113853454,10.3466640065497,0.0554757653891217,0.584716782068821,0.221987530167479,0.0508169715715669,0.408261540722942,NA,NA,NA,-11.9758831116694,-20.4771162094486,42.1881732884161,-1.85584769603514,76.913020081636,-30.9822989155329,2.48279353209372,-2.11573292374195,41.3969672799531,-3.88638321056379,-1.8768413073408,-12.9440918379962,-3.11573200716994,NA,NA,NA,1,1,1,1,1,1,1,1,1,1,1,1,1,1,1,1,1,1,1,1,1,1,1,1,1,1,1,1,1,1,1,1,FALSE,FALSE,FALSE,FALSE,FALSE,FALSE,FALSE,FALSE,FALSE,FALSE,FALSE,FALSE,FALSE,FALSE,FALSE,FALSE,TRUE,TRUE,FALSE,TRUE,TRUE,TRUE,TRUE,TRUE,TRUE,TRUE,TRUE,TRUE,TRUE,TRUE,FALSE,TRUE
"8","632a77028290d1ecbd9bfe2958610b8c",-19.4206531528014,-0.289984940002572,0.000379237173888889,0.878437642575054,0.164921808934462,-0.243357503321296,0.0612253435569547,9.01902766167723,-0.00896605171531167,-0.379642656469995,0.289600363192269,-0.191941743816262,-0.309428366899152,0.0102598177492169,0.00017721522793446,0.35260609653287,34.7225737716011,0.233219163717875,0.0148390740192113,0.350418708709706,0.120567728766689,0.0656161280313729,0.0796709119276208,10.3270510599727,0.0358083938216514,0.322842609709973,0.202052547099299,0.0639973875995554,0.190359449121679,0.0992320525462971,0.0914173676692322,0.361698762107189,-0.559309148006914,-1.24340099406825,0.0255566603008997,2.50682289712667,1.36787688232564,-3.70880621308439,0.768478006283855,0.873340086080788,-0.250389664500684,-1.17593726804231,1.43329231603275,-2.99921217124174,-1.62549517939276,0.103392175067931,0.00193852910505652,0.974861220090037,0.588257395328003,0.242080660958422,0.980113759638691,0.0310813584354395,0.201301270951264,0.00404927234713527,0.459966602675337,0.402962398379488,0.807355193419493,0.266856022659002,0.182289921803043,0.0133616306795171,0.135118143832892,0.91969583792381,0.998491405184663,0.352620956989623,1,1,1,1,1,0.117428898066923,1,1,1,1,1,0.387487289705994,1,1,1,1,FALSE,FALSE,FALSE,FALSE,FALSE,FALSE,FALSE,FALSE,FALSE,FALSE,FALSE,FALSE,FALSE,FALSE,FALSE,FALSE,TRUE,TRUE,TRUE,FALSE,TRUE,TRUE,TRUE,TRUE,TRUE,TRUE,TRUE,FALSE,TRUE,TRUE,TRUE,TRUE
"9","5b239eddc0c4c102c7f721bae475cf22",-32.5412693359164,-0.969510361155386,-0.0573973973206647,0.854037653396134,-0.116622158155678,0.022623171687721,-0.170646133324931,51.7241682076106,-0.0176075354997996,-0.204225639076214,-0.0311940923609548,-0.274675258041412,0.467378047572026,-0.214290586652116,-0.156037854515015,0.640247496305176,34.7224527788033,0.316731281498999,0.0223078779352532,0.455538058364083,0.115627474411614,0.0730317171635798,0.0829324509226708,10.3404298787792,0.0476952656204955,0.478007976015425,0.223372021371753,0.10893940837566,0.378656262799991,0.122168520252095,0.105657595481767,0.797078676793177,-0.937182333956015,-3.06098708206834,-2.57296536619287,1.87478880790582,-1.00860248612301,0.309771871268597,-2.05765211839751,5.00212939055463,-0.369167364322914,-0.427243161879005,-0.139650848702485,-2.52135808461744,1.2343069255371,-1.75405731533726,-1.47682571994497,0.803242534201307,0.391689407648329,0.0280704230404811,0.0498556066702994,0.119675025396343,0.359454124029393,0.76922899175027,0.0947157695246531,0.00409723939703899,0.727120660623076,0.686975963639434,0.894386827226658,0.0530866024601178,0.271933210837259,0.13978960811538,0.19975852727609,0.458301208778106,1,0.75790142209299,1,1,1,1,1,0.147500618293403,1,1,1,1,1,1,1,1,FALSE,FALSE,FALSE,FALSE,FALSE,FALSE,FALSE,FALSE,FALSE,FALSE,FALSE,FALSE,FALSE,FALSE,FALSE,FALSE,TRUE,TRUE,TRUE,TRUE,TRUE,TRUE,TRUE,FALSE,TRUE,TRUE,TRUE,FALSE,TRUE,FALSE,TRUE,TRUE
"10","969732ae717bf5a9282f4781499aadb4",-88.770409378846,1.41873980358716,-0.141567891810397,-0.116834386122625,1.74029451016588,-0.369531545800943,0.00360080201507107,16.8910636129593,0.50216266605259,0.790991486319503,0.19138239119966,-0.195160216132394,-0.20956786521348,-0.7160402092959,0.126502476578502,-0.888714204556043,34.7226650046874,0.370283497701926,0.0210737675237113,0.427439247121063,0.122930791200437,0.0802857952412117,0.0876967382044242,10.3381255237917,0.0460331895831005,0.476279799063533,0.235604430300101,0.0944417179122892,0.375605853574945,0.135809419221216,0.107085423368732,0.711144002479009,-2.55655518857387,3.83149617088588,-6.71773054586045,-0.273335653919338,14.1567014510494,-4.60270144538916,0.0410597028897183,1.63386133918445,10.9087089250262,1.66077059718838,0.812303872876615,-2.06646194548944,-0.557946217341536,-5.27238989314549,1.18132302790559,-1.24969654733505,0.0377408212967244,0.00644527099705304,0.00027295791769224,0.79248408506443,2.0827514011309e-06,0.00247625295704844,0.968394879571917,0.146305038444766,1.20250783033118e-05,0.140716933759667,0.443360744291152,0.077621118468618,0.594267508923152,0.00115760392771169,0.276049193485486,0.251572281738421,1,0.21269394290275,0.0106453587899974,1,7.91445532429741e-05,0.0767638416685015,1,1,0.000408852662312602,1,1,1,1,0.0451465531807561,1,1,FALSE,FALSE,TRUE,FALSE,TRUE,TRUE,FALSE,FALSE,TRUE,FALSE,FALSE,FALSE,FALSE,TRUE,FALSE,FALSE,TRUE,FALSE,TRUE,TRUE,FALSE,FALSE,TRUE,TRUE,FALSE,FALSE,TRUE,TRUE,TRUE,TRUE,TRUE,TRUE
"11","81b95cf5e2e0e3f7579b7dfa4b2ebed0",-12.6580183551739,1.51187071336547,-0.0953315600143263,0.217831740466105,0.373246466682489,-0.167392088753951,0.175799256382526,7.64315026368847,0.025747997799373,0.493039106960319,0.440138067135536,0.0258185706722896,-0.0694097447708604,-0.467306614951274,0.0574800067280495,-0.176404856059477,34.7229451791154,0.348190643719277,0.0226303639827678,0.445780256916317,0.140026525567192,0.0784545745595151,0.097107602421634,10.3347246219764,0.0419595250350712,0.460448572413305,0.262862649011067,0.117852050751314,0.324711961659085,0.129615804992632,0.140304513492518,0.565049060281145,-0.364543338414372,4.34207736662904,-4.21255089343317,0.488652732117289,2.66554115493915,-2.13361795272969,1.81035523479633,0.73956012794338,0.613638924126332,1.07077996653611,1.67440322461715,0.219076125597261,-0.213757893045325,-3.60532124132421,0.409680382314391,-0.312193875646311,0.723870650882115,0.00187177732704032,0.00226424730898704,0.63677357478162,0.0258103515187974,0.0616577837444099,0.103676474885736,0.478412349669222,0.55464435739048,0.312142254124617,0.128375019889094,0.831478350635888,0.835499928382732,0.00570076963102022,0.691619673417942,0.762005032822006,1,0.0692557611004919,0.0837771504325204,1,0.438775975819556,1,1,1,1,1,1,1,1,0.216629245978768,1,1,FALSE,TRUE,TRUE,FALSE,FALSE,FALSE,FALSE,FALSE,FALSE,FALSE,FALSE,FALSE,FALSE,FALSE,FALSE,FALSE,TRUE,TRUE,TRUE,TRUE,TRUE,TRUE,TRUE,TRUE,FALSE,TRUE,TRUE,TRUE,TRUE,FALSE,TRUE,TRUE
"12","26de4690cd2c89c490c37a8d1418d67a",-32.5727915483455,1.23815397524482,-0.0752533518408355,0.314712196606292,0.508397682006271,-0.258932178562464,0.202882114844349,4.41449762738224,0.16112273377359,-0.0726499680269257,0.285974476316715,0.0136611891774422,-0.680751632672677,-0.457830748611979,-0.180103102553753,-0.489028194219564,34.72237430453,0.197928587469834,0.0140094544153254,0.4539267240407,0.109918449832647,0.066864706925983,0.0829967424111097,10.3390888827172,0.0456050650445085,0.46672429911363,0.224267240096763,0.0581182230049093,0.314832569883492,0.109023257121092,0.106817485048262,0.755939969934977,-0.938092287775837,6.25555909367324,-5.37161188507906,0.693310571813952,4.62522609061825,-3.87247907702779,2.4444587697118,0.426971629459682,3.53300085453975,-0.155659279289502,1.27515046867,0.235058617953413,-2.16226559064266,-4.19938608239769,-1.68608259661215,-0.646914058879077,0.401308538009494,0.00333040772054511,0.00580106135382199,0.526268195646585,0.00984240117225523,0.0179556062870718,0.0708669998361531,0.691378687747157,0.0241651577081648,0.883841128199849,0.27128429213907,0.825706343856747,0.0966434656038633,0.0137025759245228,0.167058609383087,0.552937727377803,1,0.119894677939624,0.191435024676126,1,0.201925942405569,0.448890157176796,1,1,0.507468311871461,1,1,1,1,0.49329273328282,1,1,FALSE,FALSE,FALSE,FALSE,FALSE,FALSE,FALSE,FALSE,FALSE,FALSE,FALSE,FALSE,FALSE,FALSE,FALSE,FALSE,TRUE,FALSE,FALSE,TRUE,TRUE,TRUE,TRUE,TRUE,TRUE,TRUE,TRUE,FALSE,TRUE,FALSE,TRUE,TRUE
"13","c5bd025300b4ef0c652dd11cef56ac29",-249.852184380421,0.71459678301947,0.190137455505243,1.27930991742429,4.00693359962886,-1.71884263106551,0.314783986240157,-11.4093238616766,1.32514475184932,-1.77213434726587,0.541050686323419,-0.361540203281145,-1.05084972346721,NA,NA,NA,34.7218081123487,0.111122555661556,0.00973319596715605,0.531656985189073,0.0848364274141861,0.0773853759296226,0.0862655113853454,10.3466640065497,0.0554757653891217,0.584716782068821,0.221987530167479,0.0508169715715669,0.408261540722942,NA,NA,NA,-7.19582873023141,6.43070867804648,19.5349457821303,2.40626936739922,47.2312863914733,-22.2114658023849,3.64901315931493,-1.10270555364069,23.8869124662707,-3.03075677252802,2.43730215798708,-7.11455626142494,-2.57396207736439,NA,NA,NA,1,1,1,1,1,1,1,1,1,1,1,1,1,1,1,1,1,1,1,1,1,1,1,1,1,1,1,1,1,1,1,1,FALSE,FALSE,FALSE,FALSE,FALSE,FALSE,FALSE,FALSE,FALSE,FALSE,FALSE,FALSE,FALSE,FALSE,FALSE,FALSE,TRUE,TRUE,TRUE,FALSE,TRUE,TRUE,TRUE,TRUE,TRUE,TRUE,TRUE,TRUE,TRUE,TRUE,TRUE,FALSE
"14","95251fbafeb9956f566a3da93d145d63",68.7689847017606,0.66409086750529,-0.036789481564685,-0.199029507171613,-0.914073166838421,0.0719733129386353,0.0835353189642087,-4.46826381130279,-0.503008970697426,0.492318550273489,0.0159636466676835,0.598526296293205,-0.0849707704567895,0.229989375340312,0.0412745491491343,0.296491621169485,34.7222773765141,0.324253771107098,0.0208958283465714,0.367626248226995,0.100281982344245,0.0667101557650145,0.0798798408115299,10.3325464143253,0.0394734205557494,0.401282594302654,0.192211693369363,0.0853847130983149,0.287590055624885,0.112300327716292,0.0894183524159776,0.519854545706999,1.98054361342887,2.04805904103409,-1.76061369544709,-0.541390904842899,-9.11502889622401,1.07889589093691,1.04576221128562,-0.432445559122569,-12.742979037933,1.2268624586846,0.0830524219825015,7.00975941213318,-0.295457957585363,2.04798489921901,0.461589237935447,0.570335728749391,0.0789904471260519,0.0708358308277613,0.112153763108648,0.60138055318067,7.69461685421474e-06,0.30869881044635,0.322943557308715,0.675594479682351,4.60847828126474e-07,0.251000074125899,0.935627739678756,6.25699935744301e-05,0.77434706769679,0.0708443271174966,0.655329431769128,0.58240637267636,1,1,1,1,0.000277006206751731,1,1,1,1.70513696406795e-05,1,1,0.00237765975582834,1,1,1,1,FALSE,FALSE,FALSE,FALSE,TRUE,FALSE,FALSE,FALSE,TRUE,FALSE,FALSE,TRUE,FALSE,FALSE,FALSE,FALSE,TRUE,TRUE,TRUE,TRUE,FALSE,TRUE,TRUE,TRUE,FALSE,TRUE,TRUE,TRUE,TRUE,FALSE,TRUE,TRUE
"15","cb3f42ad378ddeda014d895db355586b",32.2866524166623,-0.0156460806605583,-0.0191486407654787,0.339830023947629,-0.749272066240639,0.0486840812975863,-0.0142970658178048,19.8586345813987,-0.344966138949554,-0.190281019386089,0.224390990966415,0.00820713896083496,-0.040818581215865,0.102886534491855,0.106160864276024,0.774413682788322,34.7224455819045,0.228996779047315,0.0169712450398684,0.378010718716768,0.102534134069474,0.0695261709538144,0.0717743119788172,10.3328915283803,0.0388506145907448,0.362311063102712,0.224691031150213,0.0791112112888292,0.286587999376191,0.112467135201054,0.0926210428454987,0.545195023561265,0.92984960810158,-0.0683244573380028,-1.12829911538577,0.898995735097801,-7.30753785595882,0.700226700675443,-0.199194745635797,1.92188551741349,-8.87929682923814,-0.525186887081463,0.998664654382234,0.103741793699395,-0.142429485200755,0.914814219353306,1.1461851541999,1.42043424705123,0.376715548855312,0.947021247135621,0.288371816530793,0.39207209359786,4.52795027432975e-05,0.50148408117109,0.846537923148044,0.0867939328612665,9.53389328955116e-06,0.612144320253056,0.344048742189481,0.919649240927248,0.889878344164962,0.384143918982505,0.281278439208377,0.189184122556576,1,1,1,1,0.00158478259601541,1,1,1,0.00033368626513429,1,1,1,1,1,1,1,FALSE,FALSE,FALSE,FALSE,TRUE,FALSE,FALSE,FALSE,TRUE,FALSE,FALSE,FALSE,FALSE,FALSE,FALSE,FALSE,TRUE,TRUE,TRUE,TRUE,FALSE,TRUE,FALSE,FALSE,FALSE,TRUE,TRUE,TRUE,TRUE,FALSE,TRUE,TRUE
"16","1e2270e7a0c8c2e951edc6813b58451a",33.8439427763868,-0.319537109891239,-0.0489475492704945,-0.625925825712414,-0.53322435376292,0.0804669273669587,-0.0631162866048498,8.46827593089451,-0.256367869585842,-0.0564353330422755,-0.174097971234943,0.132710869462249,-0.0375884574260583,0.00799416893400285,0.125765938078646,-0.216987201539056,34.7226548550493,0.334742776107589,0.0231402344047006,0.412224878463849,0.128084968088977,0.0641191858820024,0.0843522319669078,10.3362559305234,0.0415897025062447,0.444760807851643,0.237364537877924,0.100627939313131,0.313892601547056,0.110176010139883,0.109675983394959,0.669211451276335,0.974693407450245,-0.954575072856948,-2.11525727935373,-1.51840866093507,-4.1630517750725,1.25495865644709,-0.748246787703388,0.819278855691583,-6.16421503730036,-0.126889177387007,-0.733462432052429,1.31882725978601,-0.119749421428855,0.0725581632866645,1.14670444873738,-0.324243108998229,0.36218360704824,0.371586469025402,0.0722255514112952,0.17270500242751,0.00422562603699394,0.249767395342046,0.478691536306752,0.43962608673269,0.000461078640774411,0.902596109646308,0.487108350432587,0.228732750444312,0.908046071433489,0.944187416595982,0.289184026199706,0.755227670477249,1,1,1,1,0.0971893988508607,1,1,1,0.0133712805824579,1,1,1,1,1,1,1,FALSE,FALSE,FALSE,FALSE,TRUE,FALSE,FALSE,FALSE,TRUE,FALSE,FALSE,FALSE,FALSE,FALSE,FALSE,FALSE,TRUE,TRUE,TRUE,TRUE,FALSE,TRUE,TRUE,TRUE,FALSE,TRUE,TRUE,TRUE,TRUE,TRUE,TRUE,TRUE
"17","820d3c5095323f85949bc959fd15d1b7",53.2857563462012,0.453271571553897,-0.00601004192440994,0.901976611113014,-0.712820246923529,-0.0162719967160911,0.177565326667059,-3.68385838894312,-0.428084494449645,0.40212777304968,0.120762512139894,0.433292519089266,-0.277595859077194,0.0851366651644185,-0.068430925848899,1.33292170541929,34.7225397814771,0.293243745699481,0.020257345612641,0.435533838226219,0.109017868516785,0.0714270735822348,0.0854448113219202,10.3374090752153,0.0436312886960809,0.478268315851574,0.237735005565035,0.0783858950090583,0.326642900174584,0.118801716884687,0.109006762074148,0.68488287535838,1.53461574762531,1.54571607477151,-0.296684572566089,2.07096792934955,-6.53856341737021,-0.227812731223785,2.07812884035834,-0.356361866125181,-9.81141073855324,0.840799525541801,0.507971099388047,5.52768478358504,-0.849845072183796,0.716628239026673,-0.627767714101548,1.94620387423442,0.17577766784422,0.173129952678259,0.776709578163106,0.0837751635598203,0.000611567618801465,0.827356651682172,0.0829492372579899,0.733765885066071,6.45554602072536e-05,0.432684005486303,0.629602606071226,0.00147634193388655,0.428013906315054,0.50053382511414,0.553282507714462,0.0995816798480973,1,1,1,1,0.0165123257076395,1,1,1,0.00206577472663211,1,1,0.0487192838182561,1,1,1,1,FALSE,FALSE,FALSE,FALSE,TRUE,FALSE,FALSE,FALSE,TRUE,FALSE,FALSE,TRUE,FALSE,FALSE,FALSE,FALSE,FALSE,TRUE,TRUE,TRUE,FALSE,TRUE,TRUE,TRUE,TRUE,TRUE,TRUE,FALSE,TRUE,TRUE,TRUE,TRUE
"18","5431c93e93b57f0b74748eb702ea1e72",10.6781306680484,-0.474947951169478,0.00130462323894658,0.969442825730209,-0.624399502602182,-0.0115346303941189,-0.167857903024061,45.0279125303701,-0.320058705310964,-0.0745068924702565,-0.16936274665783,0.144920284487315,1.11060575399528,0.22026524292511,0.0419455061241635,1.80928618036968,34.7224334861552,0.378589033711594,0.0305629451756691,0.423048150163445,0.101932314886935,0.0692680205642998,0.0844092541887112,10.3390481337351,0.044739738724931,0.490415759217605,0.244010500791341,0.107744717502694,0.39252852989204,0.129828266886946,0.104683673158834,0.739907639366192,0.307528292114264,-1.25452115322307,0.0426864371691893,2.29156616180845,-6.12562859280471,-0.166521726767284,-1.98861966780072,4.35513133781137,-7.15379021944561,-0.151925975195256,-0.694079747013248,1.3450337784188,2.82936314030662,1.69658925753754,0.400688138450402,2.44528652511214,0.766294977486357,0.245063337293451,0.96699766792938,0.0511396780658221,0.000281421948056325,0.871878215911675,0.0819479545622945,0.00242847393976854,9.6731216010596e-05,0.883006849334522,0.507282737313711,0.21549661605738,0.0221719352309509,0.128212912546198,0.699137747809565,0.0402314001360788,1,1,1,1,0.00816123649363343,1,1,0.0922820097112046,0.00299866769632848,1,1,1,0.842533538776132,1,1,1,FALSE,FALSE,FALSE,FALSE,TRUE,FALSE,FALSE,TRUE,TRUE,FALSE,FALSE,FALSE,FALSE,FALSE,FALSE,FALSE,TRUE,TRUE,TRUE,FALSE,FALSE,TRUE,TRUE,TRUE,FALSE,TRUE,TRUE,TRUE,FALSE,TRUE,TRUE,FALSE
"19","7c821085a5548386a8d91fe359fa3ff3",-12.0492072655782,0.94337013638235,-0.0967018592675846,0.377711194091693,0.169712202088682,-0.0577038186061669,-0.0185171334794726,20.9651159180733,-0.0392071332092553,0.507652281815573,0.0193506327158837,-0.0909002182423807,0.214225207759769,-0.245726141643467,-0.0374579669985414,0.828994654312399,34.7225220728335,0.346212555872041,0.0197965949588196,0.384154941142152,0.121587409828149,0.0707157298364339,0.0823776929335642,10.3300339413755,0.0385106652099962,0.38651250033291,0.1954818903073,0.075737809686579,0.236671065231512,0.114008294173694,0.120217414632794,0.440138770545568,-0.347014172539195,2.7248293580982,-4.88477232921832,0.983226176835573,1.39580407485078,-0.815996932219131,-0.2247833463169,2.02953020648852,-1.01808506800548,1.31341749976604,0.0989893881497886,-1.20019602650971,0.9051601113563,-2.1553356571505,-0.311585198475257,1.88348473206491,0.73577259456083,0.0213823415407906,0.000637409736224159,0.348686112690193,0.192988783997219,0.433508741250735,0.826674453015175,0.0698594188628839,0.332636165716412,0.218378242690391,0.92310292534995,0.25772351886592,0.386668959124564,0.0565530254240196,0.761754771722499,0.0890117963869642,1,0.620087904682928,0.0242215699765181,1,1,1,1,1,1,1,1,1,1,1,1,1,FALSE,FALSE,TRUE,FALSE,FALSE,FALSE,FALSE,FALSE,FALSE,FALSE,FALSE,FALSE,FALSE,FALSE,FALSE,FALSE,TRUE,FALSE,TRUE,TRUE,TRUE,TRUE,TRUE,FALSE,TRUE,TRUE,TRUE,TRUE,TRUE,FALSE,TRUE,TRUE
"20","386a607b118090dd71bfc8b4b4081447",55.8004306994919,0.63380311445404,-0.042375555945433,-0.0434177597311161,-0.958727436166762,0.190347325763352,-0.0267205406798152,14.8787342991861,-0.462898802077531,0.44156900299348,-0.033065492893821,0.369483390746601,0.185980829404065,0.0742018887810768,0.0253398649740983,0.524414008129363,34.7223319639359,0.237776867277446,0.0169628772524672,0.353524776757468,0.103599060037603,0.0549930752077345,0.0729503536973672,10.3288083976482,0.0337842507099833,0.30902203125589,0.19199195894555,0.0759728207987855,0.226129378311125,0.0904623567764392,0.0885608291512768,0.4022147441837,1.6070473249737,2.66553732375697,-2.49813491630788,-0.122813908912818,-9.25420979513497,3.46129626401726,-0.366283908514889,1.44050830709319,-13.7016151712592,1.42892401942641,-0.172223321619415,4.8633628034581,0.822453193800319,0.820251554626781,0.286129491073458,1.30381597321517,0.139123865088364,0.0236732008085213,0.031547488939321,0.90468767389551,3.21907749075971e-06,0.00610947774851599,0.721783842949598,0.180289782763584,8.3185923649625e-08,0.183509941427376,0.866697546134286,0.000658099781680358,0.429993749033815,0.4311902372986,0.780618825472054,0.22151061947141,1,0.662849622638596,0.883329690300988,1,0.000119105867158109,0.164955899209932,1,1,3.16106509868575e-06,1,1,0.0236915921404929,1,1,1,1,FALSE,FALSE,FALSE,FALSE,TRUE,FALSE,FALSE,FALSE,TRUE,FALSE,FALSE,TRUE,FALSE,FALSE,FALSE,FALSE,FALSE,FALSE,FALSE,TRUE,TRUE,TRUE,TRUE,TRUE,TRUE,TRUE,TRUE,TRUE,TRUE,TRUE,TRUE,TRUE
"21","1c6bf8efe709f63c28e0225da6870395",36.3135527098941,0.742430224760866,-0.00566276645699258,-0.0208499268565513,-0.483302198369572,0.00499204952145015,0.0245345546187432,1.46174008276839,-0.309286013344967,0.00559176500336328,-0.103892738520122,0.415635733864247,0.101116993603689,0.0916570414816664,-0.0100365829237976,0.365474521065412,34.7217911899654,0.207387251708726,0.0140809414773361,0.300798200860694,0.0764718364377981,0.0471931299841502,0.0673001181678444,10.3249343337817,0.0298660427727778,0.298912050773927,0.164128230672861,0.0594436704358661,0.180713991058605,0.0792574261889629,0.0723644279418841,0.32725442843523,1.04584330086026,3.57992219214904,-0.402158226856283,-0.0693153309989621,-6.32000251180953,0.105779157329186,0.364554406242717,0.141573789770825,-10.3557748074637,0.0187070577746377,-0.632997370983668,6.99209404157971,0.559541588403618,1.15644736258708,-0.138694980520788,1.11679014647084,0.320254648772366,0.0050123503847534,0.696028975248524,0.946105117574636,8.68108143467729e-05,0.91784938439814,0.723035073190512,0.890228172927089,1.15271102888463e-06,0.985442787922327,0.540939728545654,3.75120556749439e-05,0.588104707431242,0.274378003919464,0.892444466189325,0.290198395287272,1,0.170419913081616,1,1,0.00295156768779028,1,1,1,4.14975970398466e-05,1,1,0.00146297017132281,1,1,1,1,FALSE,FALSE,FALSE,FALSE,TRUE,FALSE,FALSE,FALSE,TRUE,FALSE,FALSE,TRUE,FALSE,FALSE,FALSE,FALSE,FALSE,FALSE,TRUE,TRUE,FALSE,TRUE,TRUE,TRUE,TRUE,TRUE,TRUE,TRUE,TRUE,TRUE,TRUE,TRUE
"22","f2d099ef5556f02539ded15181a3d994",90.260523793228,1.22963829553021,-0.102764343495498,0.297572809393754,-1.90026105853357,0.659468969967694,-0.242605145986961,45.5051090901231,-0.731452118777562,1.13843772585456,-0.20808898832187,-0.0243364300248197,1.06479809568162,-0.0329734767841298,0.0479643939503646,1.51658776382084,34.7229186344264,0.370921848098522,0.0252825402160147,0.410950829370782,0.144951055878716,0.0788613029024458,0.0830538058281351,10.3331979935354,0.0432519702290265,0.418165230539822,0.254358215369135,0.125257606953706,0.305932476729471,0.126000253379308,0.105009650745517,0.572902746699366,2.59945094891125,3.31508726658668,-4.06463680537938,0.724108063851277,-13.1096737930875,8.36238998972005,-2.92105995105135,4.40377791256799,-16.9114173274512,2.72245907290025,-0.818094229902825,-0.194291034426469,3.48050036094468,-0.261693733939306,0.456761770083426,2.64719932407076,0.0265164670072201,0.00781195421803502,0.00226960737993557,0.48559464813392,1.26639219032123e-07,7.97138573318378e-06,0.0152727314791691,0.00132722905124266,1.09869251201607e-08,0.0214695137983609,0.432364804933147,0.849838214287388,0.00591624626063013,0.798868763379964,0.65760312608362,0.0244302153283635,1,0.249982534977121,0.0837771504325204,1,4.9389295422528e-06,0.000310884043594168,0.565091064729255,0.0517619329984638,4.28490079686267e-07,0.837311038136075,1,1,0.230733604164575,1,1,0.952778397806178,FALSE,FALSE,TRUE,FALSE,TRUE,TRUE,FALSE,TRUE,TRUE,FALSE,FALSE,FALSE,FALSE,FALSE,FALSE,FALSE,FALSE,FALSE,TRUE,TRUE,TRUE,TRUE,FALSE,TRUE,TRUE,FALSE,TRUE,TRUE,FALSE,TRUE,TRUE,FALSE
"23","2ddd18d49a8163e0fc79e28ea6273254",-25.3094696521715,0.0199031156856402,-0.0903719802787915,-0.645489155373744,1.36844040646807,-0.031113736890842,-0.312979905623108,18.3355053518933,0.270651574439366,-1.17026027602759,-0.0930077185562401,-0.205543610295561,0.188703625687299,-0.870725195433012,0.105288025344587,-2.13738173176735,34.7220373363675,0.16904213007856,0.0107279335648045,0.482752009280402,0.0952465720556066,0.0702632125523761,0.0828953040162981,10.3427671181488,0.0499227351362398,0.526927700015348,0.212682401788883,0.0561652820021906,0.358152007996236,0.118801774470817,0.111583105629748,0.887329650142647,-0.728916607253994,0.117740563706755,-8.42398768904368,-1.33710299069686,14.3673454795743,-0.442816884691245,-3.77560477444625,1.77278528487017,5.42140917761726,-2.220912424975,-0.437308013140473,-3.65962037344607,0.526881384088963,-7.32922718799037,0.943583930115282,-2.40877979387226,0.599011901457425,0.925387543927424,0.0752202481781017,0.408803148520756,0.0442388415527168,0.734615872491324,0.164829299961266,0.326962822856595,0.116121785826061,0.269337657495824,0.737553952644155,0.169812431425391,0.691289874127066,0.086327369728294,0.518473863226167,0.250507569621672,1,1,1,1,0.707821464843469,1,1,1,1,1,1,1,1,1,1,1,FALSE,FALSE,FALSE,FALSE,FALSE,FALSE,FALSE,FALSE,FALSE,FALSE,FALSE,FALSE,FALSE,FALSE,FALSE,FALSE,TRUE,TRUE,TRUE,TRUE,TRUE,TRUE,TRUE,TRUE,TRUE,TRUE,TRUE,TRUE,TRUE,TRUE,TRUE,TRUE
"24","42604f7f8bfc866837a5370b4b667382",-123.250699035566,0.463174146050248,0.0535765885408781,0.678075797597533,2.4207958893638,-0.698240288424905,-0.166739173920589,19.5319922588003,0.667154696336785,-1.4934346301653,-0.352314458323382,0.457810599778947,-0.183520169229397,-0.416024058003449,-0.125799927612369,NA,34.721785984176,0.108572211794671,0.00954041796361326,0.505174333426864,0.0830564417644217,0.073637913106275,0.0833250314698867,10.3447100197286,0.0527436140178977,0.550024522327279,0.213096908496984,0.049509396091765,0.3825923065866,0.123076580834749,0.10980841729411,NA,-3.54966472898992,4.2660468861608,5.61574857047322,1.34226098344662,29.1463953660579,-9.48207599823201,-2.00106943830976,1.88811404297949,12.6490137006993,-2.71521463051545,-1.65330628589747,9.24694373024469,-0.479675534687881,-3.38020487067342,-1.14563100636837,NA,1,1,1,1,1,1,1,1,1,1,1,1,1,1,1,1,1,1,1,1,1,1,1,1,1,1,1,1,1,1,1,1,FALSE,FALSE,FALSE,FALSE,FALSE,FALSE,FALSE,FALSE,FALSE,FALSE,FALSE,FALSE,FALSE,FALSE,FALSE,FALSE,TRUE,TRUE,FALSE,TRUE,TRUE,TRUE,TRUE,TRUE,TRUE,TRUE,TRUE,TRUE,TRUE,TRUE,TRUE,TRUE
"25","e1a9800482df461df81429b3b8f859a1",-51.0529511930254,-0.956248413597722,-0.0856457300086524,0.981566676446023,0.808959011444203,-0.348872262000936,-0.139750287015968,41.5666818737322,0.0575304949016364,0.0799038341572661,-0.234206414183186,0.283427572961,1.17739944236922,0.0737383473097352,0.0235958926751727,1.59390335837539,34.722004601875,0.171138939119061,0.0117348400679632,0.470815109789975,0.0903046518174377,0.0697070624599278,0.0814114017598469,10.3416089764018,0.0487972924887706,0.498572664868679,0.207132440838675,0.0579225038354331,0.34557567898018,0.114533288893493,0.103373429671186,0.845264247914818,-1.4703342096288,-5.58755604376199,-7.2984147642941,2.0848240764488,8.9581100769827,-5.00483379573613,-1.71659354826261,4.01936313474837,1.17896899535718,0.16026517253671,-1.13070851304069,4.89322032359412,3.40706685679912,0.643815854954677,0.22825877742692,1.88568647296675,0.279272414732044,0.0305688667039717,0.0182607541705861,0.172434142537126,0.0122332151349741,0.0376807352915882,0.228190750658671,0.0566871095101257,0.359668905459137,0.887396158368128,0.375528025433251,0.0393181006818581,0.0764044390736017,0.585668296324924,0.840658827836607,0.199989554842756,1,0.794790534303264,0.547822625117584,1,0.232431087564507,0.904337646998116,1,1,1,1,1,1,1,1,1,1,FALSE,FALSE,FALSE,FALSE,FALSE,FALSE,FALSE,FALSE,FALSE,FALSE,FALSE,FALSE,FALSE,FALSE,FALSE,FALSE,TRUE,TRUE,TRUE,FALSE,TRUE,TRUE,TRUE,TRUE,TRUE,TRUE,TRUE,TRUE,TRUE,TRUE,TRUE,TRUE
"26","c38ee4acf990375c9b9df651cf77bf7c",39.630869140717,-0.977366391434032,0.0119211123924043,-0.0707456767496296,-0.817990873606354,0.159743452487111,-0.0176515167009813,0.731427245190248,-0.316299249072624,-0.197407309981769,-0.00842502948702028,-0.0546538790173114,0.45464438539237,0.0753583750968656,0.240185539712435,-0.0124014810417868,34.7223751278078,0.342349816048919,0.0168261772378468,0.521112740026561,0.105985191394412,0.09313409435506,0.09935471842861,10.3428452519393,0.0549234310579489,0.545282910071305,0.254150929245598,0.0833787932475632,0.380170563633661,0.14135473423032,0.124229803252657,0.886448459293528,1.14136400504982,-2.85487634465203,0.708486082363996,-0.135758870040337,-7.71797326441854,1.71519843074989,-0.177661584473862,0.0707181851196221,-5.7589127805745,-0.362027318912221,-0.0331497095526208,-0.655488966541366,1.19589581330782,0.533115325122951,1.93339708688058,-0.0139900756911128,0.371957789282167,0.103918610532279,0.55208893556121,0.904443261612718,0.0163765336167467,0.228444546050744,0.875354008807814,0.950057094650835,0.028853569130791,0.752004888436836,0.976566052607089,0.57947471203404,0.354292655676409,0.647261415762895,0.19287673007204,0.990108006618381,1,1,1,1,0.29477760510144,1,1,1,0.577071382615821,1,1,1,1,1,1,1,FALSE,FALSE,FALSE,FALSE,FALSE,FALSE,FALSE,FALSE,FALSE,FALSE,FALSE,FALSE,FALSE,FALSE,FALSE,FALSE,TRUE,FALSE,TRUE,FALSE,TRUE,TRUE,TRUE,TRUE,TRUE,TRUE,TRUE,TRUE,TRUE,FALSE,TRUE,TRUE
"27","01491b7ad3b35c7e644dd24ae831bee2",6.51078147205075,-0.198867072360309,-0.109886747442246,0.676813335277456,-0.0357030252752475,-0.496182938831403,0.401683378638838,-10.15772275268,-0.268662788246359,1.63540956325928,0.640127962780787,-0.155120927276358,0.57620582463215,0.532082381152864,0.253115441099565,2.78065219286058,34.721872346004,0.168105554072577,0.0123384259143277,0.450782886740029,0.084561427125274,0.0668327254401207,0.07883873325873,10.3403853381581,0.0469907591251659,0.478639566321167,0.200088836132296,0.0560990880859267,0.33244999892659,0.11069582152236,0.0989300205832784,0.80236817395281,0.187512395851546,-1.18298930369934,-8.90605886076954,1.50141754531108,-0.422214081396179,-7.42425115186962,5.0950004145882,-0.982335031093664,-5.7173536509751,3.41678724103206,3.19921878278877,-2.76512386509313,1.73321048726905,4.80670700876806,2.55853015704666,3.46555644045787,0.863224456323892,0.322023684949412,0.00298569767455022,0.230243881161507,0.701301063009414,0.00505651142584468,0.0146172245309588,0.39837132824638,0.0106172026398673,0.0419415054598307,0.0493613381971402,0.0698524154942565,0.18147713480358,0.0171428321961334,0.0833207561614126,0.0404765770974714,1,1,0.101513720934707,1,1,0.141582319923651,0.555454532176434,1,0.265430065996681,1,1,1,1,0.599999126864669,1,1,FALSE,FALSE,FALSE,FALSE,FALSE,FALSE,FALSE,FALSE,FALSE,FALSE,FALSE,FALSE,FALSE,FALSE,FALSE,FALSE,TRUE,TRUE,TRUE,TRUE,TRUE,TRUE,TRUE,TRUE,TRUE,TRUE,TRUE,TRUE,TRUE,TRUE,TRUE,FALSE
"28","a67690654fca1914946ee270222b7247",-18.0103758998503,0.0543295036962309,-0.00526853761187738,0.476807281442675,0.194284395237533,-0.247077415477965,-0.00251423151076105,14.2056340396676,-0.0457159570149432,-0.619572637435233,0.303564980331307,-0.0284848461318112,-0.0873947370877071,0.10463987712614,0.218613737292529,0.691811003064172,34.7220508935559,0.175243853587422,0.0149523891610429,0.362452982091811,0.0870192910619383,0.0573549558108119,0.070205296704867,10.3329500794441,0.0380560783750077,0.361713770868822,0.181764481740583,0.0626336078043273,0.246728630655077,0.0924774392034482,0.0827887086161238,0.541723389150473,-0.518701385326086,0.310022306540573,-0.352354232834181,1.31550105807075,2.23265890662389,-4.30786515280322,-0.0358125615696849,1.37478976772836,-1.20127871727755,-1.71288097753935,1.67010065676395,-0.454785332194183,-0.354214007736637,1.13151789266066,2.64062262773298,1.27705581283663,0.618007548769372,0.764466252439601,0.733675002936369,0.224790090061811,0.0560639318682298,0.00258810788168583,0.972309293800544,0.20646923150684,0.263997869707779,0.125088516704453,0.133447713568383,0.66135076566136,0.732333446484007,0.290612945230167,0.0296846325021909,0.237398663523779,1,1,1,1,0.840958978023447,0.0776432364505749,1,1,1,1,1,1,1,1,1,1,FALSE,FALSE,FALSE,FALSE,FALSE,TRUE,FALSE,FALSE,FALSE,FALSE,FALSE,FALSE,FALSE,FALSE,FALSE,FALSE,FALSE,TRUE,FALSE,TRUE,FALSE,FALSE,TRUE,TRUE,FALSE,FALSE,TRUE,FALSE,FALSE,TRUE,TRUE,TRUE
"29","95c08da59378a0eb674c2b7dab943428",-50.2936023648186,1.29974993302731,-0.0443585267248108,0.33683140717981,0.919422960741926,-0.532774539760242,0.166698918013653,2.85422093687731,0.181879460142568,-0.331193127542527,0.102146787219591,0.48458344032182,-0.221809644236343,-0.0190682412001005,-0.0688326125750295,1.59915791448502,34.722554427187,0.236811563811597,0.0180716420399433,0.416549682386618,0.120110071056962,0.0662978255416555,0.0823640364152382,10.335285843772,0.0424072110837939,0.408768078848645,0.196639036792718,0.0719333639485726,0.274875320368313,0.102078584842798,0.100558664181821,0.625580563863384,-1.44844189013467,5.48854081324073,-2.45459303735467,0.808622407896069,7.65483653994251,-8.03607864070135,2.02392846767782,0.276162747699644,4.28888048740545,-0.810222580186253,0.519463423365252,6.73656025134962,-0.806946378231171,-0.186799623343777,-0.684502057928821,2.55627813084399,0.190760812281179,0.000917615699563215,0.0438112152728476,0.445340872030705,0.000120663428336224,8.85666207951649e-05,0.0826498961726849,0.790398691971976,0.00361566349912035,0.444479438430445,0.619453768611702,0.000268288851846131,0.446244392580049,0.85711636848999,0.515673901435995,0.0377560820621838,1,0.0348693965834022,1,1,0.00398189313509539,0.0032769649694211,1,1,0.0976229144762495,1,1,0.00992668751830683,1,1,1,1,FALSE,TRUE,FALSE,FALSE,TRUE,TRUE,FALSE,FALSE,TRUE,FALSE,FALSE,TRUE,FALSE,FALSE,FALSE,FALSE,TRUE,FALSE,TRUE,TRUE,FALSE,FALSE,TRUE,TRUE,FALSE,TRUE,TRUE,FALSE,TRUE,TRUE,TRUE,TRUE
"30","6a49b0df18b1abfe220ecc00d5cbf296",-8.39526851270335,0.153965273822025,0.0230748519336701,-0.377607442098397,0.11326138050557,-0.0439439453005234,-0.229369540288922,17.0348909764865,-0.0470815544886523,-0.776347392476288,-0.28186029731419,-0.412897073365097,-0.187431850626845,0.0552729209686212,0.00800987576580161,-0.222212852178718,34.7219691263995,0.180327378196275,0.0151697551081121,0.422852978796596,0.0857337060017423,0.0621644083336885,0.0754814790981955,10.3379933306131,0.0436411753302584,0.434204170211318,0.195668680138434,0.0638320145172369,0.305902694828685,0.102917877902375,0.0955802387185342,0.714451588410262,-0.241785495578945,0.853809750699329,1.52110906004875,-0.892999366288102,1.32108345465981,-0.70689879431715,-3.0387525924145,1.64779473459731,-1.07883332958745,-1.78797774350821,-1.44049776957036,-6.46849510371635,-0.612717226083324,0.537058498437476,0.0838026340297097,-0.311025765473022,0.818549788222135,0.432202664383005,0.188715189956188,0.412769751661848,0.243699838025355,0.511202727373074,0.0287917850493985,0.160310830656361,0.329933369442104,0.133813013433662,0.209279811026018,0.00131536835521782,0.5668564687127,0.614255694877501,0.936465133498768,0.76832999597262,1,1,1,1,1,1,1,1,1,1,1,0.0447225240774058,1,1,1,1,FALSE,FALSE,FALSE,FALSE,FALSE,FALSE,FALSE,FALSE,FALSE,FALSE,FALSE,TRUE,FALSE,FALSE,FALSE,FALSE,TRUE,TRUE,TRUE,FALSE,TRUE,TRUE,FALSE,TRUE,TRUE,TRUE,TRUE,FALSE,TRUE,TRUE,TRUE,TRUE
"31","5c4a1032c65d0d99d6d6bee379b63a2c",-93.5918659430973,-1.60210582016209,-0.0345808406840231,3.79634237244795,1.15873691204005,-0.595256371308635,0.0201258574194002,14.1342426666061,0.409333566405103,-0.107132825064864,0.420006596983303,-0.540450130790156,-0.258744031408474,0.00057847970030475,-0.333526342506135,2.35646956168763,34.7219280625082,0.217905968082743,0.0150943764018956,0.468148231582071,0.0886642932007812,0.0694486164310917,0.0802839622244115,10.3420808020753,0.0490462639263829,0.502676440688239,0.210778818513766,0.0702574474270135,0.368223294620219,0.117722573869622,0.103493161952839,0.86113672988815,-2.69546857463124,-7.35228059267168,-2.29097511306795,8.1092741921047,13.0688112453124,-8.57117681961685,0.25068341000839,1.36667300682566,8.34586640522713,-0.213124818259202,1.99264138562325,-7.69242479740811,-0.702682408171214,0.00491392331385329,-3.22268965613517,2.73646388535036,0.114479435439011,0.0180013177543861,0.14906910180748,0.0148684330334001,0.0058040874804389,0.0133401430951996,0.825460955948077,0.305083078759586,0.0140548241482418,0.850980691214699,0.18450849460554,0.0164828161493621,0.555029181864902,0.996525352477748,0.0842905309929573,0.111623597945006,1,0.540039532631583,1,0.565000455269203,0.127689924569656,0.346843720475189,1,1,0.337315779557804,1,1,0.461518852182138,1,1,1,1,FALSE,FALSE,FALSE,FALSE,FALSE,FALSE,FALSE,FALSE,FALSE,FALSE,FALSE,FALSE,FALSE,FALSE,FALSE,FALSE,TRUE,TRUE,TRUE,TRUE,TRUE,TRUE,TRUE,TRUE,TRUE,TRUE,TRUE,TRUE,TRUE,TRUE,TRUE,TRUE
"32","c4228a5878f56464e576996e95eefc5e",579.760604552459,-3.07246447487821,-0.345920358256601,-0.978536104052425,-9.69826461222247,3.74226544502034,-0.995082679313047,79.9384903594856,-3.4810720982352,-0.341500020615085,-0.483831640431488,-0.840000115791239,1.57420139389634,0.105426941242253,0.549851521699526,NA,34.721785984176,0.108572211794671,0.00954041796361326,0.505174333426864,0.0830564417644217,0.073637913106275,0.0833250314698867,10.3447100197286,0.0527436140178977,0.550024522327279,0.213096908496984,0.049509396091765,0.3825923065866,0.123076580834749,0.10980841729411,NA,16.6973151904305,-28.2988107554516,-36.2584070819461,-1.93702656549175,-116.767157443733,50.8198193995458,-11.9421818601132,7.72747522231488,-65.9998781474085,-0.620881445740129,-2.27047705123482,-16.9664787313162,4.11456625445765,0.856596279545708,5.00737134045753,NA,1,1,1,1,1,1,1,1,1,1,1,1,1,1,1,1,1,1,1,1,1,1,1,1,1,1,1,1,1,1,1,1,FALSE,FALSE,FALSE,FALSE,FALSE,FALSE,FALSE,FALSE,FALSE,FALSE,FALSE,FALSE,FALSE,FALSE,FALSE,FALSE,TRUE,TRUE,FALSE,FALSE,TRUE,TRUE,TRUE,TRUE,TRUE,TRUE,TRUE,TRUE,TRUE,TRUE,TRUE,TRUE
"33","f55e6f0203460ecfb665c9dbc579b714",-61.0813947506056,-0.0201975837492587,-0.0831939086383032,-0.0250920981165116,0.81816790585724,-0.153693260795378,-0.231653162083501,48.3001895090974,0.223602550128955,0.0823720049343402,-0.130670296124046,-0.845245544837007,0.492928096685855,-0.404655458460307,0.24283639710317,-0.448947378879125,34.7219820763736,0.191786717226349,0.0180709146114945,0.455869237695663,0.0871382463939531,0.0667075657913673,0.07977310741728,10.3410948803354,0.0476265689376924,0.486861360863504,0.211202955978513,0.0672775381306144,0.346472168620615,0.112596532065591,0.101063657198519,0.823912855041172,-1.75915633549526,-0.105312735112001,-4.603746430487,-0.0550423148606114,9.38930882494803,-2.30398544710903,-2.90390044444128,4.67070364096017,4.69491200219532,0.169189858871207,-0.618695394288608,-12.5635623467081,1.42270618343838,-3.593853656386,2.40280634834109,-0.544896679463376,0.176785906827483,0.922774229389192,0.019270042169907,0.95956532497726,0.00255925603322839,0.104605535840228,0.0623044201731411,0.0185321770573154,0.0182744465734895,0.876412075152008,0.579918722636473,0.00108721357855917,0.249978794148677,0.03692229172426,0.0956329040427429,0.623720854828678,1,1,0.558831222927304,1,0.0614221447974814,1,1,0.630094019948724,0.402231109446774,1,1,0.0380524752495708,1,1,1,1,FALSE,FALSE,FALSE,FALSE,TRUE,FALSE,FALSE,FALSE,FALSE,FALSE,FALSE,TRUE,FALSE,FALSE,FALSE,FALSE,TRUE,TRUE,FALSE,TRUE,FALSE,TRUE,TRUE,TRUE,TRUE,TRUE,TRUE,FALSE,TRUE,TRUE,TRUE,TRUE
"34","b73c9d186b67a61bce0ba79c990aef39",-392.972454546384,3.50752646062815,0.371635956775859,-0.0620683232358665,6.96328421877594,-2.94307473750237,0.658178746121013,-67.8612749066195,2.38471760470641,-2.18964863739469,-0.224906355547098,0.450231592886362,-2.44836795580813,-0.122779675315143,-0.604304692635558,NA,34.721785984176,0.108572211794671,0.00954041796361326,0.505174333426864,0.0830564417644217,0.073637913106275,0.0833250314698867,10.3447100197286,0.0527436140178977,0.550024522327279,0.213096908496984,0.049509396091765,0.3825923065866,0.123076580834749,0.10980841729411,NA,-11.3177488832365,32.3059317172379,38.9538443905982,-0.122865155905337,83.8379789797203,-39.9668406307889,7.89893186369663,-6.55999779377089,45.2133902674396,-3.98100184357196,-1.05541819979186,9.09386153795664,-6.39941764028635,-0.997587635945094,-5.5032638437634,NA,1,1,1,1,1,1,1,1,1,1,1,1,1,1,1,1,1,1,1,1,1,1,1,1,1,1,1,1,1,1,1,1,FALSE,FALSE,FALSE,FALSE,FALSE,FALSE,FALSE,FALSE,FALSE,FALSE,FALSE,FALSE,FALSE,FALSE,FALSE,FALSE,TRUE,TRUE,TRUE,TRUE,TRUE,TRUE,TRUE,TRUE,TRUE,TRUE,TRUE,TRUE,TRUE,TRUE,TRUE,TRUE
"35","6960eba3db7d4d863d042ab497d7481a",219.962480454563,1.20166403671468,-0.0701067860836466,-3.46794354712469,-3.08226261952772,1.06938502583128,-0.169468730571054,-29.4399755811509,-1.04754254273463,2.15611424108605,-1.29646670690993,-0.284656133841097,-2.20925935662375,-0.082800936690784,-0.533306888857028,-2.11775239783917,34.7217741631127,0.107233430916414,0.00943897899325031,0.491198505704106,0.0821200705220192,0.0716682165894862,0.0817782443458534,10.3436663325725,0.0512988759643697,0.531664613992021,0.208439427145764,0.0488244411354878,0.36897985085069,0.119648747054125,0.106767499156721,0.920482335022233,6.33500118459513,11.2060579097888,-7.42736964811333,-7.06016713579694,-37.5336090182881,14.9213288221847,-2.07229602355295,-2.84618380316886,-20.4203800383895,4.05540294453075,-6.21987272112054,-5.83019748349349,-5.98747967275248,-0.692033462359015,-4.9950302579833,-2.30069857645668,1,1,1,1,1,1,1,1,1,1,1,1,1,1,1,1,1,1,1,1,1,1,1,1,1,1,1,1,1,1,1,1,FALSE,FALSE,FALSE,FALSE,FALSE,FALSE,FALSE,FALSE,FALSE,FALSE,FALSE,FALSE,FALSE,FALSE,FALSE,FALSE,TRUE,TRUE,TRUE,FALSE,TRUE,TRUE,FALSE,FALSE,TRUE,TRUE,FALSE,TRUE,TRUE,TRUE,TRUE,TRUE
"36","6545176af2fa076f03140433793c0d00",-42.5010472849176,0.236583009505437,0.00773325426156925,0.512069628801786,0.740711479766638,-0.466543250370077,0.101819599759228,10.7736446386368,0.124533877368311,-0.632239762568189,0.00606529898651522,-0.0878043614133624,-0.122008498257604,-0.0378722089815687,-0.000668987511776643,1.20729901115573,34.722557873217,0.390399694329225,0.0214491425096753,0.4520732441307,0.116722855489592,0.0801823977510355,0.0961794780932251,10.3326250092149,0.0428872778518923,0.384446136880615,0.251327915343049,0.109765151646655,0.297365341179674,0.110962546609724,0.106764385088125,0.539379624809091,-1.22401832952809,0.606002035713496,0.360539087195719,1.13271385876077,6.34589923849736,-5.81852455720622,1.05864163309907,1.04268224473729,2.90374870138364,-1.64454705592353,0.024133009571326,-0.799929304484663,-0.410298314435657,-0.341306234749391,-0.00626601756029829,2.23831037663508,0.25202045863404,0.559484914677211,0.726760924542984,0.286607947169389,0.000133521149411551,0.000253527345275414,0.317347635692281,0.324292885095843,0.0174883091063815,0.134474181276057,0.981273119379168,0.44435191485816,0.691182494242641,0.740706216044008,0.99513716825125,0.051986517406921,1,1,1,1,0.00413915563175808,0.00887345708463949,1,1,0.402231109446774,1,1,1,1,1,1,1,FALSE,FALSE,FALSE,FALSE,TRUE,TRUE,FALSE,FALSE,FALSE,FALSE,FALSE,FALSE,FALSE,FALSE,FALSE,FALSE,TRUE,TRUE,TRUE,TRUE,FALSE,FALSE,TRUE,TRUE,TRUE,TRUE,TRUE,TRUE,TRUE,TRUE,TRUE,TRUE
"37","719ab97ff4cf3c7b809b054134f4dc70",13.8265731714031,-1.63883531107546,0.00184771178120049,1.10320901514021,-0.793151447433652,0.0588286160030928,-0.173825931252315,45.1371179760648,-0.355984732209797,0.488252944538755,-0.00223354086026374,-0.29671594032003,0.840714939682923,0.262000104157347,0.19526610088211,1.04327189978589,34.7227964809065,0.454681255861114,0.0216305525337184,0.529731495289143,0.136979134584125,0.0919307876307481,0.113187696585855,10.338071437787,0.0515812651557538,0.473229780480564,0.229692270074783,0.126720758203769,0.383462866198529,0.135442787543539,0.136376434082406,0.717543702165813,0.39819872166708,-3.60436083509026,0.0854213861768078,2.08258150582125,-5.79030850093847,0.639922897641055,-1.53573167840257,4.36610621697607,-6.90143468049636,1.03174602418921,-0.0097240575816354,-2.34149435756142,2.19242856033852,1.93439686903316,1.43181703052978,1.45394893249973,0.702349250591792,0.00868918495760779,0.934318266357092,0.0757956999797394,0.00067014524764529,0.542591843585118,0.168482057711869,0.00328961968902022,0.000231030941892025,0.336514900329228,0.992512776778765,0.0517310475311313,0.0644473081790956,0.0943098767839601,0.195294451871565,0.189280041659944,1,0.269364733685842,1,1,0.0174237764387775,1,1,0.121715928493748,0.00693092825676076,1,1,1,1,1,1,1,FALSE,FALSE,FALSE,FALSE,TRUE,FALSE,FALSE,FALSE,TRUE,FALSE,FALSE,FALSE,FALSE,FALSE,FALSE,FALSE,TRUE,FALSE,TRUE,FALSE,FALSE,TRUE,TRUE,FALSE,FALSE,TRUE,TRUE,TRUE,TRUE,TRUE,TRUE,TRUE
"38","3fae853851bfe19cdb50e15749f373b6",-34.3602227484529,0.0680074076098272,-0.0072184261387081,0.694674290136792,0.494599488879125,-0.462992317270356,0.15206593244451,6.89929857525127,0.0652247811698136,0.147249975469609,0.11875272583522,0.110610874819293,-0.0978603897731948,0.0751977785352267,0.0202083830638777,0.717700196275386,34.7223584113083,0.222437441373829,0.0140336435749684,0.334271769152332,0.106000041111656,0.0606459373965664,0.0732035422356005,10.3274558614757,0.0341449137790152,0.318891462165927,0.192836259755644,0.0829237098802424,0.194410208469938,0.0924839773827079,0.0797479706591916,0.378134305006164,-0.989570533816691,0.305737231959676,-0.514365788196553,2.07817217678415,4.66603110425341,-7.6343500842081,2.07730292552096,0.668054036520994,1.91023417402505,0.461755778814145,0.615821557551984,1.33388719558057,-0.503370633380742,0.813089798506943,0.253403101004784,1.89800339925172,0.345723310193582,0.766074493677744,0.618171490105588,0.0643950077664277,0.000886141783129494,1.76961494362084e-05,0.0644889932803591,0.519219821949956,0.0851719411688186,0.654138207428521,0.551770401180034,0.211822943211797,0.625605704244769,0.435097730972581,0.805090266844509,0.0869081099774769,1,1,1,1,0.0221535445782373,0.000672453678575917,1,1,1,1,1,1,1,1,1,1,FALSE,FALSE,FALSE,FALSE,TRUE,TRUE,FALSE,FALSE,FALSE,FALSE,FALSE,FALSE,FALSE,FALSE,FALSE,FALSE,TRUE,TRUE,TRUE,FALSE,FALSE,TRUE,FALSE,TRUE,TRUE,TRUE,TRUE,TRUE,TRUE,TRUE,TRUE,TRUE
"39","a99fb503372ef5103fa41e0c743bbad2",-16.6612124522228,-0.201615546727993,0.013843056881003,1.0798283127943,0.725192139223803,-0.499748019118099,0.208945047477547,-21.6750153635994,-0.00763870654795359,0.00621639249434655,-0.0224653762185543,0.436834838903805,0.181887875731591,0.253638448454763,-0.0190562033644848,1.55655072822927,34.722207830335,0.365248065357628,0.0201314523840319,0.450762489289086,0.105044878059093,0.071127080399515,0.0874527102012405,10.3355247550341,0.0441038512463072,0.416556261853623,0.223679861661767,0.115607780203155,0.30210697829733,0.109021990488848,0.102932841573901,0.632700444108963,-0.479843117512441,-0.551996207099916,0.687633292269722,2.39555938759975,6.90364111628412,-7.02612867435378,2.38923467319351,-2.09713738560223,-0.17319817503677,0.0149232962353858,-0.100435399287419,3.77859377747904,0.602064463246457,2.32648887914688,-0.185132393831791,2.46017012114061,0.645969373614924,0.59812405076014,0.513815471696609,0.0477768701466459,0.000230573472568579,0.000206706631616945,0.0482230199437672,0.0741840986847891,0.867397492572952,0.988509804473286,0.922814726783599,0.00690494695846046,0.566113696919118,0.0528866302392643,0.858375047690083,0.0434544839332337,1,1,1,1,0.00691720417705738,0.00744143873821002,1,1,1,1,1,0.207148408753814,1,1,1,1,FALSE,FALSE,FALSE,FALSE,TRUE,TRUE,FALSE,FALSE,FALSE,FALSE,FALSE,FALSE,FALSE,FALSE,FALSE,FALSE,TRUE,TRUE,TRUE,TRUE,FALSE,TRUE,TRUE,TRUE,TRUE,TRUE,TRUE,TRUE,TRUE,TRUE,TRUE,FALSE
