"","taxon","lfc_(Intercept)","lfc_CASE_CONTROL","lfc_A_SMK_CIG_CUR_FREQ","lfc_F1_SDC_AGE_CALC","lfc_A_HS_DENTAL_VISIT_LAST","lfc_PM_BIOIMPED_BMI","lfc_PM_BIOIMPED_WEIGHT","lfc_PM_WAIST_AVG","lfc_PM_WAIST_HIP_RATIO","lfc_PM_STANDING_HEIGHT_AVG","lfc_A_SLE_LIGHT_EXP","lfc_NUT_VEG_DAY_QTY","lfc_NUT_JUICE_DAY_QTY","lfc_REFINED_GRAIN_SERVINGS_DAY_QTY","lfc_PM_BIOIMPED_FFM","lfc_SALT_SEASONING","lfc_NUTS_SEEDS_SERVINGS_PER_DAY","se_(Intercept)","se_CASE_CONTROL","se_A_SMK_CIG_CUR_FREQ","se_F1_SDC_AGE_CALC","se_A_HS_DENTAL_VISIT_LAST","se_PM_BIOIMPED_BMI","se_PM_BIOIMPED_WEIGHT","se_PM_WAIST_AVG","se_PM_WAIST_HIP_RATIO","se_PM_STANDING_HEIGHT_AVG","se_A_SLE_LIGHT_EXP","se_NUT_VEG_DAY_QTY","se_NUT_JUICE_DAY_QTY","se_REFINED_GRAIN_SERVINGS_DAY_QTY","se_PM_BIOIMPED_FFM","se_SALT_SEASONING","se_NUTS_SEEDS_SERVINGS_PER_DAY","W_(Intercept)","W_CASE_CONTROL","W_A_SMK_CIG_CUR_FREQ","W_F1_SDC_AGE_CALC","W_A_HS_DENTAL_VISIT_LAST","W_PM_BIOIMPED_BMI","W_PM_BIOIMPED_WEIGHT","W_PM_WAIST_AVG","W_PM_WAIST_HIP_RATIO","W_PM_STANDING_HEIGHT_AVG","W_A_SLE_LIGHT_EXP","W_NUT_VEG_DAY_QTY","W_NUT_JUICE_DAY_QTY","W_REFINED_GRAIN_SERVINGS_DAY_QTY","W_PM_BIOIMPED_FFM","W_SALT_SEASONING","W_NUTS_SEEDS_SERVINGS_PER_DAY","p_(Intercept)","p_CASE_CONTROL","p_A_SMK_CIG_CUR_FREQ","p_F1_SDC_AGE_CALC","p_A_HS_DENTAL_VISIT_LAST","p_PM_BIOIMPED_BMI","p_PM_BIOIMPED_WEIGHT","p_PM_WAIST_AVG","p_PM_WAIST_HIP_RATIO","p_PM_STANDING_HEIGHT_AVG","p_A_SLE_LIGHT_EXP","p_NUT_VEG_DAY_QTY","p_NUT_JUICE_DAY_QTY","p_REFINED_GRAIN_SERVINGS_DAY_QTY","p_PM_BIOIMPED_FFM","p_SALT_SEASONING","p_NUTS_SEEDS_SERVINGS_PER_DAY","q_(Intercept)","q_CASE_CONTROL","q_A_SMK_CIG_CUR_FREQ","q_F1_SDC_AGE_CALC","q_A_HS_DENTAL_VISIT_LAST","q_PM_BIOIMPED_BMI","q_PM_BIOIMPED_WEIGHT","q_PM_WAIST_AVG","q_PM_WAIST_HIP_RATIO","q_PM_STANDING_HEIGHT_AVG","q_A_SLE_LIGHT_EXP","q_NUT_VEG_DAY_QTY","q_NUT_JUICE_DAY_QTY","q_REFINED_GRAIN_SERVINGS_DAY_QTY","q_PM_BIOIMPED_FFM","q_SALT_SEASONING","q_NUTS_SEEDS_SERVINGS_PER_DAY","diff_(Intercept)","diff_CASE_CONTROL","diff_A_SMK_CIG_CUR_FREQ","diff_F1_SDC_AGE_CALC","diff_A_HS_DENTAL_VISIT_LAST","diff_PM_BIOIMPED_BMI","diff_PM_BIOIMPED_WEIGHT","diff_PM_WAIST_AVG","diff_PM_WAIST_HIP_RATIO","diff_PM_STANDING_HEIGHT_AVG","diff_A_SLE_LIGHT_EXP","diff_NUT_VEG_DAY_QTY","diff_NUT_JUICE_DAY_QTY","diff_REFINED_GRAIN_SERVINGS_DAY_QTY","diff_PM_BIOIMPED_FFM","diff_SALT_SEASONING","diff_NUTS_SEEDS_SERVINGS_PER_DAY","passed_ss_(Intercept)","passed_ss_CASE_CONTROL","passed_ss_A_SMK_CIG_CUR_FREQ","passed_ss_F1_SDC_AGE_CALC","passed_ss_A_HS_DENTAL_VISIT_LAST","passed_ss_PM_BIOIMPED_BMI","passed_ss_PM_BIOIMPED_WEIGHT","passed_ss_PM_WAIST_AVG","passed_ss_PM_WAIST_HIP_RATIO","passed_ss_PM_STANDING_HEIGHT_AVG","passed_ss_A_SLE_LIGHT_EXP","passed_ss_NUT_VEG_DAY_QTY","passed_ss_NUT_JUICE_DAY_QTY","passed_ss_REFINED_GRAIN_SERVINGS_DAY_QTY","passed_ss_PM_BIOIMPED_FFM","passed_ss_SALT_SEASONING","passed_ss_NUTS_SEEDS_SERVINGS_PER_DAY"
"1","7e464b9b7f9ca86103a675a09263efec",1.67105805337048,-0.0337143558118074,-0.36760918985342,-0.00523316970479211,-0.060774723137176,0.0253396258450706,-0.0377446133686284,-0.0130888627029687,0.741077607559466,-0.0175678353264304,0.0679629915988506,0.0372875660260076,0.0335875421505531,-0.331093606058466,0.160527383634545,0.216378705590024,0.145078845089284,3.08607569567351,0.294526717536271,0.710982555593599,0.0152857435884698,0.208207660769955,0.0698263308546411,0.101433120201216,0.155774403685937,16.7140124334209,0.0527093131859992,0.322619871253035,0.0770950389952118,0.176514025349932,0.233067544169395,0.0773430577695696,0.105104963061565,0.198060070370484,0.541483170912884,-0.114469600903543,-0.517043895045362,-0.342356240277349,-0.291894750233638,0.362894992976512,-0.372113302772836,-0.0840244763790443,0.0443387014645044,-0.333296608598133,0.210659657555768,0.48365713944737,0.190282568673889,-1.42059078726905,2.07552414222888,2.05869160967481,0.73249921005231,0.591035596190183,0.909411031005431,0.607837831576088,0.733790220084851,0.771804070991324,0.718503322753344,0.711679506628415,0.933436198446124,0.964844561062787,0.740568609078272,0.834171587525438,0.631141393031075,0.850004457161226,0.162817511854276,0.0440985498561054,0.0457613802684226,0.467932278558825,1,1,1,1,1,1,1,1,1,1,1,1,1,1,1,1,1,FALSE,FALSE,FALSE,FALSE,FALSE,FALSE,FALSE,FALSE,FALSE,FALSE,FALSE,FALSE,FALSE,FALSE,FALSE,FALSE,FALSE,TRUE,TRUE,TRUE,TRUE,TRUE,TRUE,FALSE,TRUE,TRUE,TRUE,TRUE,TRUE,FALSE,FALSE,FALSE,FALSE,TRUE
"2","41f01f3e3cbf6beb908ae1ebb553208e",-3883.32029480015,-87.6080862920125,NA,-0.702354554209668,26.7636811188597,82.5203493480523,-31.2818912114377,3.33770781825518,-72.2863755281913,22.7254691708621,34.2385262719345,NA,NA,NA,NA,NA,NA,4.81993221382634,0.304412421301186,NA,0.0106549465850231,0.353274021653717,0.0698815694650782,0.230674901632075,0.367193019066123,39.9226891624641,0.117670540580802,0.487532745200351,NA,NA,NA,NA,NA,NA,-805.679441644543,-287.794058854559,NA,-65.918167548293,75.7589844664371,1180.85998897449,-135.610293924963,9.08979104979699,-1.81065897725537,193.127940593227,70.2281572038085,NA,NA,NA,NA,NA,NA,1,1,1,1,1,1,1,1,1,1,1,1,1,1,1,1,1,1,1,1,1,1,1,1,1,1,1,1,1,1,1,1,1,1,FALSE,FALSE,FALSE,FALSE,FALSE,FALSE,FALSE,FALSE,FALSE,FALSE,FALSE,FALSE,FALSE,FALSE,FALSE,FALSE,FALSE,TRUE,TRUE,TRUE,TRUE,TRUE,TRUE,TRUE,TRUE,TRUE,TRUE,TRUE,TRUE,TRUE,TRUE,TRUE,TRUE,TRUE
"3","bc6f21affc11d8c4a5d6454f728e4add",-122.591262137687,0.633449850836338,NA,0.29762719869628,0.406814235338043,1.82367173166154,-0.802193665503479,0.153461150732261,8.36810759799286,0.609750695501412,-1.01703768897122,-0.786180679771625,-0.299255166203324,0.0214152807803324,NA,NA,NA,4.74171703245361,0.300294773912546,NA,0.0105713618212656,0.345850860701473,0.0691589750092021,0.224904900119434,0.357910826469697,38.9072526161666,0.114770751225649,0.477725418487295,0.074415074101621,0.25771627568081,0.351660121374075,NA,NA,NA,-25.8537701213799,2.10942682279518,NA,28.1541019717597,1.17627070383147,26.3692706755542,-3.56681275097822,0.428769233515359,0.215078347488246,5.31277079734879,-2.12891684137646,-10.564804097326,-1.16118070313092,0.0608976664645806,NA,NA,NA,1,1,1,1,1,1,1,1,1,1,1,1,1,1,1,1,1,1,1,1,1,1,1,1,1,1,1,1,1,1,1,1,1,1,FALSE,FALSE,FALSE,FALSE,FALSE,FALSE,FALSE,FALSE,FALSE,FALSE,FALSE,FALSE,FALSE,FALSE,FALSE,FALSE,FALSE,FALSE,TRUE,TRUE,TRUE,TRUE,FALSE,FALSE,TRUE,TRUE,FALSE,TRUE,TRUE,TRUE,TRUE,TRUE,TRUE,TRUE
"4","c2ba82ad21732bcd0ef11c61560cf91c",-3.14749365551354,-0.355177172909243,0.839980609113381,0.0311304189069724,-0.161225473182078,-0.164640856818004,0.0296064174780046,0.033616189606635,-2.36880303927883,0.0136141538011782,0.344219029317824,-0.0281976449486364,-0.137054690424491,0.324379270594533,0.0764257271613894,0.233123262147408,0.534037577078478,3.3570662072558,0.339855750530453,0.814964307239478,0.0234585989132134,0.271577916089342,0.0768969022621826,0.121809664146295,0.189561957038942,20.4785450843232,0.0634069626221463,0.388498480146454,0.0908648791297435,0.203837239860186,0.260397446538631,0.0794756384114358,0.15920037352024,0.240261787901308,-0.937572708191069,-1.04508213368429,1.03069619325862,1.32703658143188,-0.593661942413018,-2.14105967827748,0.243054750093119,0.177336160333738,-0.11567242836466,0.214710707439299,0.886024133705907,-0.310325014666819,-0.672373166544532,1.24570833895028,0.961624576901699,1.46433866323668,2.22273205299647,0.354544135049424,0.302764955220667,0.309374010584382,0.192628040110368,0.556350459816113,0.0389235983379242,0.809305436437118,0.860211608941827,0.908537681181434,0.831171911279716,0.381327113567704,0.758055152678067,0.505523636063149,0.220702313191637,0.342480900191095,0.151546929216565,0.0324264446504912,1,1,1,1,1,1,1,1,1,1,1,1,1,1,1,1,1,FALSE,FALSE,FALSE,FALSE,FALSE,FALSE,FALSE,FALSE,FALSE,FALSE,FALSE,FALSE,FALSE,FALSE,FALSE,FALSE,FALSE,TRUE,TRUE,TRUE,TRUE,TRUE,TRUE,TRUE,TRUE,TRUE,TRUE,TRUE,TRUE,TRUE,FALSE,TRUE,TRUE,TRUE
"5","250a576e3788b3f444938c7b08afb2e3",16.1958438256331,0.145252439602974,0.11080627093248,0.00552885184470573,-0.162710058330411,-0.215488380440574,0.156567903353311,-0.0450738567093949,3.22616830513914,-0.082271802293695,0.173050091255979,0.118128008733644,-0.0193931844121457,0.0659221972002939,-0.0927968580065234,-0.0717533900811872,0.114349740675185,2.70780900216839,0.372471980111991,0.686975104212548,0.0317612288194016,0.240092332799314,0.09707950450101,0.0803355589162594,0.110077518813275,11.3144413690464,0.0425131270299759,0.392332147890795,0.110109508947298,0.24692343066937,0.257696730053437,0.123354509719969,0.19420469629791,0.254645237705811,5.98116182221996,0.38996876908513,0.161295904688559,0.174075501805786,-0.677697852460849,-2.21971034512575,1.94892405636357,-0.409473770805591,0.285137215343673,-1.93520938216766,0.441080579774837,1.07282295473849,-0.0785392636072401,0.255813091561636,-0.752277790387917,-0.369472991379763,0.449055092117183,2.67899477462774e-07,0.698284759700255,0.87253734287627,0.862538234437987,0.501217042926193,0.0311967083585785,0.0571619562742141,0.684013599060491,0.776765760743474,0.0588681729953058,0.661135085169128,0.288714714411279,0.937725604314869,0.799188273587901,0.455557403143238,0.713400232116589,0.655412898424815,1.31270743956759e-05,1,1,1,1,1,1,1,1,1,1,1,1,1,1,1,1,TRUE,FALSE,FALSE,FALSE,FALSE,FALSE,FALSE,FALSE,FALSE,FALSE,FALSE,FALSE,FALSE,FALSE,FALSE,FALSE,FALSE,FALSE,TRUE,FALSE,TRUE,TRUE,TRUE,TRUE,TRUE,TRUE,TRUE,TRUE,TRUE,TRUE,TRUE,TRUE,TRUE,TRUE
"6","eedb6e6a512baecd8df273d5495ca5c0",-38.4438615246481,-5.61698077556161,NA,-0.251566629015899,0.314872642701938,1.87327451685581,-0.953502637548156,1.18249859353859,-73.8502757995655,0.495480746037198,1.64865817057195,3.80552403676354,0.277381036000646,0.0935072286721356,-1.32136853577329,-1.31890534441321,NA,4.68847522227515,0.297509836702311,NA,0.0105147410302268,0.340803908249992,0.068670413840464,0.220971674989318,0.351582768071168,38.2149452576378,0.112794231641885,0.47106156794434,0.0738437192667867,0.254305695448121,0.346867320749526,0.087137625167022,0.0434274894581095,NA,-8.19965120899001,-18.8799833908752,NA,-23.9251378890566,0.923911478359479,27.2792082075961,-4.31504462096442,3.36335765266865,-1.93249722854975,4.39278444318251,3.4998783232657,51.5348370118619,1.0907385912528,0.269576356948476,-15.1641559342539,-30.3702875959577,NA,1,1,1,1,1,1,1,1,1,1,1,1,1,1,1,1,1,1,1,1,1,1,1,1,1,1,1,1,1,1,1,1,1,1,FALSE,FALSE,FALSE,FALSE,FALSE,FALSE,FALSE,FALSE,FALSE,FALSE,FALSE,FALSE,FALSE,FALSE,FALSE,FALSE,FALSE,TRUE,TRUE,TRUE,TRUE,TRUE,TRUE,TRUE,TRUE,TRUE,TRUE,TRUE,TRUE,TRUE,TRUE,TRUE,TRUE,TRUE
"7","ed32eeb458a2b9bdee12e2db96fcb98b",37.5701304029865,0.516827549588336,-1.28843046616877,0.0545155997440313,-0.421093641740269,-0.575176595368415,0.202050761634824,-0.0167020695275866,1.5696441285658,-0.231498546655556,0.0577821853716559,0.10076307146042,-0.119763669409991,-0.0625844860820429,0.0446149737774288,0.038541709226915,-0.0145761423866669,3.22204685298425,0.375676427035265,0.757409385413195,0.0241388824192722,0.256188727179875,0.0965141833014549,0.117923482124209,0.174368677417077,18.6142288464611,0.0592544010967003,0.408061741578346,0.0938740809964398,0.231578110476753,0.301528762281037,0.0999938348287404,0.1411858878169,0.248454227838678,11.6603302550331,1.37572525821489,-1.70110179644247,2.2584144036638,-1.64368528770046,-5.95950331540281,1.71340565929019,-0.0957859506362855,0.0843249613783607,-3.90685826488671,0.141601575163993,1.07338543707546,-0.517163168675276,-0.207557267865915,0.446177245365586,0.27298556408767,-0.0586673147543751,1.92291793381059e-14,0.176561751671942,0.0966865908185753,0.0294438807271004,0.108079735298905,5.38862268111959e-07,0.0943794478754498,0.924168860313342,0.933218697998147,0.000351637745892866,0.888105504132738,0.289531222221991,0.607890392311774,0.836627792848207,0.657875260368247,0.78626878980923,0.953509210335246,1.01914650491961e-12,1,1,1,1,2.74819756737099e-05,1,1,1,0.0189884382782147,1,1,1,1,1,1,1,TRUE,FALSE,FALSE,FALSE,FALSE,TRUE,FALSE,FALSE,FALSE,TRUE,FALSE,FALSE,FALSE,FALSE,FALSE,FALSE,FALSE,TRUE,TRUE,FALSE,TRUE,TRUE,TRUE,FALSE,TRUE,TRUE,TRUE,TRUE,FALSE,TRUE,TRUE,TRUE,TRUE,TRUE
"8","645dd8b575c7e7c0952933bbe90b4bb9",105.93832243042,5.21411356589608,NA,0.399615011767913,1.46766641112311,-2.68409168406625,0.0605121964948057,0.667285170639578,-99.9405496374915,-0.502791583362419,-1.17638653194366,1.57138525465741,1.1880617196689,-1.32234622239297,0.957356464741773,NA,NA,4.71520978648212,0.298906392903387,NA,0.0105431440801181,0.343337519203219,0.068915396748022,0.222947256465909,0.354761298927458,38.5626898478338,0.113786980282941,0.474406451289905,0.0741301717006338,0.256017408312239,0.349273182433955,0.0876610678895003,NA,NA,22.4673614171168,17.4439680438063,NA,37.9028313310727,4.27470442067943,-38.9476345014772,0.271419336815471,1.88094127701349,-2.59163844721028,-4.41870925928593,-2.4797018015777,21.1976475786846,4.64055052936062,-3.78599414125651,10.9211134177438,NA,NA,1,1,1,1,1,1,1,1,1,1,1,1,1,1,1,1,1,1,1,1,1,1,1,1,1,1,1,1,1,1,1,1,1,1,FALSE,FALSE,FALSE,FALSE,FALSE,FALSE,FALSE,FALSE,FALSE,FALSE,FALSE,FALSE,FALSE,FALSE,FALSE,FALSE,FALSE,TRUE,TRUE,TRUE,TRUE,TRUE,TRUE,TRUE,FALSE,TRUE,TRUE,TRUE,TRUE,TRUE,TRUE,TRUE,TRUE,TRUE
"9","0f898170dbe4592000abdcde0dd2ba2e",1.02091838763118,0.0267402114144961,-0.389344180476116,0.0142150561696046,-0.12513024568838,-0.0396591128324803,-0.000387411003193589,0.0110156882713285,1.24870135344452,-0.0033735887828461,-0.358528585196714,-0.0611709157102595,0.0631309053574768,0.148245683653677,0.0342213956009131,-0.0432155984309126,0.16388833854747,2.44433324725168,0.3034847871422,0.644607240034602,0.023031600924698,0.191603998893948,0.0805534929562393,0.0533422992062406,0.0745743917120933,7.48371514397401,0.0307113594655274,0.298674990852928,0.114286341546993,0.189706159021359,0.22282654212301,0.0746255679200172,0.144466192555165,0.19968843678561,0.417667430895139,0.0881105496796016,-0.604002183492721,0.617197919331828,-0.653066984043685,-0.492332627388673,-0.00726273537058681,0.147714088153161,0.166855810172036,-0.109848239920244,-1.20039707433442,-0.53524257476653,0.332782581668151,0.665296343250882,0.45857467560704,-0.299139872565067,0.820720223892702,0.677978479444584,0.930140769728009,0.548573018898057,0.539904836452152,0.516704938465454,0.624639152839982,0.994234127167808,0.883162483069103,0.868156475393323,0.912969445404877,0.235641658930565,0.594854835362696,0.74068972411013,0.508918394973834,0.648526751752297,0.766073217738494,0.415701505398931,1,1,1,1,1,1,1,1,1,1,1,1,1,1,1,1,1,FALSE,FALSE,FALSE,FALSE,FALSE,FALSE,FALSE,FALSE,FALSE,FALSE,FALSE,FALSE,FALSE,FALSE,FALSE,FALSE,FALSE,TRUE,TRUE,FALSE,TRUE,TRUE,TRUE,TRUE,TRUE,TRUE,TRUE,FALSE,TRUE,TRUE,TRUE,TRUE,TRUE,TRUE
"10","b5c3abd1c966bb0457d8dfe34c35b160",12.6491192763748,-0.224457835268857,-0.513913524725065,0.0121567876861681,-0.326794273963207,-0.288825581087664,0.0693716007945355,0.079881992599565,-9.58524440771929,-0.0293161873306729,-0.466670858874321,-0.0334338542362141,0.483082913909879,0.261749277420897,-0.0126114107329026,0.190411264916785,-0.385635826003368,3.7469854709851,0.322191219486519,0.889185494676814,0.015774345198107,0.290081111764952,0.0823105153890889,0.151392305330538,0.23901733713226,25.7815886833898,0.0776561831780822,0.400636233718512,0.0907479098725002,0.231512459902269,0.279821326058864,0.0802585818436603,0.118668619027631,0.242812664402041,3.37581220272232,-0.696660311310095,-0.577959860795811,0.770668292946129,-1.12656171225654,-3.50897549021969,0.458224086376615,0.334210034962286,-0.371786414151225,-0.377512596304722,-1.16482439579393,-0.368425612040964,2.08663893992491,0.935415756574016,-0.157134731803123,1.60456291205722,-1.58820309868535,0.00217386135806363,0.491759013827996,0.56791070750889,0.447358080649885,0.269490684321503,0.00154008898922404,0.650328077912627,0.740711490896923,0.71285072580084,0.708639205131392,0.253918495816847,0.715326860859879,0.0461464535875691,0.357572099825697,0.876266289285373,0.119811637165953,0.12347010781038,0.0717374248160997,1,1,1,1,0.0662238265366339,1,1,1,1,1,1,1,1,1,1,1,TRUE,FALSE,FALSE,FALSE,FALSE,TRUE,FALSE,FALSE,FALSE,FALSE,FALSE,FALSE,FALSE,FALSE,FALSE,FALSE,FALSE,FALSE,TRUE,TRUE,TRUE,TRUE,FALSE,TRUE,TRUE,TRUE,TRUE,TRUE,TRUE,TRUE,TRUE,TRUE,FALSE,TRUE
"11","ca39c1dfb5e738c293917a0ab7391c33",66.1137699038947,1.36172314318025,NA,0.255229165887781,-0.605863072826492,-1.86082219534331,-0.202962601695981,0.500473711001764,-33.7812566116576,-0.574757152799827,-0.841134096534153,-0.606886783549394,1.37334853258524,-0.165230282482227,1.48056991341544,0.967443676741335,-0.11950826164834,4.55266752166069,0.311077020775447,NA,0.0117286632050288,0.331610279000219,0.0711205705250485,0.211007244782879,0.335458111851207,36.4448537530213,0.107807582686989,0.464031565428755,0.0743852077277635,0.251793381862003,0.344040303390301,0.0861480207254251,0.078091898806057,0.24239509706902,14.5219850976023,4.37744690940453,NA,21.7611471508833,-1.82703345219914,-26.1643316639022,-0.961875038484224,1.49191119046109,-0.926914313899724,-5.33132399850381,-1.81266568742358,-8.15870254433503,5.45426779063604,-0.480264320354291,17.1863485771121,12.3885280231693,-0.493030853731793,0.000130749936128949,0.0118986120004415,1,2.63836368825695e-05,0.141714763904681,1.2679295181526e-05,0.390582503104615,0.209997580081305,0.40643538165141,0.00595995007231423,0.144100033362102,0.00122850237314989,0.00549098189354456,0.656123331310713,6.72477231248189e-05,0.000244027746769505,0.647830925086335,0.00536074738128693,0.642525048023842,1,0.00142471639165875,1,0.000595926873531724,1,1,1,0.297997503615711,1,0.0663391281500939,0.291022040357861,1,0.00363137704874022,0.0129334705787837,1,TRUE,FALSE,FALSE,TRUE,FALSE,TRUE,FALSE,FALSE,FALSE,FALSE,FALSE,TRUE,FALSE,FALSE,TRUE,TRUE,FALSE,FALSE,TRUE,TRUE,FALSE,TRUE,FALSE,TRUE,TRUE,TRUE,TRUE,TRUE,FALSE,TRUE,TRUE,FALSE,FALSE,TRUE
"12","7d669e880492b330a9c9c649f65c2ba6",10.5256101030509,0.000576030022885168,1.05576525323313,0.000565510334923426,0.135831627675737,-0.24233021607648,0.160185336593608,-0.07122688320241,7.68286202162588,-0.0830049085833512,0.645572321460414,0.145264652163155,0.106009264152502,-0.354245121363985,0.0132661541911586,-0.158914795978704,-0.365040005945205,4.06469507632701,0.29083646707734,0.937582274850908,0.0138882380719078,0.290032440475612,0.0715582742865632,0.174775689937993,0.276919911399883,30.0249135794413,0.0896712138023712,0.412119033539162,0.0750737473299383,0.21922427534783,0.299195006570922,0.0780227248972766,0.0987858846953407,0.235124891920381,2.58952022363316,0.00198059764882231,1.12605078141117,0.0407186521425855,0.468332533605525,-3.38647373057155,0.916519549431837,-0.257211129536856,0.255882902087235,-0.925658358615374,1.56647053138124,1.93495938766368,0.483565353263473,-1.18399409610472,0.170029362709706,-1.60867917991323,-1.55253662410536,0.0179826512723232,0.998440360412161,0.27416668455424,0.967945030012625,0.644874867592016,0.00309778337496692,0.370881770659656,0.799780715102206,0.800791090263092,0.366232362016751,0.133742198000109,0.0680240637560643,0.634220373007651,0.251016763395357,0.866784435189283,0.124176628997487,0.137032264669619,0.503514235625049,1,1,1,1,0.123911334998677,1,1,1,1,1,1,1,1,1,1,1,FALSE,FALSE,FALSE,FALSE,FALSE,FALSE,FALSE,FALSE,FALSE,FALSE,FALSE,FALSE,FALSE,FALSE,FALSE,FALSE,FALSE,TRUE,TRUE,TRUE,TRUE,TRUE,TRUE,FALSE,TRUE,TRUE,TRUE,TRUE,TRUE,TRUE,TRUE,TRUE,TRUE,TRUE
"13","b67b924653e2ba692fd3ea7c8f75c2ee",-6.47378898537783,-3.08654090249336,-9.37807804877091,0.419331580952654,-2.69542167515473,1.27919612278494,-0.54262344943439,NA,NA,NA,NA,NA,NA,NA,NA,NA,NA,4.8962981748909,0.308461873149445,1.17417959193216,0.0107370124684104,0.360531113080844,0.0705925127742376,0.236299550846721,NA,NA,NA,NA,NA,NA,NA,NA,NA,NA,-1.32218029910364,-10.0062314702925,-7.98691964432704,39.0547726554644,-7.47625260999408,18.1208469923142,-2.29633720203882,NA,NA,NA,NA,NA,NA,NA,NA,NA,NA,1,1,1,1,1,1,1,1,1,1,1,1,1,1,1,1,1,1,1,1,1,1,1,1,1,1,1,1,1,1,1,1,1,1,FALSE,FALSE,FALSE,FALSE,FALSE,FALSE,FALSE,FALSE,FALSE,FALSE,FALSE,FALSE,FALSE,FALSE,FALSE,FALSE,FALSE,TRUE,FALSE,FALSE,TRUE,TRUE,TRUE,FALSE,TRUE,TRUE,TRUE,TRUE,FALSE,TRUE,TRUE,TRUE,TRUE,TRUE
"14","632a77028290d1ecbd9bfe2958610b8c",7.18900404858181,0.0246936269273625,0.697654302442829,-0.021621865592195,0.0677468712837705,-0.12102687179305,0.046464912430904,0.0159068017638814,-1.81253329421128,-0.0236938698504709,-0.0603736931580329,-0.0731371570067332,-0.076782237600213,-0.427223696940546,0.0412000270354618,-0.0623625100250566,-0.0977974717774128,2.24613338206939,0.299573546743378,0.568620286177608,0.0187195312155045,0.201500702888086,0.0731084772514088,0.0452616391402331,0.0528722245468947,4.75761959258819,0.0240206108363716,0.288488078064676,0.0823130041585796,0.194489697608576,0.208331629485916,0.0706989430871071,0.116748032046093,0.196400838093672,3.20061315413001,0.0824292638512428,1.22692474996384,-1.15504311209923,0.3362115879139,-1.65544238292445,1.02658483681828,0.300853650479051,-0.380974825527243,-0.986397473897457,-0.20927621537448,-0.888524939095059,-0.394788199808621,-2.05069051682058,0.582753082810585,-0.534163265385369,-0.497948342413737,0.00236098219083111,0.934628037253886,0.225484851883574,0.253455956935133,0.738090739100678,0.103976340205822,0.309460575441329,0.764749230298565,0.704804365238263,0.328594854244595,0.835066318666777,0.378430100236986,0.694645473707107,0.0454525171598793,0.562627431374936,0.595549487191981,0.620660937423897,0.0755514301065954,1,1,1,1,1,1,1,1,1,1,1,1,1,1,1,1,TRUE,FALSE,FALSE,FALSE,FALSE,FALSE,FALSE,FALSE,FALSE,FALSE,FALSE,FALSE,FALSE,FALSE,FALSE,FALSE,FALSE,FALSE,TRUE,TRUE,TRUE,TRUE,TRUE,TRUE,TRUE,TRUE,TRUE,TRUE,TRUE,TRUE,FALSE,TRUE,TRUE,TRUE
"15","5b239eddc0c4c102c7f721bae475cf22",-10.8893926265968,-0.0921499100112194,-0.422730291289085,-0.0214858139523343,-0.0390799167040775,0.193254543215975,-0.100407763239309,0.0129990666748258,0.00135154418480144,0.0768176549279361,-0.186694749722416,0.045540780377041,0.106578396155598,-0.232015279053844,0.0860255391680408,0.124814236434506,-0.0883887555777828,3.00022670407031,0.362026529851989,0.881581658582835,0.0227620746099532,0.235396674061536,0.086613625912248,0.100297727822733,0.14750856757667,15.5034136091163,0.050406853963191,0.379436682900012,0.101806842002726,0.200104188466533,0.282089220921245,0.0911120888937062,0.160574925388367,0.224762256255178,-3.6295232662997,-0.254539108083858,-0.479513482583831,-0.943930389497062,-0.166017284908033,2.23122564354677,-1.00109708783005,0.0881241468775661,8.71771997366253e-05,1.52395257565631,-0.492031366855515,0.447325341609376,0.532614519327882,-0.822488992298712,0.944172614332226,0.777295932927448,-0.393254441606213,0.000735925676956065,0.800264991868339,0.633948303694918,0.350359813106385,0.868903865954045,0.0308101090644552,0.322253816937344,0.930177874628415,0.999930836716087,0.134676476406711,0.625143176622539,0.656834625667278,0.596980186918665,0.41523386437443,0.350237424211576,0.441143480163683,0.69603061490283,0.0264933243704183,1,1,1,1,1,1,1,1,1,1,1,1,1,1,1,1,TRUE,FALSE,FALSE,FALSE,FALSE,FALSE,FALSE,FALSE,FALSE,FALSE,FALSE,FALSE,FALSE,FALSE,FALSE,FALSE,FALSE,FALSE,TRUE,TRUE,FALSE,TRUE,TRUE,TRUE,TRUE,TRUE,TRUE,TRUE,FALSE,TRUE,FALSE,TRUE,TRUE,TRUE
"16","51c79d7c5c2260b32f6ad5b82272898e",52.4774826618476,-0.27063235151917,4.76294030800281,-0.130361829767501,0.530519158983278,-0.822099066605804,0.413171335890736,-0.0904903581527983,9.9417627940456,-0.308289451934787,1.28649283022545,-0.545976383907519,NA,NA,NA,NA,NA,4.76800281956902,0.301675138021532,1.1355248436296,0.0105993986853394,0.348344417567932,0.0694011779395907,0.226845086098651,0.361032130650029,39.2487193506641,0.115745783910927,0.481019073326169,0.0746984563066987,NA,NA,NA,NA,NA,11.0061769356485,-0.897098625011164,4.19448357710827,-12.2989835213776,1.5229730468691,-11.8456068183942,1.8213810270109,-0.250643503640168,0.253301584319779,-2.66350480784711,2.67451521481167,-7.30907184568629,NA,NA,NA,NA,NA,1,1,1,1,1,1,1,1,1,1,1,1,1,1,1,1,1,1,1,1,1,1,1,1,1,1,1,1,1,1,1,1,1,1,FALSE,FALSE,FALSE,FALSE,FALSE,FALSE,FALSE,FALSE,FALSE,FALSE,FALSE,FALSE,FALSE,FALSE,FALSE,FALSE,FALSE,TRUE,TRUE,TRUE,TRUE,TRUE,TRUE,TRUE,TRUE,TRUE,TRUE,TRUE,TRUE,TRUE,TRUE,TRUE,TRUE,TRUE
"17","20f887a0f58476d52027e0798805c1d2",-59.8628516823665,-0.466174922321842,2.20265020675425,0.0249936019018605,0.065333770543448,0.95061026489586,-0.195687604180309,-0.179384577769344,18.0021692279618,0.357725136131224,-0.996773418684807,-0.311517474449959,0.313039782467732,-0.629723022261211,-0.126299272622086,-0.281609990172653,0.197733021732029,4.16420312231836,0.317011006365043,1.08148840631411,0.0250648587113389,0.295104629351706,0.0775555276880873,0.182538241085615,0.28874465657023,31.3425882944517,0.0934065023576834,0.442572010951341,0.08333512819273,0.234619633299004,0.313117595329489,0.0851006964922788,0.121721504571918,0.224712840409922,-14.3755839770464,-1.4705322937117,2.03668406789607,0.997157103086074,0.221391886284451,12.2571568169715,-1.07203621014692,-0.621256787571803,0.574367664177518,3.82976695521024,-2.25222877637962,-3.73812918040408,1.3342437632608,-2.01113904697231,-1.48411561629868,-2.31355988543723,0.879936461892093,1.44312394363283e-10,0.160809427328267,0.0585803536894542,0.333530782371325,0.827588081548685,1.5123653004232e-09,0.299608184059088,0.5431810895497,0.573706372445884,0.0014770160072122,0.0387046882271484,0.00179211383774873,0.200804047256037,0.0614713103882691,0.157210809452312,0.0343175222677938,0.391918872944145,7.35993211252741e-09,1,1,1,1,8.16677262228526e-08,1,1,1,0.0782818483822467,1,0.0949820334006825,1,1,1,1,1,TRUE,FALSE,FALSE,FALSE,FALSE,TRUE,FALSE,FALSE,FALSE,TRUE,FALSE,TRUE,FALSE,FALSE,FALSE,FALSE,FALSE,FALSE,FALSE,FALSE,TRUE,TRUE,FALSE,TRUE,TRUE,FALSE,FALSE,FALSE,FALSE,TRUE,TRUE,TRUE,TRUE,FALSE
"18","3a4c1eb8dbc9f93fbbfbd8702754c0df",3.50457881271179,-0.262252895986167,1.63708423736629,-0.0111724328982164,0.161042803132902,0.0737582104126472,0.0948248184552865,-0.143832899447073,12.4876191895691,-0.0286170063727751,0.189088787754157,-0.111054861527659,-0.331298254010343,0.123144233502717,-0.0331504267185784,-0.15393744733403,0.159863308337235,3.70114547667696,0.306383947202994,1.00366717013688,0.0215526984423757,0.271340986782595,0.0753473791682257,0.149619239363711,0.232973986053945,25.1641975368088,0.076075205321914,0.381382000151632,0.0847391053144988,0.202449038063361,0.277467214807761,0.0830650817483251,0.124888633004857,0.213085096714871,0.946890316740088,-0.855961607585177,1.63110270623181,-0.518377451811316,0.593507103524812,0.978908771968957,0.633774231566409,-0.617377510181623,0.496245476189056,-0.376167323527838,0.495798930413543,-1.31055031930645,-1.63645259656238,0.443815438115943,-0.399089798274313,-1.23259774432828,0.750232234923253,0.351518515405994,0.399036458843529,0.113682953802499,0.608127863255713,0.557443034135824,0.335721279506466,0.531195597481836,0.541803489083642,0.623461754428901,0.709530534109004,0.623772945573727,0.200294609246478,0.112553287632236,0.660469967041161,0.692750817960139,0.227625467275078,0.459158848222581,1,1,1,1,1,1,1,1,1,1,1,1,1,1,1,1,1,FALSE,FALSE,FALSE,FALSE,FALSE,FALSE,FALSE,FALSE,FALSE,FALSE,FALSE,FALSE,FALSE,FALSE,FALSE,FALSE,FALSE,TRUE,FALSE,FALSE,TRUE,TRUE,TRUE,TRUE,FALSE,TRUE,TRUE,TRUE,TRUE,TRUE,TRUE,TRUE,TRUE,FALSE
"19","969732ae717bf5a9282f4781499aadb4",-4.67068358998382,-0.47890925889436,0.170199849975083,0.0267668027138504,-0.172012018073384,0.216773072896449,0.0214855221065687,-0.112650203023832,7.2640150773747,0.0432656767126027,-0.277424681639693,-0.168200078255886,-0.0268352500959921,0.0873383681787034,-0.0657489448494932,-0.0254138647154997,0.0469406922240253,2.45683168952583,0.31221010293037,0.79309840903823,0.0243733649487431,0.23370333944498,0.0775560363663422,0.0587282312887221,0.0753954269324606,7.66287853015254,0.0307667513152969,0.305050315219116,0.0911095620130637,0.196586790473044,0.224843228357738,0.082126951988036,0.170340215297109,0.213106612092832,-1.90110035209017,-1.53393261268412,0.214601174375674,1.09819890565544,-0.736027215023516,2.79505094706624,0.365846572169706,-1.49412514269259,0.947948613408348,1.40624781177633,-0.909439091844308,-1.84612980832647,-0.136505866093133,0.38844117662171,-0.800576951389494,-0.149194743420821,0.220268586521273,0.0630601573265219,0.131350113002065,0.830951140135466,0.277378019079151,0.465153260281705,0.00734094746665245,0.716022912771203,0.141427465665694,0.347714883617327,0.165835238048221,0.367481569261626,0.0707973243834235,0.891969544927286,0.699338688906971,0.427164342656062,0.88200011849043,0.826558897549321,1,1,1,1,1,0.278956003732793,1,1,1,1,1,1,1,1,1,1,1,FALSE,FALSE,FALSE,FALSE,FALSE,FALSE,FALSE,FALSE,FALSE,FALSE,FALSE,FALSE,FALSE,FALSE,FALSE,FALSE,FALSE,TRUE,TRUE,TRUE,TRUE,TRUE,TRUE,TRUE,TRUE,TRUE,TRUE,TRUE,TRUE,TRUE,TRUE,TRUE,TRUE,TRUE
"20","81b95cf5e2e0e3f7579b7dfa4b2ebed0",-9.64551510632288,0.0320671023940812,0.43036495991205,0.0012650717549932,0.033426132638378,0.150482601260811,0.021164747810021,-0.0647785836371844,7.26604064914301,0.0730689667270508,0.312201397048697,-0.065715502178255,-0.251568687766972,0.0177457043641013,-0.10104747752602,-0.239061651542654,-0.169272114019803,2.6024865809594,0.346661498248713,0.65359667963711,0.0230654128317767,0.252616192331944,0.0917778318163849,0.0701448849231366,0.0960453570112118,9.78615869659076,0.0360870112234111,0.357225853968057,0.0910676598580117,0.172431789725688,0.245679237005253,0.0929720797285418,0.172961471457157,0.235209137751739,-3.70626891100706,0.0925026360183633,0.658456466074763,0.0548471325538272,0.132319834013075,1.63963996841714,0.301729026046774,-0.674458252361148,0.742481383596845,2.02479962318542,0.873960811012897,-0.721611846408652,-1.45894610365745,0.0722311929181135,-1.08685831080746,-1.38216707760763,-0.71966640258028,0.000535271227724771,0.926675866497208,0.513326998667469,0.956483273474014,0.895273189235673,0.107485407356336,0.764135538303205,0.503189842655294,0.461340380098982,0.0483550746872622,0.386402927974548,0.473962607982271,0.15096099067141,0.942711953604378,0.282417098056465,0.173188856152121,0.475149136334638,0.0203403066535413,1,1,1,1,1,1,1,1,1,1,1,1,1,1,1,1,TRUE,FALSE,FALSE,FALSE,FALSE,FALSE,FALSE,FALSE,FALSE,FALSE,FALSE,FALSE,FALSE,FALSE,FALSE,FALSE,FALSE,FALSE,TRUE,FALSE,TRUE,TRUE,TRUE,TRUE,TRUE,TRUE,TRUE,TRUE,TRUE,TRUE,TRUE,TRUE,TRUE,TRUE
"21","26de4690cd2c89c490c37a8d1418d67a",12.4867249940787,-0.211712813531059,-0.647616299852477,-0.0101563534003606,-0.0414129448658697,-0.0726668685747883,0.05335576671627,-0.0180401456267073,2.23993619795604,-0.0545235338439303,-0.462344324354573,-0.0994163062906465,-0.0845954642873406,0.0237082675945831,-0.019408155933006,-0.173067966329886,-0.0767015701642698,3.09711937534875,0.304986754264741,0.73425941586226,0.0171563869209217,0.253496421310656,0.0824917746762182,0.103361215651516,0.158067773646736,16.8690862924691,0.0531561657846308,0.340476200130832,0.0803650602977276,0.190272053480279,0.257406780213558,0.0711964403611817,0.140542700770121,0.273380836372774,4.03172221693024,-0.694170519114688,-0.881999312316566,-0.591986730491328,-0.163366980297993,-0.880898354533009,0.516206841995356,-0.114129181492902,0.132783492782062,-1.02572360212811,-1.35793434071724,-1.23705881538992,-0.444602676746266,0.0921042855783109,-0.272600088354809,-1.23142621695427,-0.280566740456093,0.000228311696023763,0.491397309355882,0.38279727781176,0.55703299198965,0.871013076998281,0.383386086394937,0.60841720560578,0.909679235191345,0.89499875468041,0.310893454635697,0.181735373473053,0.222937538439131,0.658889654058225,0.927053105938818,0.786496454720792,0.22501433189819,0.780420164061757,0.00913246784095052,1,1,1,1,1,1,1,1,1,1,1,1,1,1,1,1,TRUE,FALSE,FALSE,FALSE,FALSE,FALSE,FALSE,FALSE,FALSE,FALSE,FALSE,FALSE,FALSE,FALSE,FALSE,FALSE,FALSE,FALSE,TRUE,TRUE,TRUE,TRUE,TRUE,TRUE,TRUE,TRUE,TRUE,TRUE,TRUE,TRUE,TRUE,TRUE,TRUE,TRUE
"22","c5bd025300b4ef0c652dd11cef56ac29",6.02708592933547,0.137476577534649,0.466635684942114,-0.0340917427129994,0.544828880367296,-0.199681320107365,0.0611524462578614,-0.00280891979142699,2.58077120052431,-0.0538422159698072,0.220626795428451,0.154321047671524,0.0361329536732226,-0.200727626117933,0.127161639404493,0.235308365449743,-0.707125089951124,3.81935637547704,0.320692493140649,1.10278582315272,0.017529016537982,0.271464250482989,0.0800472718065128,0.158467854701661,0.247644303797805,26.7538254778223,0.0805869658540577,0.40244097532777,0.0857548436735413,0.223320084626662,0.293316499338147,0.0892711420797541,0.12919528857656,0.213589634064358,1.57803706614905,0.428686609369289,0.423142622207513,-1.94487481023987,2.00700047758752,-2.4945424822226,0.385898113992833,-0.0113425576455835,0.09646363293592,-0.668125613108638,0.548221500677857,1.79956071354997,0.161798943134149,-0.684337998615367,1.42444284280454,1.82133859556575,-3.31067138650584,0.126647837325327,0.671682199720325,0.675670820213608,0.0626809357039308,0.0552517340598928,0.0192941905954432,0.702711769008499,0.991036729448665,0.923892075321434,0.509941595049789,0.588216483714362,0.0835468006209332,0.872714995199899,0.499816766644039,0.166211239432047,0.0800819517924903,0.00273458416947337,1,1,1,1,1,0.698501307562712,1,1,1,1,1,1,1,1,1,1,0.147667545151562,FALSE,FALSE,FALSE,FALSE,FALSE,FALSE,FALSE,FALSE,FALSE,FALSE,FALSE,FALSE,FALSE,FALSE,FALSE,FALSE,FALSE,TRUE,FALSE,FALSE,TRUE,FALSE,TRUE,TRUE,TRUE,TRUE,TRUE,TRUE,TRUE,TRUE,TRUE,TRUE,TRUE,TRUE
"23","95251fbafeb9956f566a3da93d145d63",-13.2316015003847,-0.390002947696098,-0.162539190012346,0.023005058206787,0.041889355232207,0.154256876542359,-0.0479160102723874,-0.0179400494055227,2.92438325640833,0.0778008634178859,-0.0896650531602555,0.0275359203934248,0.0414374794401349,0.0109502936390196,0.0164883701800251,0.178725430254754,0.225474734122609,2.56700841837076,0.293860433845557,0.630648700809722,0.0210072570654591,0.185414085972279,0.0792861261440564,0.064620617739804,0.0896168985212335,9.2690342186094,0.0333441144469001,0.301426314074363,0.0969090721412058,0.174703694582626,0.209143505408465,0.0798958160406519,0.123304934194897,0.211258796158923,-5.15448309623488,-1.32717066599401,-0.25773333046378,1.09510052336213,0.225923262585722,1.94557212017254,-0.741497248839712,-0.200186010691634,0.315500319390024,2.33327124466845,-0.297469228708861,0.284141822690267,0.237187195949866,0.0523577990989164,0.206373387207607,1.4494588673334,1.06729157896456,4.54471926520269e-06,0.190603315966346,0.797692086569948,0.278826311755849,0.822200833662968,0.0574545074701348,0.461931219448637,0.842163642910476,0.753721656057548,0.0237820046986732,0.767365835066321,0.777498992298466,0.813500453816108,0.95845647190638,0.837354386482349,0.153579906507747,0.291070529338037,0.000218146524729729,1,1,1,1,1,1,1,1,1,1,1,1,1,1,1,1,TRUE,FALSE,FALSE,FALSE,FALSE,FALSE,FALSE,FALSE,FALSE,FALSE,FALSE,FALSE,FALSE,FALSE,FALSE,FALSE,FALSE,FALSE,TRUE,FALSE,TRUE,TRUE,TRUE,TRUE,TRUE,TRUE,TRUE,TRUE,TRUE,TRUE,TRUE,TRUE,TRUE,FALSE
"24","cb3f42ad378ddeda014d895db355586b",7.4497386312393,-0.0956270220384737,0.4040439423634,0.0160938747911635,-0.0355617452697185,-0.232836415558254,0.102686634207565,-0.000452760237667171,3.30167715873134,-0.0577701601819648,-0.0604032851699304,0.0200643835716972,0.0121539558964146,-0.306476483011353,0.0154837262672631,0.0665548875238623,0.191821517140853,2.6548886870556,0.265459935054175,0.625934151219522,0.0185205403066654,0.192844185123428,0.0684962557362841,0.0672508365729511,0.100225353626486,10.5489592986947,0.0364539083136877,0.281992839167503,0.073352178691211,0.169322014505344,0.209283892742271,0.0678539731357418,0.121213460717516,0.200706572598823,2.80604556701826,-0.360231467769168,0.645505508169176,0.86897436709076,-0.18440662469007,-3.39925756605868,1.52691980413023,-0.00451742220191603,0.312986055329636,-1.58474530864701,-0.214201485925148,0.273534936926165,0.0717801281299485,-1.46440549721986,0.228191888429111,0.549071754324103,0.955731118603028,0.00722392289990776,0.720254374340249,0.521673537235881,0.389185570696358,0.854471373453921,0.00136819502397114,0.133344117744833,0.996414353686907,0.755647162138702,0.119591233542444,0.831297301857613,0.785615625328236,0.9430751443866,0.149602362178417,0.820466398926148,0.585501564906339,0.343996957733827,0.216717686997233,1,1,1,1,0.0602005810547304,1,1,1,1,1,1,1,1,1,1,1,FALSE,FALSE,FALSE,FALSE,FALSE,TRUE,FALSE,FALSE,FALSE,FALSE,FALSE,FALSE,FALSE,FALSE,FALSE,FALSE,FALSE,TRUE,TRUE,TRUE,TRUE,TRUE,FALSE,TRUE,TRUE,TRUE,TRUE,TRUE,TRUE,TRUE,FALSE,TRUE,TRUE,TRUE
"25","1e2270e7a0c8c2e951edc6813b58451a",-6.70594347285763,0.263893344152266,1.05075005676855,0.000435884192638951,0.13639487455026,0.024319547866635,-0.032540202914885,0.0454922694094837,-1.61951838246623,0.0327451346739122,-0.0942445157965337,-0.0622802745755471,0.241271594673625,-0.383300918776486,0.083373613475897,-0.196308541269403,0.110691014547765,3.04955637872573,0.309880755979341,0.784411414637647,0.0184381162059752,0.23482233261267,0.0824044218587405,0.0989116383570049,0.15061426137824,16.200627685115,0.0512986758808244,0.3617212778634,0.0871043780977988,0.207950433970678,0.249913384021549,0.0789577724484677,0.125604065996745,0.289809306454149,-2.19898983328839,0.851596425593652,1.33953947783121,0.0236403864564914,0.580842856949378,0.295124306658254,-0.328982549024581,0.30204489928904,-0.0999663972251046,0.638323194734787,-0.260544572752848,-0.715007396133639,1.16023607196533,-1.53373505895721,1.05592661609484,-1.56291549729362,0.381944306420253,0.0333061396411202,0.399156070867746,0.18743232451832,0.981248824369069,0.564378471400655,0.769319242759894,0.743765869120582,0.764073961014612,0.920835630386144,0.526648539356142,0.79568742711363,0.478468758980306,0.252354157971343,0.132420354827352,0.296898466490073,0.125403029383505,0.704383801271969,0.899265770310245,1,1,1,1,1,1,1,1,1,1,1,1,1,1,1,1,FALSE,FALSE,FALSE,FALSE,FALSE,FALSE,FALSE,FALSE,FALSE,FALSE,FALSE,FALSE,FALSE,FALSE,FALSE,FALSE,FALSE,TRUE,TRUE,TRUE,TRUE,TRUE,TRUE,TRUE,TRUE,TRUE,TRUE,TRUE,TRUE,TRUE,FALSE,TRUE,TRUE,TRUE
"26","820d3c5095323f85949bc959fd15d1b7",-9.82696325181446,0.0816101144670743,-0.18579076492974,0.00667699936912291,0.0854166576706748,0.00857588973567567,0.056175136977189,-0.0508291901151899,5.48734174549318,0.0694565815899402,-0.212645888226226,0.0233701478595681,-0.148792260578942,-0.150197708224387,-0.0665200151081108,-0.0128066226011881,0.137644774338027,3.3527917711913,0.322836656163795,0.754857411010714,0.0205607967849975,0.24028466561419,0.0802757650886038,0.122187465669625,0.1904640173837,20.4207100480282,0.0632112065552795,0.35214034189917,0.089513020217679,0.202143450468048,0.258887196265691,0.0829053611128972,0.122096382286372,0.222292403300636,-2.93097929201931,0.252790731501284,-0.246126966788306,0.324744193473809,0.355481101768779,0.106830370613224,0.459745495737488,-0.266870303448403,0.268714541883573,1.09880170582093,-0.603866876141994,0.261080989142543,-0.736072626812421,-0.580166614614044,-0.802360839096117,-0.104889451770575,0.619205930091416,0.00576233087922516,0.801829120822686,0.806944270093542,0.74720371311096,0.724247864376595,0.915500708994523,0.648389056338399,0.791050839410889,0.789642052260473,0.278953328077171,0.549616904556728,0.795477810682447,0.466327701889898,0.565318978786016,0.427468027144066,0.91703008577371,0.53957496006174,0.17863225725598,1,1,1,1,1,1,1,1,1,1,1,1,1,1,1,1,FALSE,FALSE,FALSE,FALSE,FALSE,FALSE,FALSE,FALSE,FALSE,FALSE,FALSE,FALSE,FALSE,FALSE,FALSE,FALSE,FALSE,TRUE,TRUE,TRUE,TRUE,TRUE,TRUE,TRUE,TRUE,TRUE,TRUE,TRUE,TRUE,TRUE,TRUE,TRUE,TRUE,TRUE
"27","92fb114641e27921122496428e2ef0dd",-31.0124643886509,-5.37697200543479,3.73260041304969,-0.196506764088597,-0.0841171859051753,1.64934136492313,-0.578254865325807,0.507402979395441,NA,NA,NA,NA,NA,NA,NA,NA,NA,4.87104008214706,0.307119403348061,1.16656349476442,0.0107098196871193,0.358129844187964,0.0703567842961187,0.23444014538605,0.373249553165086,NA,NA,NA,NA,NA,NA,NA,NA,NA,-6.3667027709986,-17.5077573960412,3.19965473787045,-18.3482794136054,-0.23487901740193,23.4425348091714,-2.46653517627538,1.35942019244969,NA,NA,NA,NA,NA,NA,NA,NA,NA,1,1,1,1,1,1,1,1,1,1,1,1,1,1,1,1,1,1,1,1,1,1,1,1,1,1,1,1,1,1,1,1,1,1,FALSE,FALSE,FALSE,FALSE,FALSE,FALSE,FALSE,FALSE,FALSE,FALSE,FALSE,FALSE,FALSE,FALSE,FALSE,FALSE,FALSE,FALSE,TRUE,FALSE,FALSE,TRUE,FALSE,FALSE,TRUE,TRUE,FALSE,TRUE,FALSE,TRUE,FALSE,FALSE,TRUE,FALSE
"28","5431c93e93b57f0b74748eb702ea1e72",0.351799991958592,-0.078463209237498,0.746763185286364,-0.00272391910470927,0.0604366572568334,-0.0152143803705067,-0.0229290925547059,0.0558237336289397,-4.08471924865161,0.0111361841388774,0.110043759013748,-0.264781413704419,0.289927918971495,-0.511778883882136,0.0523899364121542,-0.038667055093957,0.507568891763502,2.45371850954125,0.315317405812428,0.600951809857295,0.0196029427866912,0.18771304391845,0.0813558880245613,0.0538099746056674,0.0761962298195518,7.61898584164316,0.0309300820352414,0.318817834111379,0.0972358515005151,0.175402726499791,0.218767769120504,0.079000813218934,0.137962033690576,0.200399173323793,0.143374225931223,-0.248838813814716,1.24263405657052,-0.138954601579442,0.321963013306042,-0.187010193606559,-0.426112309525063,0.732631178224194,-0.536123748429315,0.360043795751623,0.345161867498618,-2.72308422889696,1.65292709387754,-2.33937058433975,0.663156925574507,-0.280273159648256,2.53278934910277,0.886570906017624,0.804504785544775,0.219798988356145,0.890044194821948,0.74882297941799,0.852409419748431,0.671854865388243,0.467204159197667,0.594250255213144,0.720330813413464,0.731420543594077,0.00888252659897086,0.104612128433166,0.0233518822070083,0.510275995757398,0.7804243095147,0.0145003877857724,1,1,1,1,1,1,1,1,1,1,1,0.461891383146485,1,1,1,1,0.754020164860165,FALSE,FALSE,FALSE,FALSE,FALSE,FALSE,FALSE,FALSE,FALSE,FALSE,FALSE,FALSE,FALSE,FALSE,FALSE,FALSE,FALSE,TRUE,TRUE,TRUE,TRUE,TRUE,TRUE,TRUE,TRUE,TRUE,TRUE,TRUE,TRUE,TRUE,FALSE,TRUE,TRUE,TRUE
"29","7c821085a5548386a8d91fe359fa3ff3",7.61068151137813,-0.104089415651253,0.324299949059571,0.00535797046651991,-0.0997006916664354,-0.0813982443529726,0.0924055535932171,-0.0483759615884325,3.82395520614676,-0.0233234661462646,-0.20134645600666,-0.021053865629505,-0.110317277528608,-0.0952601843388252,-0.0752920742786433,-0.113551467957641,-0.109220757224594,2.21973631546878,0.268772659440409,0.635521829786261,0.0168585589407922,0.18039906558362,0.0687827521963608,0.0389541594041665,0.0473692804205689,4.43890053079652,0.0226039498618102,0.254979104459873,0.0783595857875167,0.145469546221834,0.203502542072086,0.0670340982069117,0.122169441070218,0.182848559089532,3.42864215823349,-0.387276800653644,0.510289236120559,0.317819007267304,-0.552667450598413,-1.18341069168906,2.37216140732159,-1.02125177243407,0.861464495457075,-1.03183144047183,-0.789658652355753,-0.26868270700914,-0.758353073848042,-0.468103166520059,-1.12319067896225,-0.92945884799764,-0.597329056178744,0.00120862378958536,0.70016278735439,0.612050431693904,0.751919918250071,0.582905485726323,0.242133405975336,0.0214951671255885,0.311955278702013,0.393014619594295,0.307019594447588,0.433383288724328,0.78925777646881,0.451730029345762,0.641705216063053,0.266616133143074,0.357029946267325,0.552930674952667,0.0423018326354875,1,1,1,1,1,1,1,1,1,1,1,1,1,1,1,1,TRUE,FALSE,FALSE,FALSE,FALSE,FALSE,FALSE,FALSE,FALSE,FALSE,FALSE,FALSE,FALSE,FALSE,FALSE,FALSE,FALSE,FALSE,TRUE,TRUE,TRUE,TRUE,TRUE,TRUE,TRUE,TRUE,TRUE,TRUE,TRUE,TRUE,TRUE,FALSE,TRUE,TRUE
"30","564e9f4d70915c0026898422d57b1431",-356.401908452102,-4.30572988225839,NA,-0.162900362312401,2.18589830191074,5.1130623939497,-1.82965979723397,0.212891627174449,-134.736563021747,2.78275958844606,4.27014815769859,0.0696021913585489,-3.05832189909114,0.0138233690714217,NA,NA,NA,4.74171703245361,0.300294773912546,NA,0.0105713618212656,0.345850860701473,0.0691589750092021,0.224904900119434,0.357910826469697,38.9072526161666,0.114770751225649,0.477725418487295,0.074415074101621,0.25771627568081,0.351660121374075,NA,NA,NA,-75.1630487464329,-14.3383443746255,NA,-15.4095910315648,6.32034946357277,73.9320152340224,-8.13525981987205,0.59481751159733,-3.46301920495312,24.2462435657925,8.93849896289778,0.935323819788183,-11.8670110803517,0.0393088901221108,NA,NA,NA,1,1,1,1,1,1,1,1,1,1,1,1,1,1,1,1,1,1,1,1,1,1,1,1,1,1,1,1,1,1,1,1,1,1,FALSE,FALSE,FALSE,FALSE,FALSE,FALSE,FALSE,FALSE,FALSE,FALSE,FALSE,FALSE,FALSE,FALSE,FALSE,FALSE,FALSE,TRUE,FALSE,TRUE,FALSE,FALSE,TRUE,TRUE,TRUE,TRUE,TRUE,TRUE,TRUE,TRUE,TRUE,TRUE,TRUE,TRUE
"31","386a607b118090dd71bfc8b4b4081447",-4.88727816616479,0.0743116460696186,-0.0255014411506965,0.0320451694768503,-0.0969929883683867,0.085549762867465,-0.00985645880972487,-0.0511947837988551,6.21840908451908,0.0126532339893119,-0.195025587227886,-0.0547265436614675,0.0352097561711079,0.0332269000055316,0.0524959814198495,-0.0136423479579105,0.176011943563221,2.25438010163988,0.277242141452619,0.611440453170857,0.0176723710342511,0.170867673942537,0.0724867238931692,0.0393673702299576,0.0536055004746494,4.85807078213154,0.021865634153898,0.276319814718208,0.0801141775759121,0.167740008767405,0.195464788892571,0.0616381726994393,0.104898053892006,0.200593308062416,-2.16790334629448,0.268038782561195,-0.0417071540138521,1.813292025996,-0.567649726425174,1.18021284826651,-0.250371278349306,-0.955028557620978,1.28001615525879,0.578681317918977,-0.70579660538197,-0.683106852212411,0.209906726664902,0.169989184209507,0.85167971600701,-0.130053394240806,0.877456707122321,0.0348569697554155,0.789750623816445,0.966895007142106,0.0756733242155316,0.572763401183499,0.243391158932932,0.803306118133327,0.344068333660759,0.20633133825757,0.565351227581499,0.483526294093804,0.497630953640193,0.834576785252656,0.865691177622633,0.398373462483745,0.897035792866387,0.384353511324974,0.899265770310245,1,1,1,1,1,1,1,1,1,1,1,1,1,1,1,1,FALSE,FALSE,FALSE,FALSE,FALSE,FALSE,FALSE,FALSE,FALSE,FALSE,FALSE,FALSE,FALSE,FALSE,FALSE,FALSE,FALSE,TRUE,TRUE,TRUE,FALSE,TRUE,TRUE,TRUE,TRUE,FALSE,TRUE,TRUE,TRUE,TRUE,TRUE,TRUE,TRUE,TRUE
"32","afce1dc2c06acb90ad5d3da0fffbcd02",17.3314563227783,0.556628556497162,-1.79068118385683,0.0563696463927575,-0.00366154850130297,-0.288512663330376,0.17719778220911,-0.117573302299894,10.4119406861677,-0.156123853096696,-0.213022007912348,0.12130425712529,0.179030951086782,0.329998542025756,0.0903941669980824,0.0610471041172793,-0.375771343205395,4.1367427632452,0.317241942740481,0.957686839030577,0.0184036843476913,0.295055812820346,0.0781467677919487,0.181516783752778,0.285557106213652,30.9800726750469,0.0924079109667605,0.430743533332582,0.0764455707497874,0.247630407485521,0.320097019602614,0.0861573104592422,0.1019340568915,0.232479074811952,4.1896383978157,1.75458689884682,-1.86979825855125,3.06295442411394,-0.0124096809559635,-3.69193341557628,0.976206048529647,-0.411733064040529,0.336085095583203,-1.68950744003784,-0.494544877468588,1.58680556552228,0.722976442613372,1.03093287914843,1.04917582171793,0.598888202617683,-1.61636630526575,0.000615229601168179,0.0973353838397436,0.0788350843393951,0.00704143319215937,0.990243234662265,0.00180924760490325,0.342650292767039,0.685679730929535,0.740919268273268,0.109376483665436,0.627251515579144,0.130981006470396,0.47952399272138,0.317017327258601,0.308784722781926,0.557144464833722,0.124419522411689,0.0227634952432226,1,1,0.366154525992287,1,0.0759883994059363,1,1,1,1,1,1,1,1,1,1,1,TRUE,FALSE,FALSE,FALSE,FALSE,TRUE,FALSE,FALSE,FALSE,FALSE,FALSE,FALSE,FALSE,FALSE,FALSE,FALSE,FALSE,FALSE,TRUE,TRUE,FALSE,FALSE,FALSE,TRUE,FALSE,FALSE,TRUE,FALSE,TRUE,TRUE,TRUE,FALSE,TRUE,FALSE
"33","1c6bf8efe709f63c28e0225da6870395",-1.82262873093481,-0.0719684866201169,0.186732411274911,0.0150315811063557,0.0552238082242207,-0.0179863543976184,0.013422515914399,-0.0198469765596731,3.84355227797194,-0.00169895086626019,-0.0556808004586248,0.00380981735297111,0.170673952209646,-0.118154143306517,0.0548341895778468,0.112858286989491,0.0352799454671559,2.20534981089203,0.246629248996186,0.502847089231097,0.0157191661428987,0.158513795075711,0.0647295629096041,0.0352240500120543,0.0460715370275714,4.27659621907638,0.02131798927874,0.254372452533929,0.0738544588983712,0.153534853139149,0.177515934055817,0.060327736266584,0.0939286818560734,0.188886009816176,-0.826457880710356,-0.291808400313581,0.371350287739446,0.956258173602062,0.348384872104313,-0.277869239171855,0.381061119031047,-0.430786074009117,0.898740980227972,-0.0796956431512292,-0.218894773801019,0.0515854751331084,1.11163002223973,-0.665597395157584,0.908938292256457,1.2015316808387,0.186779028798853,0.412394295816991,0.77161683361982,0.711914939669507,0.3434529148369,0.728985217565211,0.782236127870577,0.704740730734802,0.668439181450451,0.37301440749534,0.936791227097752,0.827605668830325,0.959060513962781,0.271510276705392,0.508667753666868,0.367658186164445,0.235095070402808,0.852574922704786,1,1,1,1,1,1,1,1,1,1,1,1,1,1,1,1,1,FALSE,FALSE,FALSE,FALSE,FALSE,FALSE,FALSE,FALSE,FALSE,FALSE,FALSE,FALSE,FALSE,FALSE,FALSE,FALSE,FALSE,TRUE,TRUE,TRUE,TRUE,TRUE,TRUE,TRUE,TRUE,TRUE,TRUE,TRUE,TRUE,FALSE,TRUE,TRUE,TRUE,TRUE
"34","f2d099ef5556f02539ded15181a3d994",5.95413243733585,-0.217796100164663,-0.260956700882159,0.0429835457559716,-0.22308009688179,-0.0192470462666331,0.078628415211806,-0.0992454822637071,7.10418712272827,-0.0393589758537628,-0.418173904489658,-0.108735620467348,0.083445819055302,0.102977500349272,-0.00467885810826842,0.110525548877947,0.19379106088946,2.24099405178834,0.279571710005111,0.613280317445346,0.0166657739395015,0.199816494896508,0.0705713845785198,0.0387129878723902,0.0511430676420055,4.69273715512905,0.022668380899217,0.289583746963427,0.0761788826848414,0.157669017683016,0.196591450696277,0.0635234502710429,0.118955555751378,0.229466069384154,2.65691577029594,-0.779034832103298,-0.425509662480592,2.57915089404226,-1.11642483268126,-0.27273159484661,2.03106036328142,-1.94054613537091,1.51386853511784,-1.73629409302551,-1.44405170826964,-1.42737221438645,0.529246774550626,0.523814743645014,-0.0736556041635741,0.929133138673658,0.844530354355052,0.0105018763664057,0.439559155613791,0.672255428028936,0.0128313756819097,0.269472781595775,0.786160832605905,0.0474768890452778,0.0578509593650791,0.136232374741426,0.0885498383837674,0.154839949572715,0.159567169006955,0.598930490603939,0.602676408371518,0.941572557744174,0.357197070292251,0.402317474408505,0.304554414625765,1,1,0.641568784095485,1,1,1,1,1,1,1,1,1,1,1,1,1,FALSE,FALSE,FALSE,FALSE,FALSE,FALSE,FALSE,FALSE,FALSE,FALSE,FALSE,FALSE,FALSE,FALSE,FALSE,FALSE,FALSE,TRUE,TRUE,TRUE,FALSE,FALSE,TRUE,TRUE,FALSE,FALSE,TRUE,FALSE,FALSE,TRUE,TRUE,TRUE,TRUE,TRUE
"35","304a3df568087b761af6bca76a3816aa",-478.308276830959,0.0140380363369278,-2.51169588706404,-0.330062486536341,2.13669767044225,6.8870664433607,-3.88150738375022,1.05109377895605,-18.9541870131278,3.12741118011886,0.237977185032075,NA,NA,NA,NA,NA,NA,4.79407275603214,0.30304763798358,1.14337330367955,0.0106272589169942,0.35081865540495,0.0696420337208518,0.22876827349878,0.364125957070778,39.5871720517776,0.116712307315361,0.484287996164845,NA,NA,NA,NA,NA,NA,-99.7707588457284,0.0463228699960645,-2.19674176315034,-31.0581015400437,6.09060446906924,98.8923797223717,-16.9669828966512,2.88662139719893,-0.478796186510541,26.7958988392584,0.491396001793674,NA,NA,NA,NA,NA,NA,1,1,1,1,1,1,1,1,1,1,1,1,1,1,1,1,1,1,1,1,1,1,1,1,1,1,1,1,1,1,1,1,1,1,FALSE,FALSE,FALSE,FALSE,FALSE,FALSE,FALSE,FALSE,FALSE,FALSE,FALSE,FALSE,FALSE,FALSE,FALSE,FALSE,FALSE,TRUE,TRUE,TRUE,TRUE,FALSE,TRUE,TRUE,FALSE,TRUE,TRUE,TRUE,TRUE,TRUE,TRUE,TRUE,FALSE,TRUE
"36","2ddd18d49a8163e0fc79e28ea6273254",44.0163550058595,-0.822562720161652,1.53302648426904,-0.00344579746368687,0.167865869125359,-0.579745017867054,0.314716865724252,-0.0531966459402775,-2.36772185694218,-0.222315553862125,-0.712193722788227,-0.0767140840939463,-0.0501191236691805,-0.0646667874578943,-0.0790739807274461,-0.000320190389960825,-0.436503911641769,3.44804218263189,0.31636805949531,0.88083601437895,0.0191642399014616,0.247339702616029,0.0805841608793664,0.129488176322661,0.201909956431907,21.7278257942859,0.0671928928456014,0.363103077598838,0.090678323141762,0.250859395501041,0.276635797073839,0.0777364848814979,0.127412803209664,0.267029411494051,12.7656080391284,-2.60001822394415,1.74042212085291,-0.179803502847199,0.678685497515759,-7.19428001161328,2.43046797523841,-0.263467175568521,-0.108971872259987,-3.30861709396812,-1.96140921607685,-0.846002456110876,-0.199789701195276,-0.233761458719074,-1.01720550971641,-0.00251301581862175,-1.63466604371217,9.94538629398499e-15,0.0135610856601935,0.0905716593982037,0.858343799622433,0.501800436612953,2.14858514353358e-08,0.0203442839567509,0.793735498220505,0.913847177144353,0.00217830418207151,0.057824812041585,0.403298469288324,0.842801336696102,0.816532101853611,0.316036021672821,0.998009174788902,0.111082977612733,5.37050859875189e-13,0.718737539990258,1,1,1,1.11726427463746e-06,1,1,1,0.113271817467719,1,1,1,1,1,1,1,TRUE,FALSE,FALSE,FALSE,FALSE,TRUE,FALSE,FALSE,FALSE,FALSE,FALSE,FALSE,FALSE,FALSE,FALSE,FALSE,FALSE,TRUE,TRUE,FALSE,TRUE,TRUE,TRUE,FALSE,TRUE,TRUE,FALSE,TRUE,TRUE,TRUE,TRUE,TRUE,TRUE,FALSE
"37","42604f7f8bfc866837a5370b4b667382",25.7278916797531,0.367470452297724,NA,-0.024893781738208,0.180427891460815,-0.496014415572631,0.232675747128964,0.0308424583044467,-0.584972146745177,-0.131293258904798,0.291512057734801,-0.10187196376609,-0.380292259288568,-0.218452174011334,-0.0968790902438695,-0.527000400776608,-0.466708360790597,4.16079045115315,0.280095594214896,NA,0.0109495316410283,0.29460101776676,0.0688948688710918,0.18213108493992,0.288732602608442,31.297541906694,0.0931059341202123,0.410908748055011,0.0777868655791434,0.224858470615508,0.302208462623898,0.0793563246370481,0.0756786596512638,0.219794598141472,6.18341442132052,1.31194656355713,NA,-2.27350196833352,0.612448296440245,-7.19958428980706,1.27751804259947,0.106820144402858,-0.0186906738071996,-1.410149204188,0.709432590848064,-1.30962937004373,-1.69125164930451,-0.722852603512962,-1.22081120423565,-6.96365928261796,-2.1233841265298,1.00126558396365e-05,0.206978941140209,1,0.0362513911946932,0.54834670389879,1.48657928640051e-06,0.218590965144991,0.916182137744943,0.985305485850028,0.176530102269704,0.487672997841376,0.207744873220243,0.109037719152824,0.47959813518219,0.238820348775225,2.28595626633608e-06,0.0487003332208541,0.000470594824462913,1,1,1,1,7.28423850336251e-05,1,1,1,1,1,1,1,1,1,0.000123441638382149,1,TRUE,FALSE,FALSE,FALSE,FALSE,TRUE,FALSE,FALSE,FALSE,FALSE,FALSE,FALSE,FALSE,FALSE,FALSE,TRUE,FALSE,FALSE,FALSE,FALSE,TRUE,TRUE,FALSE,TRUE,TRUE,TRUE,TRUE,TRUE,TRUE,TRUE,TRUE,TRUE,FALSE,TRUE
"38","de4edf45ab75f6490e1ada65b0e0306f",-113.528696960068,0.526674936877246,0.856427254070786,0.179360991036174,-0.683122147554368,1.70189415149236,-0.508018049965024,-0.272647130830383,10.6175882657335,0.704307955050724,-0.290907913543806,-0.287706915081619,NA,NA,NA,NA,NA,4.76800281956902,0.301675138021532,1.1355248436296,0.0105993986853394,0.348344417567932,0.0694011779395907,0.226845086098651,0.361032130650029,39.2487193506641,0.115745783910927,0.481019073326169,0.0746984563066987,NA,NA,NA,NA,NA,-23.8105347786538,1.74583474240312,0.754212696336342,16.921808147877,-1.96105381083407,24.5225542565538,-2.23949329783629,-0.755187994873167,0.270520629498039,6.08495559192661,-0.604774175652173,-3.85157778763653,NA,NA,NA,NA,NA,1,1,1,1,1,1,1,1,1,1,1,1,1,1,1,1,1,1,1,1,1,1,1,1,1,1,1,1,1,1,1,1,1,1,FALSE,FALSE,FALSE,FALSE,FALSE,FALSE,FALSE,FALSE,FALSE,FALSE,FALSE,FALSE,FALSE,FALSE,FALSE,FALSE,FALSE,TRUE,TRUE,FALSE,TRUE,TRUE,TRUE,FALSE,FALSE,TRUE,TRUE,FALSE,TRUE,TRUE,TRUE,TRUE,TRUE,TRUE
"39","e1a9800482df461df81429b3b8f859a1",-19.3737273791942,-0.119477598380677,0.162496091952311,-0.00411874935086331,0.152442078307161,0.14606627576397,-0.00768327176831914,0.0253929505454014,-2.64781303593293,0.157452931220558,-0.603890151684604,0.0340399643307488,-0.0596613684575752,-0.380343277632738,-0.113069676454431,-0.426250181052295,-0.303606620896388,3.81928319422243,0.305364349718777,0.872142100657499,0.0158892268058179,0.286884971627655,0.0708764564746116,0.157288932772357,0.247220108035897,26.7524415139004,0.0808014904092038,0.396592388593163,0.0798525866604205,0.224979427808592,0.288571643642965,0.080680203835729,0.103067302031257,0.227692059441944,-5.07260823405333,-0.391262432863265,0.186318366960851,-0.259216474231157,0.531370038110655,2.06085748398401,-0.0488481397444477,0.102713936771334,-0.0989746313269068,1.94863894741505,-1.52269728076928,0.426285055429781,-0.265185884054847,-1.31802027680626,-1.40145501720162,-4.13564896578961,-1.33340891044028,2.77485245418974e-05,0.698791384530079,0.853641218140577,0.797509610577719,0.599673165604196,0.04945126196668,0.961413633303969,0.918978138957963,0.921917568691555,0.0622070793115159,0.139905616270208,0.67340880456249,0.792957492881891,0.198991937346807,0.172902815033895,0.000327953973415923,0.193963070143187,0.00124868360438538,1,1,1,1,1,1,1,1,1,1,1,1,1,1,0.017053606617628,1,TRUE,FALSE,FALSE,FALSE,FALSE,FALSE,FALSE,FALSE,FALSE,FALSE,FALSE,FALSE,FALSE,FALSE,FALSE,TRUE,FALSE,FALSE,TRUE,TRUE,TRUE,TRUE,TRUE,TRUE,TRUE,FALSE,TRUE,TRUE,TRUE,TRUE,FALSE,TRUE,FALSE,TRUE
"40","c38ee4acf990375c9b9df651cf77bf7c",5.23011430572906,0.160716608487264,0.945475315941116,-0.016457242827292,0.0193459991010517,-0.087735496845621,0.0723720950589539,-0.0133590422980875,-0.0807143644857094,-0.0148883161433252,-0.0912705188217297,-0.022706117004976,0.235962977482305,-0.429380393400348,-0.000350352294598944,0.0582501957646139,-0.155129945056676,3.49379788865724,0.320314004276745,0.875475243240544,0.0195546060711281,0.283544431777109,0.0818937489388697,0.13226204137948,0.207186166640278,22.3521567124391,0.068435090429983,0.363602159557219,0.0823338544956718,0.200498885240398,0.269554013776807,0.0775396974033095,0.142962471982022,0.230148118142327,1.49697105339403,0.501747055518708,1.07995665581755,-0.841604416239851,0.068229162462479,-1.07133325781815,0.547187192214182,-0.0644784471604315,-0.00361103250680017,-0.217553831664148,-0.251017537775011,-0.275781051962891,1.1768792489763,-1.59292895469877,-0.00451836035387973,0.407450955184513,-0.674043943130316,0.143627361310479,0.619079206556119,0.287763047177632,0.405890157357955,0.946002894721874,0.291565796373353,0.587824110388186,0.948966885865098,0.997139923786847,0.829077114493727,0.803311423238651,0.78438554186821,0.247417338262191,0.120431784012589,0.996421289868618,0.686230957913498,0.504840561740134,1,1,1,1,1,1,1,1,1,1,1,1,1,1,1,1,1,FALSE,FALSE,FALSE,FALSE,FALSE,FALSE,FALSE,FALSE,FALSE,FALSE,FALSE,FALSE,FALSE,FALSE,FALSE,FALSE,FALSE,TRUE,TRUE,TRUE,TRUE,TRUE,TRUE,TRUE,TRUE,TRUE,TRUE,TRUE,TRUE,TRUE,TRUE,TRUE,TRUE,TRUE
"41","321b7763c5946d79f50284281735d5b0",-60.9062028073164,0.0213410934746118,-1.13513153569577,0.00573112683144064,-0.0116406819617814,1.02403285192602,-0.391260100405999,0.00902787901643514,2.5632365029366,0.385102211087381,-1.19987661702715,-0.150395894690479,0.672944382502017,-0.42077750314617,-0.0133550911048447,0.153524958970744,0.013858868838661,4.49567553801061,0.2994238388952,1.05517537363855,0.0118055320281711,0.330321989550344,0.0691229479047792,0.206694691889805,0.328634060024297,35.6999081447664,0.105669961716578,0.45028529052747,0.0752821752585491,0.24328033859405,0.332256346203249,0.0845942056392566,0.0682818582045367,0.236753293823903,-13.5477309900056,0.0712738623396026,-1.07577523514552,0.485461122613081,-0.0352404088435876,14.8146582714714,-1.89293734071599,0.0274709170916967,0.0717995265573917,3.64438677587752,-2.66470311659881,-1.99776234113799,2.76612728505335,-1.26642427738241,-0.157872409864526,2.24840042447093,0.0585371743506524,3.92597379007691e-05,0.945942840613225,0.331174618932032,0.647873374556772,0.973251653453415,2.53439716581015e-05,0.116918333203347,0.979146859467724,0.945544972216721,0.0148351660952091,0.0446312253788159,0.1022312136168,0.0395463564675412,0.261152692996491,0.880735066520141,0.0744260776766597,0.955588226138862,0.00172742846763384,1,1,1,1,0.00116582269627267,1,1,1,0.726923138665244,1,1,1,1,1,1,1,TRUE,FALSE,FALSE,FALSE,FALSE,TRUE,FALSE,FALSE,FALSE,FALSE,FALSE,FALSE,FALSE,FALSE,FALSE,FALSE,FALSE,FALSE,TRUE,TRUE,TRUE,TRUE,FALSE,TRUE,TRUE,TRUE,TRUE,TRUE,TRUE,TRUE,FALSE,TRUE,FALSE,TRUE
"42","01491b7ad3b35c7e644dd24ae831bee2",-7.92203898993233,0.180760325913135,0.054795932985298,0.00801548541586944,-0.0750935154159987,0.0563997941243404,-0.0207258655120974,0.00505305716637478,0.691438858051717,0.0561964148569767,0.107920729551344,0.00985761056419582,-0.0316425262783466,-0.404771972176268,0.0139019438254162,0.229721427908945,-0.208833318803602,3.5790424339559,0.293954024075097,0.836035570447773,0.017577122605879,0.248413415722338,0.074110108542181,0.139351115098801,0.217752016036389,23.5126447706438,0.0714609289411843,0.364644360919345,0.0788137375265938,0.210564434869924,0.269867578377675,0.0743096418347941,0.112717035094706,0.228275856514007,-2.21345209958188,0.614927203265487,0.0655425856533231,0.456018063684014,-0.302292511850221,0.76102700743232,-0.148731249817431,0.0232055585906969,0.0294071068906292,0.786393567640703,0.295961602914285,0.125074775966177,-0.15027479022226,-1.49989107476185,0.187081292308246,2.03803646641283,-0.914828760223218,0.0341165179540567,0.54295120571977,0.948149767781487,0.651456808173127,0.764385250695564,0.452212854315308,0.882699042218384,0.98163040758596,0.976722547926121,0.437422077955133,0.769171597702834,0.901246810097547,0.881491055301078,0.143445124454025,0.85277801471124,0.0498832941091868,0.367123950910936,0.899265770310245,1,1,1,1,1,1,1,1,1,1,1,1,1,1,1,1,FALSE,FALSE,FALSE,FALSE,FALSE,FALSE,FALSE,FALSE,FALSE,FALSE,FALSE,FALSE,FALSE,FALSE,FALSE,FALSE,FALSE,TRUE,TRUE,TRUE,TRUE,TRUE,TRUE,TRUE,TRUE,TRUE,TRUE,TRUE,TRUE,TRUE,FALSE,TRUE,TRUE,TRUE
"43","a67690654fca1914946ee270222b7247",-5.84522748708934,-0.28002002423328,0.40523449099136,0.0243831252352592,0.105428210367047,0.033291279177263,-0.0376189687191113,0.0334443890454965,-2.94982537030344,0.0568651706474556,-0.166517512968119,-0.00511283817555989,-0.0450062592922351,-0.334760164178303,0.00281081976922894,0.00889480875560169,0.224422257738717,3.14677453424626,0.323094729350373,0.753469380375066,0.022296877928907,0.233388117775314,0.0783254675924818,0.107405281355495,0.164667656220956,17.563937709019,0.0551374690359155,0.337158427583416,0.0859217872876937,0.214357844116941,0.24678965928497,0.0857967160201776,0.117178709798375,0.230164478429643,-1.85752980503557,-0.866680879617873,0.537824763084123,1.09356679051678,0.451729125595607,0.42503773294369,-0.350252503827987,0.203102356668147,-0.167947838302154,1.03133443811893,-0.493885068101764,-0.0595057241819292,-0.209958536752601,-1.35645944464696,0.0327613911069498,0.07590806189031,0.975051664226801,0.0704281458537009,0.39116078889841,0.593605619892366,0.280528622685243,0.653844825715576,0.673031674402552,0.727942266093754,0.840059654667525,0.867450037253637,0.308429684997656,0.624022971940405,0.952838408790271,0.834739917014472,0.182375902602501,0.974023840392419,0.939861438798546,0.335252715210508,1,1,1,1,1,1,1,1,1,1,1,1,1,1,1,1,1,FALSE,FALSE,FALSE,FALSE,FALSE,FALSE,FALSE,FALSE,FALSE,FALSE,FALSE,FALSE,FALSE,FALSE,FALSE,FALSE,FALSE,TRUE,TRUE,TRUE,FALSE,TRUE,TRUE,TRUE,TRUE,TRUE,TRUE,TRUE,TRUE,TRUE,TRUE,FALSE,TRUE,TRUE
"44","95c08da59378a0eb674c2b7dab943428",-14.4465640391226,-0.133387827894136,-0.274413182849139,0.00888683196513988,-0.142708551689869,0.277213379819291,-0.0707950200631417,-0.061061889208777,7.87101059171168,0.0742464074759893,0.0235070963968312,-0.105986758386691,-0.0880971349430031,-0.312688650418874,0.0478663990937397,-0.0780179312099678,0.385415317436765,3.25051198917445,0.296428219186826,0.742354023962678,0.0155375064451868,0.239726248784946,0.073265193290082,0.113195350920447,0.177042824933708,19.0079789923545,0.0588726709692901,0.324472999728452,0.0753570757051801,0.194430868041688,0.239813877967538,0.0722325103792155,0.10497045836098,0.20535804709715,-4.44439647884261,-0.449983568568643,-0.369652718233174,0.571959985760318,-0.595297980146892,3.7836981978838,-0.625423389631048,-0.344898977022316,0.414089819589847,1.26113536643715,0.0724470030372452,-1.40646060631842,-0.453102616011127,-1.30388054715166,0.662671127480472,-0.74323702523689,1.8767967600239,7.09764087852792e-05,0.655213626741599,0.713640968583764,0.570631373064566,0.555083137729245,0.000519779866736861,0.535336062596091,0.732023495580862,0.681076950049085,0.214752095536296,0.942616456608083,0.167505996282373,0.652985771794944,0.199918276614423,0.511438786641739,0.46179222611371,0.0680421272126734,0.00305198557776701,1,1,1,1,0.0233900940031587,1,1,1,1,1,1,1,1,1,1,1,TRUE,FALSE,FALSE,FALSE,FALSE,TRUE,FALSE,FALSE,FALSE,FALSE,FALSE,FALSE,FALSE,FALSE,FALSE,FALSE,FALSE,FALSE,TRUE,FALSE,TRUE,FALSE,FALSE,TRUE,TRUE,TRUE,TRUE,TRUE,TRUE,TRUE,FALSE,FALSE,TRUE,TRUE
"45","6a49b0df18b1abfe220ecc00d5cbf296",5.90933588330831,-0.0499171833662937,0.451666471138417,-0.0124658212156579,0.0777843940468491,-0.0298851242345359,0.0287933127814739,-0.0146212930056622,0.472602724265403,-0.0262597716583943,0.0471666279069314,-0.00198301356354737,0.222862716107848,-0.600540626953892,0.0420802836474336,0.0486544533226907,0.156205744753281,3.48874023317815,0.300038585865984,0.815537754729978,0.0166601455666003,0.261218311043471,0.0712902479914801,0.131798051999238,0.206506659880527,22.2835554358127,0.0680771118014054,0.358115475513198,0.0878206294780193,0.231958729328472,0.262390294766997,0.0717443977778995,0.0951081851797619,0.221919747425258,1.69383086396348,-0.166369212887138,0.553826562312817,-0.748242034610367,0.297775426753696,-0.419203538723943,0.218465389622302,-0.0708030095209582,0.0212085870060872,-0.385735689478121,0.131707873945797,-0.022580270436842,0.960786070664565,-2.28873033389887,0.586530585673078,0.511569569230345,0.703883933564274,0.0994409600549545,0.86885184689237,0.583321856942389,0.459458982396378,0.767686598597941,0.677704166134208,0.828372559807678,0.94396936911293,0.983203244500561,0.702095492337856,0.895991673410945,0.982117084304467,0.34344312971952,0.0284318987283053,0.561393348127111,0.61225892476638,0.486298136589063,1,1,1,1,1,1,1,1,1,1,1,1,1,1,1,1,1,FALSE,FALSE,FALSE,FALSE,FALSE,FALSE,FALSE,FALSE,FALSE,FALSE,FALSE,FALSE,FALSE,FALSE,FALSE,FALSE,FALSE,TRUE,TRUE,TRUE,TRUE,TRUE,TRUE,TRUE,TRUE,TRUE,TRUE,TRUE,TRUE,TRUE,FALSE,FALSE,TRUE,TRUE
"46","5c4a1032c65d0d99d6d6bee379b63a2c",16.8070919964905,-0.0277855571945028,-0.310566382457371,-0.0494088440839119,0.210236356699056,-0.104783956602589,-0.0511226007692654,0.0224804787579859,-6.05187166014576,-0.141293416670041,0.252163266280735,0.0184739381318474,1.06249725318289,-0.705633200106142,0.450877136236861,0.337515035420922,-0.0537194773300311,4.28774401556103,0.297993794514916,0.999750017307605,0.014552387104348,0.305843900867083,0.070520554635024,0.191675210292757,0.303742426943847,32.9721293992183,0.098130394196664,0.433321994698414,0.0790988343424155,0.233545250830755,0.318450992882362,0.0837005347970921,0.0821904384905362,0.226095833368473,3.91979836844139,-0.0932420664656222,-0.310644038090389,-3.39523981389618,0.687397577990032,-1.48586404552394,-0.266714723782918,0.0740116518596921,-0.183545065800003,-1.4398537560837,0.581930456717844,0.233555124869154,4.54942778499428,-2.21582980074679,5.38678919232575,4.1064999970743,-0.237596051770151,0.00203586149282499,0.927249937332642,0.761400734972173,0.00531627051994402,0.504901319863181,0.163107625878792,0.794216837523147,0.942220545093916,0.857435201575933,0.175483276094147,0.571384482803688,0.819267073799234,0.000666838932479104,0.0467878444775508,0.000163545339026728,0.00145534767070169,0.816202582199862,0.0692192907560498,1,1,0.281762337557033,1,1,1,1,1,1,1,1,0.0360093023538716,1,0.00866790296841656,0.0742227312057864,1,TRUE,FALSE,FALSE,FALSE,FALSE,FALSE,FALSE,FALSE,FALSE,FALSE,FALSE,FALSE,TRUE,FALSE,TRUE,TRUE,FALSE,TRUE,TRUE,TRUE,TRUE,TRUE,TRUE,TRUE,TRUE,TRUE,FALSE,TRUE,TRUE,FALSE,TRUE,FALSE,FALSE,TRUE
"47","c4228a5878f56464e576996e95eefc5e",15.7993246153162,0.242633147486998,-0.241504106821743,-0.0428477550412083,0.280693460208058,-0.246468082118039,0.136758336944904,-0.0125857091943232,2.09683386839775,-0.086123757535451,0.808135478016875,0.0121232836910498,-0.306487717016905,-0.0588247332035966,-0.0203072212297228,0.00898627480386452,0.102120385816681,3.81567497391808,0.300034307220051,0.871068513689137,0.0149890349783803,0.266714345930752,0.0741624189866606,0.156578734579796,0.246652981416316,26.7044194058604,0.0804046635853551,0.398603027632022,0.0789087521580459,0.22101606162678,0.28949959153804,0.0789298189481912,0.0955992734027867,0.218629301868903,4.14063690521651,0.808684679212519,-0.277250414894379,-2.85860664832729,1.05241230736398,-3.32335548766783,0.873415775851791,-0.051025976341556,0.0785201069729152,-1.07112888351339,2.02741931695241,0.153636743193811,-1.38672146612791,-0.203194529191131,-0.257281994312596,0.09399940484906,0.467093774456251,0.000323697091012113,0.42603486227262,0.783780318468826,0.00827219939355732,0.302293572796991,0.00264906775583341,0.390432288943849,0.959694822474952,0.938015534173722,0.293954224662477,0.0529854023743821,0.879082431436848,0.177302581432652,0.840564860476529,0.798986369024196,0.92583028727301,0.644323637202006,0.0126241865494724,1,1,0.421882169071423,1,0.10861177798917,1,1,1,1,1,1,1,1,1,1,1,TRUE,FALSE,FALSE,FALSE,FALSE,FALSE,FALSE,FALSE,FALSE,FALSE,FALSE,FALSE,FALSE,FALSE,FALSE,FALSE,FALSE,TRUE,TRUE,TRUE,TRUE,TRUE,FALSE,FALSE,TRUE,TRUE,FALSE,TRUE,TRUE,TRUE,TRUE,TRUE,TRUE,FALSE
"48","f55e6f0203460ecfb665c9dbc579b714",25.7743161008596,-0.546008477145536,0.317508299273723,-0.00407006951350809,0.110168672575918,-0.49188087556158,0.131921760665711,0.0455720863033829,-2.64586020441481,-0.153318188573812,-0.137755176026162,-0.140465504024507,0.224587014274323,-0.353860137008742,0.112938213295141,0.120883857786659,0.204974685518809,3.62473154032725,0.327699859920602,0.842731873222294,0.0220262533978381,0.266485885334409,0.07837304845082,0.14342820096394,0.223472824751067,24.131730681455,0.073353148253786,0.394392670951476,0.0829214092457073,0.20609655312241,0.287501842021028,0.0872493220048778,0.140719489182217,0.22897620815164,7.11068276756646,-1.66618465225413,0.376760757914245,-0.184782651865232,0.413412787088775,-6.27614830971186,0.919775607440531,0.203926747487741,-0.109642372498717,-2.0901378089917,-0.349284320354703,-1.69395944065891,1.08971746917538,-1.23080998202043,1.29443084140902,0.859041334566863,0.89517896716616,5.4563783002303e-08,0.105751311671984,0.708918110187097,0.854603109677629,0.682150184664275,5.60619374641398e-07,0.364792205997389,0.839743592893287,0.913399708449725,0.044900727150192,0.729237438904234,0.100299009173191,0.284236295743739,0.227651197849504,0.205076332620309,0.396911906591977,0.3775898346045,2.72818915011515e-06,1,1,1,1,2.80309687320699e-05,1,1,1,1,1,1,1,1,1,1,1,TRUE,FALSE,FALSE,FALSE,FALSE,TRUE,FALSE,FALSE,FALSE,FALSE,FALSE,FALSE,FALSE,FALSE,FALSE,FALSE,FALSE,TRUE,TRUE,TRUE,TRUE,TRUE,TRUE,FALSE,TRUE,TRUE,FALSE,TRUE,TRUE,TRUE,FALSE,TRUE,TRUE,TRUE
"49","b73c9d186b67a61bce0ba79c990aef39",48.0113389457422,0.125736106273519,-0.394110373678737,-0.0289339737176603,-0.323417379645438,-0.674403613402039,0.26705848995867,0.0345918903223436,-1.52873331558934,-0.287459187625521,-0.258532554934616,0.0673172679573293,-0.367978777243401,0.383591064794678,0.0362302553419481,-0.0863048881853724,-0.178752597841693,3.9247643083706,0.301804611384823,0.918033201396692,0.0203301293871898,0.285146354289353,0.0731167614230902,0.164517262720472,0.26001296074532,28.1633910783868,0.0848647489004721,0.408423145605282,0.0936793684661432,0.21588437488564,0.297685021173456,0.0883952794301424,0.102494963441821,0.216910261529465,12.2329228390467,0.416614264760842,-0.429298606062547,-1.42320657023914,-1.13421537670178,-9.22365269297969,1.62328551753517,0.133039100140189,-0.0542808680721168,-3.38726257191485,-0.63300172313073,0.718592247786753,-1.70451788110339,1.28858033663429,0.409866404354549,-0.84204028458785,-0.824085483929082,1.50447814539892e-11,0.680823015667246,0.671700630630982,0.168100192364006,0.268387788268671,3.43341945734713e-09,0.118156456429438,0.895319598957737,0.957180139239692,0.00253555961837828,0.532976419024546,0.479629371739811,0.101758118228952,0.210355755373478,0.68569645243233,0.408436063637253,0.41835522431082,7.8232863560744e-10,1,1,1,1,1.81971231239398e-07,1,1,1,0.129313540537292,1,1,1,1,1,1,1,TRUE,FALSE,FALSE,FALSE,FALSE,TRUE,FALSE,FALSE,FALSE,FALSE,FALSE,FALSE,FALSE,FALSE,FALSE,FALSE,FALSE,TRUE,FALSE,FALSE,TRUE,TRUE,TRUE,FALSE,TRUE,TRUE,FALSE,TRUE,TRUE,TRUE,TRUE,TRUE,TRUE,TRUE
"50","6960eba3db7d4d863d042ab497d7481a",17.7528626388886,0.225747119433603,0.743406289940666,-0.0213663258838163,-0.141126624491318,-0.439119393779618,0.248874141289647,-0.0831692110429174,10.8062089381785,-0.13058370867446,0.249462368084849,0.187346160069493,-0.0447421638865837,0.144712230377755,-0.0099592828011395,0.187457251121603,-0.706460514762979,3.89044274495541,0.298119191530629,0.890180270465083,0.0148146199730111,0.275160418909391,0.0722470222845959,0.161801224080399,0.25590542682123,27.7051162098939,0.0831533425846846,0.391922942639775,0.0800645420785101,0.216013540587019,0.286462436968759,0.0777755044532213,0.100066668603271,0.213569134770494,4.56319853618411,0.757237795643255,0.835118812004524,-1.44224596531946,-0.5128885362607,-6.07802757669149,1.5381474565729,-0.324999794166216,0.390043804772762,-1.57039638594771,0.636508713688995,2.33993919412896,-0.207126663286924,0.505170003819861,-0.128051664481708,1.87332359254213,-3.30787740242594,0.000126109263809452,0.456278035711695,0.411887443441547,0.162156927050307,0.612718042283549,2.8133162081235e-06,0.137093716591417,0.747997355530087,0.699944316404463,0.129414616470376,0.530469377678869,0.0279348666652373,0.837658288999205,0.618047167884073,0.899175046468482,0.0732526961868295,0.00295453681324789,0.00529658907999697,1,1,1,1,0.000135039177989928,1,1,1,1,1,1,1,1,1,1,0.156590451102138,TRUE,FALSE,FALSE,FALSE,FALSE,TRUE,FALSE,FALSE,FALSE,FALSE,FALSE,FALSE,FALSE,FALSE,FALSE,FALSE,FALSE,FALSE,TRUE,FALSE,TRUE,TRUE,FALSE,FALSE,FALSE,FALSE,TRUE,FALSE,TRUE,FALSE,TRUE,TRUE,TRUE,TRUE
"51","6545176af2fa076f03140433793c0d00",-2.97939189565734,-0.00231870478735847,0.951630777789179,-0.0289284621273324,-0.0574310597618336,-0.0136061273587699,0.0814583596150541,-0.035734158980316,3.91329500822291,0.0500551760396011,0.429891832038851,-0.0340789778010502,-0.254496390934606,-0.324101463611308,-0.119976755518991,-0.15336868205983,-0.110207112779083,2.92293041957088,0.332498613032441,0.806165781598588,0.020673038216899,0.221112786787439,0.0901011949969309,0.0889337318952857,0.135187195619256,14.4073066915433,0.0464822502692626,0.361339473437705,0.115565373786269,0.19370341363898,0.261471871751472,0.0764341780682964,0.145352680350409,0.244871869355799,-1.01931673628234,-0.00697357732175635,1.18044054896766,-1.39933288101239,-0.259736492838125,-0.151009399589354,0.91594446650419,-0.26433094359734,0.271618775945119,1.07686645439154,1.18971732578496,-0.294889175576735,-1.31384566824894,-1.23952707203383,-1.56967417654165,-1.05514863358623,-0.450060323666466,0.313501659599727,0.99446675965043,0.2440272298534,0.168568895004877,0.796251722754962,0.880643220447384,0.364578605736573,0.792731814451314,0.787157419874244,0.287279302479507,0.240396868830379,0.769434773563199,0.195556960471685,0.221575952719569,0.123496662897493,0.296989632365506,0.65482766576338,1,1,1,1,1,1,1,1,1,1,1,1,1,1,1,1,1,FALSE,FALSE,FALSE,FALSE,FALSE,FALSE,FALSE,FALSE,FALSE,FALSE,FALSE,FALSE,FALSE,FALSE,FALSE,FALSE,FALSE,TRUE,TRUE,TRUE,TRUE,TRUE,TRUE,TRUE,TRUE,TRUE,TRUE,TRUE,TRUE,TRUE,TRUE,TRUE,TRUE,TRUE
"52","719ab97ff4cf3c7b809b054134f4dc70",13.6693318317595,0.666211385756912,0.862459440672453,-0.0161960282854318,0.103173980748857,-0.326374662163337,0.0833796950892403,0.0560641955379743,-5.02834562781827,-0.0694256063840219,-0.293989045324476,-0.0550568812672481,0.15338410722864,-0.690519200865276,0.0944375096336947,0.116541678171389,-0.271944757631431,2.79324545080756,0.395315615519684,0.872647616470144,0.023240749840484,0.260280632673369,0.104885092662792,0.0891980546112024,0.121105179104228,12.5519274313695,0.0440897245331488,0.383172164692236,0.105632127410039,0.239508776203213,0.270359496928039,0.095246406398125,0.179251980147267,0.244073031904063,4.89370951192548,1.68526453193889,0.988324982953714,-0.696880625478757,0.396395151222535,-3.11173546094522,0.934770331625245,0.462938050648711,-0.400603465508534,-1.57464368668995,-0.767250527085149,-0.521213409378101,0.640411218578895,-2.55407784343181,0.991507325105273,0.650155597029625,-1.11419420453761,1.20389039751623e-05,0.0985670421605102,0.328054426377323,0.489310162709187,0.69360757399969,0.00316022703024292,0.354684713995127,0.645545192689513,0.690527363648387,0.12204686700878,0.446769864982957,0.604665455078092,0.525015383332918,0.0139485370901615,0.326515229702269,0.518757202677815,0.270861328876887,0.000553789582857467,1,1,1,1,0.123911334998677,1,1,1,1,1,1,1,0.753221002868721,1,1,1,TRUE,FALSE,FALSE,FALSE,FALSE,FALSE,FALSE,FALSE,FALSE,FALSE,FALSE,FALSE,FALSE,FALSE,FALSE,FALSE,FALSE,FALSE,TRUE,TRUE,TRUE,TRUE,TRUE,TRUE,TRUE,TRUE,TRUE,TRUE,FALSE,TRUE,FALSE,TRUE,TRUE,TRUE
"53","3fae853851bfe19cdb50e15749f373b6",-0.480165896479586,0.158665798041062,0.46984367380119,0.0145808554464872,-0.00716758487221908,-0.0571866039649855,0.0372629926528627,-0.0307390951294204,2.46600885324289,-0.00783837272581399,-0.0758618363662325,-0.059359566439224,-0.00329132377622624,-0.334518589263916,0.0900711757740573,0.129827849940209,0.00171666279880429,2.24502695501103,0.287112604156699,0.592915650841472,0.016171223644584,0.19237600416155,0.0738022819586179,0.0445010566391623,0.0508446493472803,4.74331963538524,0.0237318223393379,0.283728254639366,0.0791792790914056,0.168737020377142,0.204475538332042,0.0714077863495464,0.115972329887067,0.210038774911534,-0.213879791246082,0.552625679764535,0.792429198207845,0.901654430545865,-0.0372582064143509,-0.774862273188936,0.837350738770327,-0.604568927586962,0.519890929307488,-0.330289541769454,-0.267374979847027,-0.749685613715914,-0.0195056411975858,-1.63598341392163,1.26136350639904,1.11947263684911,0.0081730756596125,0.831493595782914,0.582933882237796,0.431781241386857,0.371479039415982,0.970424587632898,0.441998917844793,0.40630234693686,0.548145859573589,0.605389001435684,0.742534195361873,0.790258776272922,0.456888492277306,0.984513850199119,0.108000504142059,0.212917101106535,0.268183284046953,0.993510789044289,1,1,1,1,1,1,1,1,1,1,1,1,1,1,1,1,1,FALSE,FALSE,FALSE,FALSE,FALSE,FALSE,FALSE,FALSE,FALSE,FALSE,FALSE,FALSE,FALSE,FALSE,FALSE,FALSE,FALSE,TRUE,TRUE,TRUE,TRUE,TRUE,TRUE,TRUE,TRUE,TRUE,TRUE,TRUE,TRUE,TRUE,FALSE,FALSE,TRUE,TRUE
"54","a99fb503372ef5103fa41e0c743bbad2",1.57190347223386,-0.0910604974252391,0.223505901266505,0.0276139099446952,0.239159753099759,-0.178750343710034,0.0651447133581851,-0.00382194598815911,1.11694303952735,-0.00469805806255106,0.0032092342214417,-0.0347346793758524,-0.109495767317425,0.115672753861021,0.00727220623644467,0.0877458713132055,-0.175167345664686,3.20206779926148,0.304390502076246,0.814001425175403,0.019094814421898,0.220618349033136,0.0730390846193273,0.110742051811942,0.170748568920774,18.3351078175681,0.0576211073407619,0.347081928796802,0.0846592534672054,0.200880758659345,0.246984712779465,0.0811957068876847,0.120984916358214,0.203777849782512,0.490902620049582,-0.299156829152408,0.274576793545961,1.44614707085226,1.08404289193479,-2.44732453372963,0.588256333455077,-0.022383473034743,0.0609182695100997,-0.0815336302852964,0.00924633049195868,-0.410288042397014,-0.545078423877861,0.468339730663032,0.0895639254240876,0.72526290015696,-0.859599538672327,0.626177883126327,0.766369257168686,0.785054587786267,0.155926656306171,0.284836813899579,0.0188784137179111,0.559667286331146,0.982253353191761,0.951727664654239,0.935424195806993,0.992668563574961,0.683784060291877,0.588726150339355,0.642083837081479,0.929080716453902,0.472512650948897,0.395132482126831,1,1,1,1,1,0.698501307562712,1,1,1,1,1,1,1,1,1,1,1,FALSE,FALSE,FALSE,FALSE,FALSE,FALSE,FALSE,FALSE,FALSE,FALSE,FALSE,FALSE,FALSE,FALSE,FALSE,FALSE,FALSE,TRUE,TRUE,TRUE,TRUE,TRUE,TRUE,TRUE,TRUE,TRUE,TRUE,TRUE,TRUE,TRUE,TRUE,TRUE,FALSE,TRUE
