"","taxon","lfc_(Intercept)","lfc_Crohn_case_control","lfc_F1_SDC_AGE_CALC","lfc_PM_BIOIMPED_WEIGHT","lfc_PM_WAIST_AVG","lfc_PM_WAIST_HIP_RATIO","lfc_PM_STANDING_HEIGHT_AVG","lfc_A_SLE_LIGHT_EXP","lfc_NUT_VEG_DAY_QTY","lfc_REFINED_GRAIN_SERVINGS_DAY_QTY","lfc_PM_BIOIMPED_FFM","se_(Intercept)","se_Crohn_case_control","se_F1_SDC_AGE_CALC","se_PM_BIOIMPED_WEIGHT","se_PM_WAIST_AVG","se_PM_WAIST_HIP_RATIO","se_PM_STANDING_HEIGHT_AVG","se_A_SLE_LIGHT_EXP","se_NUT_VEG_DAY_QTY","se_REFINED_GRAIN_SERVINGS_DAY_QTY","se_PM_BIOIMPED_FFM","W_(Intercept)","W_Crohn_case_control","W_F1_SDC_AGE_CALC","W_PM_BIOIMPED_WEIGHT","W_PM_WAIST_AVG","W_PM_WAIST_HIP_RATIO","W_PM_STANDING_HEIGHT_AVG","W_A_SLE_LIGHT_EXP","W_NUT_VEG_DAY_QTY","W_REFINED_GRAIN_SERVINGS_DAY_QTY","W_PM_BIOIMPED_FFM","p_(Intercept)","p_Crohn_case_control","p_F1_SDC_AGE_CALC","p_PM_BIOIMPED_WEIGHT","p_PM_WAIST_AVG","p_PM_WAIST_HIP_RATIO","p_PM_STANDING_HEIGHT_AVG","p_A_SLE_LIGHT_EXP","p_NUT_VEG_DAY_QTY","p_REFINED_GRAIN_SERVINGS_DAY_QTY","p_PM_BIOIMPED_FFM","q_(Intercept)","q_Crohn_case_control","q_F1_SDC_AGE_CALC","q_PM_BIOIMPED_WEIGHT","q_PM_WAIST_AVG","q_PM_WAIST_HIP_RATIO","q_PM_STANDING_HEIGHT_AVG","q_A_SLE_LIGHT_EXP","q_NUT_VEG_DAY_QTY","q_REFINED_GRAIN_SERVINGS_DAY_QTY","q_PM_BIOIMPED_FFM","diff_(Intercept)","diff_Crohn_case_control","diff_F1_SDC_AGE_CALC","diff_PM_BIOIMPED_WEIGHT","diff_PM_WAIST_AVG","diff_PM_WAIST_HIP_RATIO","diff_PM_STANDING_HEIGHT_AVG","diff_A_SLE_LIGHT_EXP","diff_NUT_VEG_DAY_QTY","diff_REFINED_GRAIN_SERVINGS_DAY_QTY","diff_PM_BIOIMPED_FFM","passed_ss_(Intercept)","passed_ss_Crohn_case_control","passed_ss_F1_SDC_AGE_CALC","passed_ss_PM_BIOIMPED_WEIGHT","passed_ss_PM_WAIST_AVG","passed_ss_PM_WAIST_HIP_RATIO","passed_ss_PM_STANDING_HEIGHT_AVG","passed_ss_A_SLE_LIGHT_EXP","passed_ss_NUT_VEG_DAY_QTY","passed_ss_REFINED_GRAIN_SERVINGS_DAY_QTY","passed_ss_PM_BIOIMPED_FFM"
"1","7e464b9b7f9ca86103a675a09263efec",-15.9164579387407,-0.121638800621933,0.155677699543104,0.187557541291777,-0.0192250128073803,25.5514141160758,0.207949808553716,-2.13655255250714,-0.042511957865522,-0.472475600738237,-0.155238261376071,24.6911459203836,0.678406692026754,0.0795784399212316,0.153725828441947,0.224198206798164,12.5436580590591,0.165045788818215,0.679758669177119,0.44076666997796,0.432371231944889,0.235465832760484,-0.644622083967393,-0.179300708633246,1.9562798629528,1.22007826006029,-0.0857500739276106,2.03699861681277,1.25995222321459,-3.14310453016148,-0.0964500284643749,-1.09275448001698,-0.659281474327442,0.530383267224831,0.860465998753524,0.0722654539694984,0.244106701452817,0.932971708154321,0.0625446449376402,0.229835794941034,0.00777415733432897,0.924634205434808,0.294338510795983,0.521223078408689,1,1,1,1,1,1,1,0.427578653388093,1,1,1,FALSE,FALSE,FALSE,FALSE,FALSE,FALSE,FALSE,FALSE,FALSE,FALSE,FALSE,FALSE,TRUE,FALSE,TRUE,TRUE,FALSE,FALSE,FALSE,TRUE,TRUE,TRUE
"2","41f01f3e3cbf6beb908ae1ebb553208e",44.1284871996399,-2.07586923053131,0.0213932456176962,0.762395952622663,-0.53891836745133,NA,NA,NA,NA,NA,NA,68.5873491075549,0.699049555240264,0.137045210341204,0.251295369564411,0.539631212780886,NA,NA,NA,NA,NA,NA,0.643391059340113,-2.9695594753906,0.15610356293688,3.03386391060122,-0.998679013903064,NA,NA,NA,NA,NA,NA,1,1,1,1,1,1,1,1,1,1,1,1,1,1,1,1,1,1,1,1,1,1,FALSE,FALSE,FALSE,FALSE,FALSE,FALSE,FALSE,FALSE,FALSE,FALSE,FALSE,TRUE,TRUE,TRUE,TRUE,TRUE,TRUE,TRUE,FALSE,TRUE,TRUE,TRUE
"3","bc6f21affc11d8c4a5d6454f728e4add",77.6038241194632,7.35724337225714,-0.499114355121467,NA,NA,NA,NA,NA,NA,NA,NA,71.6507263365137,0.715988283745171,0.142002170450482,NA,NA,NA,NA,NA,NA,NA,NA,1.0830849607161,10.2756477155926,-3.51483610101237,NA,NA,NA,NA,NA,NA,NA,NA,1,1,1,1,1,1,1,1,1,1,1,1,1,1,1,1,1,1,1,1,1,1,FALSE,FALSE,FALSE,FALSE,FALSE,FALSE,FALSE,FALSE,FALSE,FALSE,FALSE,TRUE,TRUE,TRUE,TRUE,TRUE,FALSE,TRUE,TRUE,FALSE,FALSE,TRUE
"4","c2ba82ad21732bcd0ef11c61560cf91c",-17.202214066752,0.296164269708276,0.120522164015277,0.15049561222745,-0.140100783795179,43.3245411924358,0.148140070989231,-0.975410697554826,-0.0321773417865763,-0.061636055720705,0.0116001531961193,43.7420616997127,0.775622328582949,0.100260326905781,0.19632504986237,0.354622953578659,21.8048057899404,0.284609580990751,0.836027116874073,0.543536991610492,0.506293551132559,0.277515206916639,-0.39326482105129,0.381840824837217,1.20209227054024,0.766563473855994,-0.395069699751129,1.98692625881692,0.520502754944308,-1.16672136329969,-0.0591999114747192,-0.121739760624696,0.0418000632289812,0.705826496422979,0.713906603726887,0.268410551636285,0.468399654494236,0.704553599158148,0.087285945509228,0.618766069708491,0.28152752776771,0.954447486357644,0.906526245850664,0.967825373572881,1,1,1,1,1,1,1,1,1,1,1,FALSE,FALSE,FALSE,FALSE,FALSE,FALSE,FALSE,FALSE,FALSE,FALSE,FALSE,FALSE,TRUE,TRUE,TRUE,TRUE,TRUE,TRUE,FALSE,TRUE,TRUE,FALSE
"5","250a576e3788b3f444938c7b08afb2e3",-1.89666827000341,-0.266142780603887,-0.0321569395620415,0.389202129734767,-0.126820072151345,42.7106705987914,0.145672020563905,-1.17305054931931,0.28926718920976,-0.725793281179051,-0.4019014614474,25.5411131436419,0.990236167919716,0.1002502074857,0.174779255505365,0.227813892535173,12.9569359282392,0.175514240187228,0.959826686736739,0.510415726607926,0.59693769596105,0.29836003687192,-0.0742594208536116,-0.268766976228508,-0.320766813042543,2.22682107558709,-0.556682784970038,3.29635577696304,0.829972658677213,-1.22214829565481,0.566728598141255,-1.21586102886424,-1.34703516483318,0.941934475636034,0.792327070331832,0.753485167226464,0.0442594346742194,0.587199986657316,0.00578816053811255,0.421534604875765,0.243349058518781,0.580552179553891,0.245655957915981,0.200981558612585,1,1,1,1,1,0.243102742600727,1,1,1,1,1,FALSE,FALSE,FALSE,FALSE,FALSE,FALSE,FALSE,FALSE,FALSE,FALSE,FALSE,FALSE,TRUE,TRUE,TRUE,TRUE,FALSE,FALSE,FALSE,TRUE,TRUE,FALSE
"6","eedb6e6a512baecd8df273d5495ca5c0",24.0327023745275,-5.39266254750429,0.485015434812145,NA,NA,NA,NA,NA,NA,NA,NA,71.6507263365137,0.715988283745171,0.142002170450482,NA,NA,NA,NA,NA,NA,NA,NA,0.335414637133696,-7.53177484873985,3.41554944740281,NA,NA,NA,NA,NA,NA,NA,NA,1,1,1,1,1,1,1,1,1,1,1,1,1,1,1,1,1,1,1,1,1,1,FALSE,FALSE,FALSE,FALSE,FALSE,FALSE,FALSE,FALSE,FALSE,FALSE,FALSE,TRUE,TRUE,FALSE,TRUE,TRUE,TRUE,FALSE,FALSE,TRUE,TRUE,TRUE
"7","ed32eeb458a2b9bdee12e2db96fcb98b",18.4861856247623,-0.801291146388828,-0.00529382746760902,0.108062426149396,0.130055577190135,17.5809635369003,0.0353806202870846,-1.32333495692754,0.400052415526763,0.0690915527256789,-0.10385878281406,44.550321632446,1.1250903868528,0.106972744464613,0.189733045432115,0.356233090730667,22.1994862264056,0.287637517485428,0.860058924245663,0.730093433997622,0.695225205731054,0.28327543832184,0.414950665839836,-0.712201575759851,-0.0494876287796863,0.569549842534205,0.365085615497929,0.791953622601782,0.123004191512941,-1.53865615438873,0.547946874876381,0.0993801032473019,-0.366635326484121,0.6906003870303,0.499382905517799,0.961913137758253,0.586786839338952,0.725828723068366,0.454383571770009,0.905560942486668,0.167778551595961,0.600756606920266,0.923622668486422,0.724722539828271,1,1,1,1,1,1,1,1,1,1,1,FALSE,FALSE,FALSE,FALSE,FALSE,FALSE,FALSE,FALSE,FALSE,FALSE,FALSE,TRUE,TRUE,TRUE,FALSE,TRUE,TRUE,TRUE,FALSE,TRUE,TRUE,FALSE
"8","645dd8b575c7e7c0952933bbe90b4bb9",42.5566868925798,-2.75163700068134,-0.00600849102273044,0.471007754806109,-0.123963950319979,-14.0586285907933,NA,NA,NA,NA,NA,67.0019180519951,0.690389199025048,0.13449440314809,0.246660614050211,0.527572080264045,33.1400674402876,NA,NA,NA,NA,NA,0.635156248207026,-3.98563158949639,-0.0446746547223572,1.90953775340164,-0.234970641846582,-0.424218466547312,NA,NA,NA,NA,NA,1,1,1,1,1,1,1,1,1,1,1,1,1,1,1,1,1,1,1,1,1,1,FALSE,FALSE,FALSE,FALSE,FALSE,FALSE,FALSE,FALSE,FALSE,FALSE,FALSE,TRUE,TRUE,TRUE,TRUE,TRUE,TRUE,TRUE,FALSE,TRUE,TRUE,TRUE
"9","0f898170dbe4592000abdcde0dd2ba2e",1.90348914342359,0.108753504001529,0.033744915508584,0.203850021129572,-0.0469666108651025,31.1358500762188,0.119608675432589,-0.941570826776056,0.152277202142174,-0.870365485165442,-0.158923238716533,25.0403071144254,0.788615604003314,0.0977957726688087,0.186255271145846,0.220159162273287,12.7138867705184,0.1738140228562,0.907331757415507,0.438048570074437,0.495010892959132,0.296621300869149,0.0760170046926865,0.137904326834842,0.345054950614922,1.09446578276944,-0.213330257892252,2.44896392725615,0.688141689992087,-1.03773599797507,0.34762629659149,-1.75827541887507,-0.535778240641727,0.940562986293388,0.89242916027929,0.73557197347047,0.293615127565017,0.834378528970604,0.0292699106405578,0.503458383756136,0.318310692148705,0.733684700965674,0.102203830883081,0.601158748020782,1,1,1,1,1,1,1,1,1,1,1,FALSE,FALSE,FALSE,FALSE,FALSE,FALSE,FALSE,FALSE,FALSE,FALSE,FALSE,TRUE,TRUE,TRUE,TRUE,TRUE,TRUE,TRUE,FALSE,TRUE,TRUE,TRUE
"10","b5c3abd1c966bb0457d8dfe34c35b160",22.3879955985205,-0.960421302762526,0.145447349344433,-0.201942648401905,0.678172414828626,-50.333333889215,0.112661280716955,-1.84687749633606,1.44455241517667,-1.90417718938737,0.0591273760117711,48.4718714287125,0.753188891423745,0.107327644150489,0.195697913250748,0.387720808146566,24.1084176448291,0.31312334640674,0.73552237793468,0.611479261988754,0.488411477574064,0.27424168217037,0.461876031162661,-1.2751400262251,1.3551713586529,-1.03191007531673,1.74912566098919,-2.0877908550755,0.359798405356243,-2.5109739033665,2.36238987153621,-3.89871507288363,0.215603169962467,0.663569919798774,0.258295020745917,0.233368104076295,0.34942033322506,0.140680772351092,0.0911552387770789,0.733695551925756,0.0537639857726098,0.0645592615423954,0.0114240760245517,0.837816202722635,1,1,1,1,1,1,1,1,1,0.639748257374892,1,FALSE,FALSE,FALSE,FALSE,FALSE,FALSE,FALSE,FALSE,FALSE,FALSE,FALSE,FALSE,TRUE,TRUE,TRUE,TRUE,FALSE,FALSE,TRUE,TRUE,TRUE,FALSE
"11","ca39c1dfb5e738c293917a0ab7391c33",131.34597648087,-0.426680142104765,-0.287645421743333,0.454148559021568,-0.137255333933442,-6.66304360536159,-0.459340453173511,NA,NA,NA,NA,65.3771175380774,0.681592674260431,0.131891402597473,0.241930426737832,0.515219334751346,32.3477752049058,0.42032743506108,NA,NA,NA,NA,2.0090512005882,-0.626004589277223,-2.18092624749177,1.87718661577738,-0.266401752953786,-0.205981510726929,-1.09281577850554,NA,NA,NA,NA,1,1,1,1,1,1,1,1,1,1,1,1,1,1,1,1,1,1,1,1,1,1,FALSE,FALSE,FALSE,FALSE,FALSE,FALSE,FALSE,FALSE,FALSE,FALSE,FALSE,TRUE,TRUE,TRUE,TRUE,TRUE,TRUE,TRUE,FALSE,FALSE,TRUE,TRUE
"12","7d669e880492b330a9c9c649f65c2ba6",-61.4399200784208,1.43806715628691,0.136010882211968,0.346746817276042,0.0961183563325389,48.8814666819035,0.438016232711482,-1.28000710940159,-0.226527420679591,-1.32455253437456,-0.80552284486616,54.6014216990829,0.632537783902546,0.11505518479042,0.211548251691253,0.433611645970487,27.0948135364262,0.351656468153642,0.766641586487049,0.619589916606292,0.399346830594202,0.282446049737157,-1.12524396190682,2.27348815024854,1.18213605462214,1.63909091426625,0.221669222277026,1.80408942900409,1.2455799121548,-1.66962910956463,-0.365608630173261,-3.31679741242397,-2.85195295036265,0.377374312547314,0.150876174840888,0.358655751691398,0.242865183749592,0.84514691062562,0.212985922691232,0.339051590074253,0.236940689838614,0.749704612305289,0.0801264238252648,0.104099633514216,1,1,1,1,1,1,1,1,1,1,1,FALSE,FALSE,FALSE,FALSE,FALSE,FALSE,FALSE,FALSE,FALSE,FALSE,FALSE,TRUE,FALSE,TRUE,TRUE,TRUE,TRUE,FALSE,TRUE,TRUE,FALSE,TRUE
"13","494975433cf1f940b003816db0232f8b",69.6023376906063,-7.46601489591666,-0.657601370703503,0.387920550169044,NA,NA,NA,NA,NA,NA,NA,70.136142086476,0.707580521699969,0.139546878019033,0.255840324747042,NA,NA,NA,NA,NA,NA,NA,0.992389025401319,-10.5514703513594,-4.71240474913249,1.51626038839888,NA,NA,NA,NA,NA,NA,NA,1,1,1,1,1,1,1,1,1,1,1,1,1,1,1,1,1,1,1,1,1,1,FALSE,FALSE,FALSE,FALSE,FALSE,FALSE,FALSE,FALSE,FALSE,FALSE,FALSE,TRUE,TRUE,TRUE,FALSE,TRUE,FALSE,TRUE,TRUE,TRUE,TRUE,FALSE
"14","632a77028290d1ecbd9bfe2958610b8c",-15.3657652275049,-1.06773472034688,0.0864249184600724,0.226251743941688,-0.219577765753471,43.1932163594641,0.158936702328253,-1.65323643000853,-0.110209981478828,-0.602990608359,0.0371705199458464,13.9983222704469,0.829769611092994,0.0901088279500911,0.159357773882321,0.16823362301934,7.35992558613796,0.104286619085996,0.871058394149821,0.446976467553285,0.503657655805773,0.259188313479705,-1.09768620343489,-1.28678455570388,0.959117107903578,1.41977224223003,-1.30519548834913,5.8687028630855,1.52403734746825,-1.89796280147456,-0.246567749040815,-1.19722315626139,0.14341124970805,0.289650292931471,0.217674139405452,0.352705408166709,0.176122741038868,0.211493480184509,3.08740209640018e-05,0.148302917668583,0.077116273490288,0.808585251944455,0.249798069363281,0.887874233197033,1,1,1,1,1,0.0016363231110921,1,1,1,1,1,FALSE,FALSE,FALSE,FALSE,FALSE,TRUE,FALSE,FALSE,FALSE,FALSE,FALSE,TRUE,TRUE,TRUE,TRUE,TRUE,TRUE,FALSE,FALSE,TRUE,TRUE,TRUE
"15","5b239eddc0c4c102c7f721bae475cf22",-9.80350409975875,-1.75217396950064,0.0543203562300351,0.125262162688848,-0.132373703645827,48.827611844794,0.0613033442915823,-1.61823842279329,-0.0528732308216397,-0.697432973383722,0.170528227636128,35.9838776440887,0.862355473448559,0.106013115405876,0.179467311556223,0.304995215612974,18.0292727042832,0.235297365154891,0.748698779377348,0.557903142207493,0.498835129735435,0.267542885357504,-0.272441569436284,-2.03184652205395,0.512392792364106,0.697966451955268,-0.434018951345792,2.70824079515943,0.260535617350529,-2.16140117677111,-0.0947713443814506,-1.39812321107701,0.637386516214998,0.790825299211309,0.0695895314287969,0.619502214009045,0.501104915311496,0.673489234622681,0.0219999453017125,0.799736968400539,0.055976963855869,0.926368581509722,0.192311762943045,0.538191831724365,1,1,1,1,1,0.835997921465074,1,1,1,1,1,FALSE,FALSE,FALSE,FALSE,FALSE,FALSE,FALSE,FALSE,FALSE,FALSE,FALSE,FALSE,TRUE,TRUE,FALSE,TRUE,FALSE,FALSE,TRUE,TRUE,TRUE,TRUE
"16","51c79d7c5c2260b32f6ad5b82272898e",150.933855156393,0.911733670460371,-0.165609198404302,0.308402284640328,0.184717393451125,-62.8776866154047,-0.404247299463541,-1.89294244946875,NA,NA,NA,63.7098587884842,0.672652517743008,0.129232820337896,0.237098551841362,0.502550386328049,31.5348336868532,0.409690634418252,0.83504857584433,NA,NA,NA,2.36908161509966,1.35543039892212,-1.28147941034867,1.30073457743712,0.367559947174227,-1.99391210493742,-0.986713547986178,-2.26686507135799,NA,NA,NA,1,1,1,1,1,1,1,1,1,1,1,1,1,1,1,1,1,1,1,1,1,1,FALSE,FALSE,FALSE,FALSE,FALSE,FALSE,FALSE,FALSE,FALSE,FALSE,FALSE,TRUE,TRUE,TRUE,FALSE,TRUE,FALSE,FALSE,FALSE,FALSE,TRUE,FALSE
"17","20f887a0f58476d52027e0798805c1d2",-117.394558177826,-6.7361775089455,0.768363260818579,1.11341476156447,-2.40761400982895,176.619808334065,0.611343503094967,7.65458662800712,-3.62783570565764,NA,NA,61.9966264906137,0.663560470710076,0.126514879046266,0.232158006084076,0.489539586069878,30.6995373330459,0.398763635668329,0.82141870568695,0.681251859854571,NA,NA,-1.89356364729942,-10.1515653904717,6.07330352454109,4.79593523542432,-4.91811914365855,5.75317492306135,1.53309742517106,9.31873912173161,-5.32524888289052,NA,NA,1,1,1,1,1,1,1,1,1,1,1,1,1,1,1,1,1,1,1,1,1,1,FALSE,FALSE,FALSE,FALSE,FALSE,FALSE,FALSE,FALSE,FALSE,FALSE,FALSE,TRUE,TRUE,TRUE,TRUE,TRUE,FALSE,TRUE,TRUE,TRUE,TRUE,TRUE
"18","3a4c1eb8dbc9f93fbbfbd8702754c0df",21.1885535851749,-0.696073086513058,-0.0538198667203566,0.00110453730949131,0.378070964636139,-10.0471216996006,0.158728616249558,-0.539234023286543,1.33271745248818,-2.17358716047891,-0.276535351708422,56.5375254964683,0.635277628230658,0.11795989385573,0.216600824176033,0.448139605430857,28.0383932916126,0.363969737507621,0.778875347492469,0.634585192318864,0.398990424854771,0.287976664368456,0.374769737428613,-1.09569903862619,-0.456255638769738,0.00509941415824736,0.843645507012594,-0.358334430760914,0.436103884175904,-0.692323906543669,2.10013953779514,-5.44771760192009,-0.960270000747716,0.771728024290595,0.470949260910668,0.72749877447182,0.996753640258646,0.553861086826416,0.780951664019316,0.738197745789995,0.614491316273376,0.282909637073321,0.115573272988252,0.512900998680044,1,1,1,1,1,1,1,1,1,1,1,FALSE,FALSE,FALSE,FALSE,FALSE,FALSE,FALSE,FALSE,FALSE,FALSE,FALSE,TRUE,TRUE,TRUE,TRUE,TRUE,TRUE,FALSE,TRUE,TRUE,TRUE,TRUE
"19","969732ae717bf5a9282f4781499aadb4",-9.44403875334008,0.938246075391955,-0.132675750181823,0.698989292790834,-0.319340230746754,70.8589703324731,0.188717920178508,0.412639096603846,-0.04544084273788,0.0837633711323699,-0.876542600802086,28.8657958310011,0.801886606146357,0.104007494173938,0.162811396110259,0.244633884607275,14.5704996634259,0.191746593423658,0.802274105878993,0.488744452086351,0.470441991424442,0.242405652069969,-0.327170565766887,1.17004831880271,-1.27563644558094,4.29324549442143,-1.30538020625969,4.86318053390712,0.984204813284697,0.514336800328048,-0.0929746466561456,0.178052496714302,-3.61601552322336,0.749175539881295,0.264695332081068,0.226224753488727,0.00104427706238058,0.21623760415914,0.000389447918240459,0.344443284379873,0.616356742820042,0.927457934584513,0.861652151056233,0.00354034189169478,1,1,1,0.0584795154933125,1,0.018693500075542,1,1,1,1,0.198259145934908,FALSE,FALSE,FALSE,TRUE,FALSE,TRUE,FALSE,FALSE,FALSE,FALSE,FALSE,FALSE,TRUE,FALSE,TRUE,TRUE,TRUE,TRUE,TRUE,TRUE,TRUE,FALSE
"20","81b95cf5e2e0e3f7579b7dfa4b2ebed0",-3.01316666387925,1.09364793923277,-0.0368410672546753,0.361017787673369,-0.0838211534746475,49.3346383645356,0.142186928082378,-0.598961945793692,0.226435122017005,-0.303318142150013,-0.520566581253912,19.9165140419454,0.852930641153992,0.0905587526251424,0.147644980060093,0.178134795196291,10.2305400193537,0.140315458253997,0.713380670456139,0.477180273678595,0.535281451454258,0.236156086322868,-0.151289862148232,1.2822237664637,-0.406819508735668,2.44517482088745,-0.470549020938232,4.8222907364818,1.01333758840023,-0.839610562213177,0.474527415543419,-0.566651695712517,-2.20433269097373,0.881905443719255,0.220590095195101,0.69029184474532,0.0283053208098683,0.64520980486449,0.000270980300969886,0.32809265976127,0.415234813006791,0.642440579942389,0.579922546643953,0.0447354115278122,1,1,1,1,1,0.0132780347475244,1,1,1,1,1,FALSE,FALSE,FALSE,FALSE,FALSE,TRUE,FALSE,FALSE,FALSE,FALSE,FALSE,TRUE,FALSE,TRUE,FALSE,TRUE,TRUE,TRUE,TRUE,TRUE,TRUE,FALSE
"21","26de4690cd2c89c490c37a8d1418d67a",-8.31125899857849,0.117332105852005,-0.0385785561888087,0.339594787374907,-0.175721149416735,52.771595487209,0.152861040633039,0.246344547237059,-0.00590080638341943,-0.537485820049941,-0.342067552106058,38.6966522228565,0.827032904277483,0.105144424741807,0.203041231890536,0.318833263228157,19.3493362548929,0.256930376140785,0.875775915744366,0.551348579207897,0.515583669730371,0.320672044087106,-0.214779794146362,0.141871145930414,-0.366910145578736,1.67254101156158,-0.551138070217564,2.72730778937518,0.594951219583622,0.281287190945047,-0.0107024967614806,-1.04248030262678,-1.06672083960378,0.834726784004141,0.890306822688026,0.722164454234009,0.128747960018079,0.594954441449656,0.0233271011927783,0.566531755175334,0.784850194410578,0.991694291467213,0.324381505832576,0.313875576537613,1,1,1,1,1,0.839775642940018,1,1,1,1,1,FALSE,FALSE,FALSE,FALSE,FALSE,FALSE,FALSE,FALSE,FALSE,FALSE,FALSE,TRUE,TRUE,TRUE,TRUE,TRUE,TRUE,TRUE,TRUE,TRUE,TRUE,TRUE
"22","c5bd025300b4ef0c652dd11cef56ac29",-49.4149376958716,0.662618144872283,0.0233243615968014,0.423496411420449,-0.438065152961621,80.1685476120947,0.344129475881998,-0.714175474745853,-0.521205612988371,-0.597476336125148,-0.367942037710178,54.5958556658398,0.627259455097958,0.114988339750845,0.211184554912124,0.43348680720782,27.0920915886063,0.351608488106829,0.765061003663253,0.618468795157838,0.394193263963627,0.2819437373121,-0.905104189561958,1.05637011843656,0.202841102387776,2.00533799262295,-1.01056167264534,2.95911252735502,0.97872914768042,-0.933488272603425,-0.842735505928564,-1.51569392667318,-1.30501936740266,0.460943130658279,0.401556561198035,0.858022643649904,0.182778945048736,0.418605958110982,0.0977454527654985,0.430924367410575,0.449113675420234,0.48809382260193,0.268840285078669,0.321834533795939,1,1,1,1,1,1,1,1,1,1,1,FALSE,FALSE,FALSE,FALSE,FALSE,FALSE,FALSE,FALSE,FALSE,FALSE,FALSE,TRUE,TRUE,TRUE,TRUE,TRUE,TRUE,TRUE,FALSE,TRUE,FALSE,TRUE
"23","95251fbafeb9956f566a3da93d145d63",4.10656799120933,-0.175160362264861,0.0558782301010993,0.0537704060411353,0.0501673882918315,17.6310408410572,0.111955089150864,-0.892255083255939,0.272324493728283,-1.15604447841598,0.0578722785414479,20.5494977140528,0.976426536877137,0.0964677487234552,0.168087307556825,0.188464889629974,10.5377835704417,0.144227981997497,0.865694785816304,0.483062364540865,0.600605308249795,0.268988644061526,0.19983787673803,-0.179389186640777,0.579242605332129,0.31989569481894,0.266189571916172,1.67312611074231,0.776236952083316,-1.03068090264006,0.563746037195671,-1.92479896953422,0.215147664479883,0.844480971061552,0.86020250896212,0.571628736716819,0.753771491031344,0.793973440903073,0.116490573150916,0.450524719493029,0.320168542761651,0.581845410888795,0.0748188426105654,0.832754834957098,1,1,1,1,1,1,1,1,1,1,1,FALSE,FALSE,FALSE,FALSE,FALSE,FALSE,FALSE,FALSE,FALSE,FALSE,FALSE,TRUE,TRUE,TRUE,TRUE,TRUE,TRUE,TRUE,TRUE,TRUE,TRUE,TRUE
"24","cb3f42ad378ddeda014d895db355586b",-14.0088892411611,-0.747261606514551,0.0806389695670038,0.159539069510271,-0.259104374059384,53.733860300017,0.116038428669314,-1.85098452907895,-0.0201287378467024,-0.594383325646807,0.126880247391315,20.3102770631859,0.78566572631029,0.0982972804923222,0.173651812126488,0.184675421687502,10.4219519085649,0.140546368454048,0.783557470082329,0.426023720012057,0.47310784016714,0.264637814251166,-0.689743876835306,-0.951119008364923,0.820358092951537,0.918729655375334,-1.40302576104484,5.15583460482655,0.825623813305809,-2.36228304847183,-0.0472479275241592,-1.25633793224991,0.479448667418685,0.501629143306681,0.357676365429523,0.42575983198394,0.373794963391152,0.182396701695668,0.000145923952861425,0.422864089810373,0.0331770541567476,0.962983016000106,0.229553576931755,0.639022687453879,1,1,1,1,1,0.00729619764307127,1,1,1,1,1,FALSE,FALSE,FALSE,FALSE,FALSE,TRUE,FALSE,FALSE,FALSE,FALSE,FALSE,TRUE,TRUE,TRUE,TRUE,FALSE,TRUE,TRUE,FALSE,TRUE,TRUE,FALSE
"25","1e2270e7a0c8c2e951edc6813b58451a",-19.9194722177804,-1.89080476808045,-0.0279801399819852,0.196588471338326,-0.129969684861059,46.967511268524,0.229621189341299,-1.68527970627746,0.138745725427206,-0.440359037139229,-0.136577227243443,29.3770196708967,0.831934165867945,0.100528006289251,0.171794119197816,0.247989899435666,14.8187366764765,0.191599544004253,0.846845455167088,0.450272023750394,0.491549176062336,0.257786624990013,-0.67806307246049,-2.27278172439017,-0.278331790461233,1.14432596561678,-0.524092655212258,3.169467971118,1.19844329763228,-1.99006760441897,0.308137565979713,-0.895859577401438,-0.529807266954732,0.510595323138693,0.0422253450066057,0.785495575159884,0.274801318304218,0.609758156221643,0.00807759761756219,0.253877615913562,0.0698610533047259,0.763260836629641,0.387945629718178,0.605909475305458,1,1,1,1,1,0.33118150232005,1,1,1,1,1,FALSE,FALSE,FALSE,FALSE,FALSE,FALSE,FALSE,FALSE,FALSE,FALSE,FALSE,TRUE,TRUE,TRUE,TRUE,TRUE,TRUE,TRUE,TRUE,TRUE,TRUE,TRUE
"26","820d3c5095323f85949bc959fd15d1b7",-1.15118963946586,-0.750991029626756,0.0236320940134925,0.180823355290102,0.0218086918973053,32.3116476811084,0.135993589897198,-1.31996624698823,0.231710451999422,-1.18834291842553,-0.225331837516741,32.6664867382673,0.906691210777031,0.0890210669075958,0.163578726028561,0.269417308409602,16.4169210704479,0.21544426273436,0.752272713367056,0.526261752329715,0.579133857107321,0.252154879780511,-0.0352406932734918,-0.828276507702285,0.265466308531471,1.10542097789984,0.0809476274039121,1.9681916933421,0.631224002770854,-1.75463794383856,0.440295064145665,-2.05193135203856,-0.893624734579325,0.972519186313454,0.425120375379529,0.795559524669075,0.292568456776025,0.936937634842259,0.0747621991948394,0.540788469748923,0.107096774876347,0.668250111830324,0.0647598339402399,0.390655157188499,1,1,1,1,1,1,1,1,1,1,1,FALSE,FALSE,FALSE,FALSE,FALSE,FALSE,FALSE,FALSE,FALSE,FALSE,FALSE,TRUE,TRUE,TRUE,TRUE,TRUE,TRUE,TRUE,TRUE,TRUE,TRUE,TRUE
"27","92fb114641e27921122496428e2ef0dd",66.5819076563856,7.90157259405314,-0.307083124520089,NA,NA,NA,NA,NA,NA,NA,NA,71.6507263365137,0.715988283745171,0.142002170450482,NA,NA,NA,NA,NA,NA,NA,NA,0.929256562504029,11.0358964992022,-2.16252416104563,NA,NA,NA,NA,NA,NA,NA,NA,1,1,1,1,1,1,1,1,1,1,1,1,1,1,1,1,1,1,1,1,1,1,FALSE,FALSE,FALSE,FALSE,FALSE,FALSE,FALSE,FALSE,FALSE,FALSE,FALSE,TRUE,TRUE,TRUE,FALSE,TRUE,FALSE,FALSE,TRUE,TRUE,TRUE,TRUE
"28","5431c93e93b57f0b74748eb702ea1e72",-16.4748491298063,-1.58185849718376,0.100874723819892,0.227156258542686,-0.290734050618331,49.361966510202,0.176707324670875,-1.65130707490605,-0.183652312583417,-0.379259991727547,0.0135855837963342,24.7012805859535,0.835222778885802,0.0899852956838926,0.154656648422239,0.215604005403763,12.5495757469016,0.166485391804378,0.747190826499518,0.458029154999951,0.529111754157378,0.24370152144184,-0.666963361372239,-1.89393600985594,1.12101341728378,1.4687778434362,-1.34846312374332,3.93335739037946,1.06139837709309,-2.21002054139528,-0.400962057935891,-0.716786177490097,0.0557468156782781,0.516459501673506,0.0806993654249434,0.282563695135079,0.165671939641013,0.200534143056851,0.00171457981945031,0.307830145133788,0.0456491778020408,0.694960443054595,0.486185204932337,0.956391182216184,1,1,1,1,1,0.0773258290411327,1,1,1,1,1,FALSE,FALSE,FALSE,FALSE,FALSE,TRUE,FALSE,FALSE,FALSE,FALSE,FALSE,TRUE,TRUE,TRUE,TRUE,TRUE,TRUE,TRUE,FALSE,TRUE,TRUE,TRUE
"29","7c821085a5548386a8d91fe359fa3ff3",-10.1633205768637,0.0665784838693142,-0.0154341437084356,0.360162173582611,-0.194109518611846,51.6873783704808,0.153985020074481,-0.962768251447183,-0.0410433353818631,-0.345200652130254,-0.30161820454577,12.1723510341589,0.749220842500473,0.08915844120508,0.168086227643664,0.142555177154431,6.46820776865829,0.106916684520634,0.823204549157049,0.384888790045869,0.481333425709958,0.284138003319774,-0.834951321099988,0.0888636301776031,-0.173109169472068,2.14272268841764,-1.36164482052844,7.99098919192609,1.44023377422223,-1.16953708824015,-0.106636868735439,-0.717175732437633,-1.06152011002317,0.416845844072343,0.930365902461606,0.864879931765896,0.0489449574921193,0.193412479003845,8.73125628793904e-07,0.170346754080114,0.260436380376649,0.916490192468638,0.484284757334109,0.305246659314973,1,1,1,1,1,4.80219095836647e-05,1,1,1,1,1,FALSE,FALSE,FALSE,FALSE,FALSE,TRUE,FALSE,FALSE,FALSE,FALSE,FALSE,TRUE,TRUE,TRUE,FALSE,TRUE,TRUE,FALSE,TRUE,TRUE,TRUE,TRUE
"30","3a8a7409bdc33da14a01ec3e3313b9a7",37.0660677809426,7.26195690869382,0.252194056657264,NA,NA,NA,NA,NA,NA,NA,NA,71.6507263365137,0.715988283745171,0.142002170450482,NA,NA,NA,NA,NA,NA,NA,NA,0.517316008868614,10.142563884856,1.77598733777951,NA,NA,NA,NA,NA,NA,NA,NA,1,1,1,1,1,1,1,1,1,1,1,1,1,1,1,1,1,1,1,1,1,1,FALSE,FALSE,FALSE,FALSE,FALSE,FALSE,FALSE,FALSE,FALSE,FALSE,FALSE,FALSE,TRUE,TRUE,TRUE,TRUE,FALSE,FALSE,TRUE,TRUE,TRUE,TRUE
"31","564e9f4d70915c0026898422d57b1431",199.178643722041,-3.64493745336628,-0.509959894102746,1.23334744999347,-1.28114186687507,12.3430947738125,-0.576366653460782,6.67096479347412,-2.86913610843654,NA,NA,61.9966264906137,0.663560470710076,0.126514879046266,0.232158006084076,0.489539586069878,30.6995373330459,0.398763635668329,0.82141870568695,0.681251859854571,NA,NA,3.21273357917623,-5.49299968014344,-4.03082940083478,5.3125346430948,-2.61703425694403,0.402061263657091,-1.44538418728877,8.12127207146471,-4.21156444115841,NA,NA,1,1,1,1,1,1,1,1,1,1,1,1,1,1,1,1,1,1,1,1,1,1,FALSE,FALSE,FALSE,FALSE,FALSE,FALSE,FALSE,FALSE,FALSE,FALSE,FALSE,TRUE,TRUE,TRUE,FALSE,TRUE,FALSE,TRUE,FALSE,TRUE,TRUE,TRUE
"32","386a607b118090dd71bfc8b4b4081447",-8.4953320844706,-0.0427250838168528,0.0433705672673617,0.176060459440347,-0.128899191826127,46.7051420649104,0.109290789827741,-0.997107694712608,0.0316810790695935,-0.606898679828004,-0.0406257051597761,13.3731075304447,0.850367314758018,0.0939764503315184,0.156394224210902,0.136418085605539,7.05768467672615,0.103432841449929,0.750467189653416,0.436782371519086,0.487584891086052,0.243880924805266,-0.635254899815205,-0.0502430926910811,0.461504633494503,1.12574783582113,-0.944883453348311,6.61762946408305,1.0566352842646,-1.32864928468505,0.0725328702241572,-1.24470362171435,-0.16658008490092,0.534833587006146,0.960591612805866,0.651058322313218,0.277962264471092,0.359690938743545,8.18409252450282e-06,0.307399497851849,0.203823373375542,0.943136181560035,0.232337700544904,0.869925189724877,1,1,1,1,1,0.000441940996323152,1,1,1,1,1,FALSE,FALSE,FALSE,FALSE,FALSE,TRUE,FALSE,FALSE,FALSE,FALSE,FALSE,TRUE,TRUE,TRUE,TRUE,TRUE,TRUE,TRUE,TRUE,TRUE,TRUE,TRUE
"33","afce1dc2c06acb90ad5d3da0fffbcd02",85.4090982159234,7.80675561598301,0.176250766958083,-2.64602990805329,3.97003927567422,-205.969472266948,-0.0415494475232106,-6.26417183656737,4.95109375279004,-11.647674411048,NA,60.2333914390001,0.654307341413122,0.123733345803169,0.227100952079593,0.476157611766916,29.8399318121645,0.387521285000798,0.807524826319979,0.666096701136159,0.411549254430809,NA,1.41796927211743,11.9313281723579,1.42444032216228,-11.6513378029606,8.33765790478971,-6.90247798029427,-0.107218491296872,-7.75724984842164,7.43299545598256,-28.3020180103526,NA,1,1,1,1,1,1,1,1,1,1,1,1,1,1,1,1,1,1,1,1,1,1,FALSE,FALSE,FALSE,FALSE,FALSE,FALSE,FALSE,FALSE,FALSE,FALSE,FALSE,FALSE,TRUE,TRUE,FALSE,FALSE,FALSE,FALSE,TRUE,TRUE,FALSE,TRUE
"34","1c6bf8efe709f63c28e0225da6870395",-4.61692251905096,0.061230287179026,0.0756432795625043,0.150309832900121,-0.0993871264714524,36.0594756311387,0.118395182260124,-1.27243821545302,-0.0208057814245957,-0.556180720935352,-0.00616828249411982,13.2033223668187,0.907233517433669,0.0914571428058043,0.156633281401222,0.138148012326618,6.97487180856858,0.104949113259255,0.793643478849595,0.433511227963001,0.530446125825879,0.251630928269385,-0.349678845277138,0.0674912092668608,0.827089905083976,0.95962895979365,-0.719424947182558,5.1699123110535,1.1281198914721,-1.60328692840449,-0.0479936391090924,-1.0485150024791,-0.0245132128095014,0.731440777127793,0.947082073080361,0.421149350037296,0.352455977140171,0.48293815322812,0.000114143969126862,0.276990712578618,0.129715577551772,0.962354503228449,0.311002745377212,0.980766381498048,1,1,1,1,1,0.00582134242546996,1,1,1,1,1,FALSE,FALSE,FALSE,FALSE,FALSE,TRUE,FALSE,FALSE,FALSE,FALSE,FALSE,TRUE,TRUE,TRUE,TRUE,TRUE,FALSE,TRUE,TRUE,TRUE,TRUE,TRUE
"35","f2d099ef5556f02539ded15181a3d994",-11.7600244363651,0.484499207915388,-0.0093740714993321,0.381018151849164,-0.330244287596317,67.4545028559643,0.10088627875756,-0.871634076331343,-0.291537486989847,-0.0738042620436595,-0.187045893481821,12.3966853321534,0.787042470350267,0.0832832687319476,0.134207559401968,0.15407080332275,6.5785853570318,0.0962400579584015,0.712372132159931,0.431904961418522,0.486880296350412,0.237489368749993,-0.948642650940163,0.615594743825915,-0.112556479135121,2.83902153907716,-2.14345794578948,10.2536486486206,1.04827741065126,-1.22356565758479,-0.675003792575893,-0.151586052253267,-0.787596912090518,0.357836763378012,0.547389557110626,0.911874694194529,0.0124396445893052,0.0488768651623063,3.5903942927818e-08,0.311108633798269,0.239989714472873,0.509944931483669,0.881533380709171,0.44320068975836,1,1,1,0.684180452411785,1,2.01062080395781e-06,1,1,1,1,1,FALSE,FALSE,FALSE,FALSE,FALSE,TRUE,FALSE,FALSE,FALSE,FALSE,FALSE,TRUE,TRUE,TRUE,FALSE,FALSE,TRUE,TRUE,TRUE,TRUE,TRUE,TRUE
"36","304a3df568087b761af6bca76a3816aa",0.528598954675531,-4.5144547480573,-0.265333261783217,0.444788588598816,-0.335792436925069,71.5129158973707,NA,NA,NA,NA,NA,67.0019180519951,0.690389199025048,0.13449440314809,0.246660614050211,0.527572080264045,33.1400674402876,NA,NA,NA,NA,NA,0.00788931078458568,-6.53899967501304,-1.9728200993692,1.80324122807978,-0.636486367430604,2.15789892480527,NA,NA,NA,NA,NA,1,1,1,1,1,1,1,1,1,1,1,1,1,1,1,1,1,1,1,1,1,1,FALSE,FALSE,FALSE,FALSE,FALSE,FALSE,FALSE,FALSE,FALSE,FALSE,FALSE,TRUE,TRUE,TRUE,TRUE,TRUE,TRUE,FALSE,TRUE,TRUE,TRUE,TRUE
"37","2ddd18d49a8163e0fc79e28ea6273254",-11.0227851504455,-1.30606935737169,0.0410534053482032,0.328554721533542,-0.180886356537648,39.3791789076546,0.205813801981138,-1.88212259435069,0.331653941641931,-0.0559319076035889,-0.262427743901007,46.1017589909407,0.686425485630361,0.103136906559886,0.192036745340993,0.370959038495649,22.9538595002856,0.297588015178409,0.811449649028001,0.564023782120234,0.389164535283557,0.262223450820423,-0.239096845580482,-1.90271105125459,0.398047670010016,1.71089507349304,-0.487618140458842,1.71557985301621,0.691606487773876,-2.319457031752,0.588014108900165,-0.143723033659363,-1.00077908013164,0.818988187228327,0.105771493669821,0.704371772420075,0.137948608269461,0.643124340088922,0.137058827992089,0.515040204476575,0.0594931894579359,0.577967917675342,0.890424801187947,0.355570127728508,1,1,1,1,1,1,1,1,1,1,1,FALSE,FALSE,FALSE,FALSE,FALSE,FALSE,FALSE,FALSE,FALSE,FALSE,FALSE,TRUE,TRUE,TRUE,TRUE,TRUE,TRUE,TRUE,TRUE,TRUE,FALSE,TRUE
"38","42604f7f8bfc866837a5370b4b667382",3.80083393381084,0.00260375085145168,0.0550784955712881,0.20294710329139,-0.185649004265991,40.0360002042551,0.0684203094283164,-1.37348013984821,-0.22777700240176,-1.28915293638321,0.0375215213954273,50.5787730183085,0.680510595736564,0.111837881776592,0.202754410951988,0.4042570400273,25.1347195708619,0.326431376699974,0.761874555970597,0.598693165801799,0.418410922901845,0.278399576075001,0.0751468196437865,0.00382617238844527,0.492485146323795,1.00095037310655,-0.459235055630581,1.59285645067104,0.20960089719317,-1.80276415465596,-0.38045699435488,-3.0810690300397,0.134775784950617,0.943706092976366,0.99713037946076,0.648184138358102,0.373493141177517,0.669913741082558,0.186411422668907,0.84422172418835,0.145768831888539,0.722947231263268,0.0368932093757314,0.899298867497437,1,1,1,1,1,1,1,1,1,1,1,FALSE,FALSE,FALSE,FALSE,FALSE,FALSE,FALSE,FALSE,FALSE,FALSE,FALSE,TRUE,TRUE,TRUE,FALSE,TRUE,FALSE,FALSE,FALSE,TRUE,TRUE,TRUE
"39","de4edf45ab75f6490e1ada65b0e0306f",51.1359157065882,NA,-0.0502536888102497,0.0716267367087788,NA,NA,NA,NA,NA,NA,NA,71.6507263365137,NA,0.142002170450482,0.260300571625339,NA,NA,NA,NA,NA,NA,NA,0.713683144905246,NA,-0.35389380775538,0.275169340818329,NA,NA,NA,NA,NA,NA,NA,1,1,1,1,1,1,1,1,1,1,1,1,1,1,1,1,1,1,1,1,1,1,FALSE,FALSE,FALSE,FALSE,FALSE,FALSE,FALSE,FALSE,FALSE,FALSE,FALSE,TRUE,TRUE,TRUE,TRUE,TRUE,TRUE,TRUE,FALSE,TRUE,TRUE,TRUE
"40","e1a9800482df461df81429b3b8f859a1",-15.4649894885988,-1.35892406979606,-0.000127414799283124,0.242358099526528,-0.259208330156324,63.8839400906707,0.0905143778961558,-1.70004346522435,-0.35720019546785,0.0302792634474485,0.0435354703292403,43.8340273543966,0.662591657236563,0.101077425094704,0.191302143730275,0.35752453218432,21.8495129359901,0.283362687637857,0.782707086424001,0.558253056740239,0.413986669623576,0.263133712740797,-0.352807862338654,-2.05092239685548,-0.00126056633480467,1.26688648020714,-0.725008515003636,2.92381529409025,0.319429416239286,-2.1720046933412,-0.639853541606416,0.0731406725607383,0.165449990712993,0.734617197394191,0.0794221908005326,0.999029385769564,0.245717173037099,0.491965028387976,0.0222189957746737,0.75872263240648,0.0664201484088691,0.542634385005264,0.94374025203311,0.873266696857266,1,1,1,1,1,0.835997921465074,1,1,1,1,1,FALSE,FALSE,FALSE,FALSE,FALSE,FALSE,FALSE,FALSE,FALSE,FALSE,FALSE,TRUE,TRUE,TRUE,FALSE,TRUE,TRUE,FALSE,FALSE,TRUE,TRUE,TRUE
"41","c38ee4acf990375c9b9df651cf77bf7c",-8.34492863917093,-2.06399593316727,0.131220664769945,0.173918472450551,-0.0889087976398952,16.3644691590179,0.201325932550552,-2.09561044725778,-0.136137047918844,-0.99102144186348,0.0521792311838203,44.097820195421,0.877593739403588,0.115505460285079,0.192781962318083,0.35518525339601,21.9783883056447,0.285399420481711,0.842536914329782,0.600354254557212,0.517642178596356,0.27176248404193,-0.189236760506304,-2.35188087664568,1.13605594442098,0.902151167875302,-0.250316691894771,0.744570936296319,0.705418154706636,-2.48726247077825,-0.22676119455379,-1.91449128923525,0.192003069767973,0.855277248528917,0.0509462766801699,0.293326649021254,0.396955663269755,0.809530266918277,0.480775088690826,0.503341292192415,0.041763612432853,0.827089235355848,0.097113763321318,0.853190896658238,1,1,1,1,1,1,1,1,1,1,1,FALSE,FALSE,FALSE,FALSE,FALSE,FALSE,FALSE,FALSE,FALSE,FALSE,FALSE,TRUE,FALSE,TRUE,TRUE,TRUE,FALSE,TRUE,FALSE,TRUE,TRUE,TRUE
"42","321b7763c5946d79f50284281735d5b0",33.9696917450286,-0.105366904184541,0.0419000287840366,0.455402465295988,-0.0742081542089576,-37.3956131578822,0.270609960489602,0.158221384303643,-0.587297762792748,-3.25326557677845,-0.312176826463932,58.4154987224118,0.644882832954053,0.120883449744657,0.221918541262676,0.462370685077536,28.95375999614,0.375934567265288,0.793349767319456,0.650551913203606,0.40532975499637,0.294126645261874,0.581518475198701,-0.163389221731769,0.346615098034861,2.05211544157072,-0.160494937512125,-1.29156327754556,0.719832609323841,0.199434588401325,-0.90276848145851,-8.02621948346127,-1.06136873857854,1,1,1,1,1,1,1,1,1,1,1,1,1,1,1,1,1,1,1,1,1,1,FALSE,FALSE,FALSE,FALSE,FALSE,FALSE,FALSE,FALSE,FALSE,FALSE,FALSE,TRUE,TRUE,TRUE,TRUE,TRUE,TRUE,TRUE,FALSE,TRUE,TRUE,TRUE
"43","01491b7ad3b35c7e644dd24ae831bee2",10.7451060158108,-0.798089613209078,-0.0158258002485959,-0.242697203643233,0.436434795231234,-4.29615146846808,0.00791667168466482,-0.452627957535657,0.776255941742979,-1.21113794107964,0.410372390101154,41.1312164171486,0.648760887639099,0.101572866971287,0.179668447699484,0.336148162868103,20.5338920043256,0.2666832197049,0.750236594631893,0.52486420297848,0.404294756694916,0.259574371065118,0.261239684886415,-1.23017529018033,-0.155807359981968,-1.35080592475075,1.29834056359987,-0.209222463406502,0.0296856761119993,-0.603313622361678,1.47896529680994,-2.9956805549016,1.58094340522627,0.800507187348261,0.25357610987039,0.880044648885293,0.213719304084462,0.230345933735115,0.839503962043198,0.977044949076872,0.563010067529095,0.177410845336388,0.0171844545650607,0.152546747667311,1,1,1,1,1,1,1,1,1,0.945145001078338,1,FALSE,FALSE,FALSE,FALSE,FALSE,FALSE,FALSE,FALSE,FALSE,FALSE,FALSE,TRUE,TRUE,TRUE,TRUE,TRUE,TRUE,TRUE,FALSE,TRUE,TRUE,TRUE
"44","a67690654fca1914946ee270222b7247",-23.5286077237825,-1.01517546996522,0.0218329709189173,0.218030904738268,-0.207576359760544,52.5839433294658,0.195433370854454,-2.3923618185185,0.20196416707253,-0.533632484411753,-0.0241163547525816,24.8696670848675,0.714004905298564,0.0852997611464361,0.166673523461239,0.214065307788317,12.6306314942746,0.16626254874315,0.739429761433279,0.409207196266021,0.396102616961342,0.245200482081458,-0.946076505306296,-1.42180461567099,0.255955827138087,1.30813161089123,-0.969687063752572,4.16320778207343,1.1754503484508,-3.23541456308338,0.493549890899854,-1.34720767185397,-0.0983536188341176,0.361363654176884,0.17862877488274,0.801990410894517,0.213486971424096,0.349898763941542,0.00111341201024244,0.260894182005273,0.00650841024887838,0.629857152438859,0.200927464596682,0.923151850881234,1,1,1,1,1,0.0523303644813947,1,0.364470973937189,1,1,1,FALSE,FALSE,FALSE,FALSE,FALSE,TRUE,FALSE,FALSE,FALSE,FALSE,FALSE,TRUE,TRUE,FALSE,TRUE,TRUE,FALSE,TRUE,FALSE,TRUE,TRUE,TRUE
"45","95c08da59378a0eb674c2b7dab943428",-19.7067497798148,-0.364788301642542,-0.0330870933948482,0.250746606558788,-0.147271840026313,55.6481676866606,0.184731223834737,-2.00914298140567,0.16865504326168,-0.49072358913631,-0.195149638279312,28.7832958397107,0.748785397194157,0.0867093018714609,0.174714536931557,0.243902599510262,14.5302309696024,0.193613097480135,0.79151935803565,0.436003052934929,0.481032015720264,0.269681890646379,-0.684659251308755,-0.487173365038199,-0.38158643514276,1.43517884065375,-0.603814146802959,3.82981989777575,0.954125656988115,-2.53833713731507,0.38682078514448,-1.02014746025072,-0.72362900531279,0.506567762054009,0.634913279105689,0.709438963157737,0.176783909864976,0.557209629846562,0.00239635166625653,0.358845584711084,0.0260176977505257,0.705661049335716,0.327785518220132,0.483161819862132,1,1,1,1,1,0.105439473315287,1,1,1,1,1,FALSE,FALSE,FALSE,FALSE,FALSE,FALSE,FALSE,FALSE,FALSE,FALSE,FALSE,TRUE,TRUE,TRUE,TRUE,TRUE,TRUE,TRUE,FALSE,TRUE,TRUE,TRUE
"46","6a49b0df18b1abfe220ecc00d5cbf296",-21.331079026466,-1.56304037604345,0.0283421121231136,0.262957238997624,-0.312658430152458,56.8724884288197,0.172629941081878,-2.35478001735528,-0.0794206656759503,-0.140890874598222,0.0430049773941539,35.5671512536604,0.722023959429363,0.0926717659511895,0.179192651274693,0.290957449735784,17.8268837025936,0.232533343556031,0.806215677981739,0.480548541255649,0.445982987938799,0.263371946483364,-0.599741004679723,-2.16480402849618,0.305833301353527,1.4674554850719,-1.07458472170546,3.19026529693159,0.742387902061372,-2.92078172338471,-0.165270849576253,-0.315910871958094,0.163286097735053,0.562021121488467,0.0556562546535138,0.766003461568891,0.172986217941767,0.307804729926548,0.00964980130751205,0.474929190803654,0.0152800085540406,0.8720241063918,0.758565027072509,0.873545946891606,1,1,1,1,1,0.385992052300482,1,0.794560444810113,1,1,1,FALSE,FALSE,FALSE,FALSE,FALSE,FALSE,FALSE,FALSE,FALSE,FALSE,FALSE,TRUE,TRUE,FALSE,TRUE,FALSE,FALSE,TRUE,FALSE,TRUE,TRUE,TRUE
"47","5c4a1032c65d0d99d6d6bee379b63a2c",-18.6151044996427,-0.816143807432426,0.100164559737163,-0.0629182466162227,0.129237139935874,25.2953111101171,0.189623840229552,-1.93018989623892,0.512740479655661,-1.39232999183738,0.088148600876793,43.8242291408983,0.778159971709677,0.106177243990175,0.185612682722271,0.354087322728142,21.844992825239,0.284033764644921,0.770443673678815,0.568609795375809,0.491004418191781,0.26260159641979,-0.424767414386085,-1.04881237419511,0.943371253320822,-0.338976010116541,0.36498663363641,1.15794549865412,0.667610206366156,-2.5052965741446,0.901744014657323,-2.83567711460705,0.335674276465099,0.683757465665149,0.329120526392403,0.37690277967201,0.744569370175714,0.725899400172035,0.284863374544709,0.525772932128105,0.0406757942934703,0.397157614519223,0.0252002482238106,0.746952849316057,1,1,1,1,1,1,1,1,1,1,1,FALSE,FALSE,FALSE,FALSE,FALSE,FALSE,FALSE,FALSE,FALSE,FALSE,FALSE,FALSE,TRUE,TRUE,TRUE,TRUE,FALSE,FALSE,FALSE,TRUE,TRUE,TRUE
"48","c4228a5878f56464e576996e95eefc5e",38.3369318101562,-0.307889914983523,0.0804888142425821,0.21465018550633,0.125552951251871,-9.92579081610636,-0.00123548338795928,-3.28450823345908,0.028883029208183,-1.35946549242121,-0.0696694761828941,50.4990127154749,0.63848776925381,0.109289309308497,0.201266157604752,0.402932367426495,25.0958170576836,0.32560411162631,0.736278585620608,0.595975022982458,0.39248438441166,0.270735789665551,0.759162006317963,-0.482217404639323,0.736474727051134,1.0664991475013,0.311598077994503,-0.395515746440596,-0.00379443423422499,-4.46095852521716,0.0484634893986709,-3.46374415496574,-0.257333824497157,0.490032740823595,0.654850788178388,0.502300434133516,0.346291503789001,0.770911217244684,0.712649613953038,0.997154182860431,0.0111520563707211,0.963670157410148,0.0257298003365037,0.809616782969013,1,1,1,1,1,1,1,0.602211044018939,1,1,1,FALSE,FALSE,FALSE,FALSE,FALSE,FALSE,FALSE,FALSE,FALSE,FALSE,FALSE,TRUE,TRUE,TRUE,FALSE,TRUE,TRUE,TRUE,TRUE,TRUE,TRUE,TRUE
"49","f55e6f0203460ecfb665c9dbc579b714",-38.2534512842379,-0.0704855411997889,0.0694010715486154,0.154543741482307,-0.20467598844715,67.7650121953351,0.231811222298991,-0.973728979174606,-0.144130406723413,-0.0603508367103031,-0.100196792372147,41.6012143551163,0.783030340452336,0.114077525118643,0.188207136337718,0.340843810370118,20.7626023564514,0.269131780790779,0.979113900617207,0.55465054399242,0.471678776048168,0.265671681411212,-0.919527275278524,-0.0900163602333355,0.608367612081666,0.821136458954428,-0.600497888534032,3.26380147497642,0.861329797684498,-0.994500209384009,-0.259858046268106,-0.12794901906746,-0.377145173470938,0.384707089449808,0.930487118267876,0.559815823168818,0.435353435768782,0.564794236124549,0.0114619375563426,0.414125911508908,0.349103982530898,0.80153587522119,0.901347206069328,0.71587368028427,1,1,1,1,1,0.447015564697362,1,1,1,1,1,FALSE,FALSE,FALSE,FALSE,FALSE,FALSE,FALSE,FALSE,FALSE,FALSE,FALSE,TRUE,FALSE,TRUE,FALSE,TRUE,TRUE,TRUE,FALSE,TRUE,TRUE,TRUE
"50","b73c9d186b67a61bce0ba79c990aef39",-12.7564279071288,-0.236634019358092,0.0295842162520912,0.0707869296458494,0.0111731462118586,53.3618766423499,0.111986351913615,-1.63447873759591,0.512757967752879,-0.853223125271711,-0.152323088302435,50.651627489986,0.745057347828532,0.109614019146627,0.20155693034612,0.404367769341137,25.1703040926875,0.3270782469251,0.759551462347729,0.62024613962384,0.479414443581816,0.280750375578465,-0.251846357940835,-0.317605107912513,0.269894457683532,0.351200673300053,0.0276311493125768,2.12003305346846,0.342383979877635,-2.15189992860238,0.826700780538273,-1.77971927357274,-0.542557024148533,0.813570269591787,0.766673007722758,0.800593406488583,0.743155762118012,0.979279933580293,0.101338294765616,0.749296248491519,0.0977729854762229,0.454868357912482,0.149733259550866,0.616249792352783,1,1,1,1,1,1,1,1,1,1,1,FALSE,FALSE,FALSE,FALSE,FALSE,FALSE,FALSE,FALSE,FALSE,FALSE,FALSE,TRUE,TRUE,TRUE,FALSE,TRUE,TRUE,TRUE,FALSE,TRUE,TRUE,FALSE
"51","6960eba3db7d4d863d042ab497d7481a",-20.633707998856,-0.683784703704746,0.113860205151448,0.337304428871469,-0.178934726172705,44.454054245236,0.187061121710936,-0.26439774207367,-0.655892861129208,-0.343120452991002,-0.212709224441942,48.4811171604523,0.786369515179999,0.107111330915579,0.200803844315657,0.388917071662037,24.1127609699448,0.313083157590488,0.758278552936044,0.586764223302446,0.468176273196712,0.272544878626065,-0.42560298127139,-0.869546301713169,1.06300803265332,1.67977077341825,-0.460084524981192,1.84359038355855,0.597480628311574,-0.348681551192403,-1.11781331424348,-0.73288731752289,-0.780455774895633,0.688094665465016,0.424316187033156,0.336399814522261,0.153836896161673,0.66477039508561,0.124571118757234,0.576214243625466,0.741530723735952,0.314458427793393,0.49652533216496,0.470438416645899,1,1,1,1,1,1,1,1,1,1,1,FALSE,FALSE,FALSE,FALSE,FALSE,FALSE,FALSE,FALSE,FALSE,FALSE,FALSE,TRUE,TRUE,TRUE,TRUE,TRUE,TRUE,TRUE,FALSE,TRUE,FALSE,TRUE
"52","d2a7d567b64364c09cf4bea1e3f5aef5",139.787996253906,-0.0298856142016587,-1.44181331116309,0.0673680793481028,-0.0201775127827246,NA,NA,NA,NA,NA,NA,68.5873491075549,0.699049555240264,0.137045210341204,0.251295369564411,0.539631212780886,NA,NA,NA,NA,NA,NA,2.03810175014488,-0.0427517820126314,-10.5207128915587,0.268083249862013,-0.0373913004007749,NA,NA,NA,NA,NA,NA,1,1,1,1,1,1,1,1,1,1,1,1,1,1,1,1,1,1,1,1,1,1,FALSE,FALSE,FALSE,FALSE,FALSE,FALSE,FALSE,FALSE,FALSE,FALSE,FALSE,TRUE,TRUE,TRUE,TRUE,TRUE,TRUE,TRUE,TRUE,TRUE,FALSE,TRUE
"53","6545176af2fa076f03140433793c0d00",-10.7760056644055,-0.585331623960561,0.0850925569384923,0.160638399687062,-0.0752421477807662,40.5612958549098,0.164742887626325,-2.16463045696614,-0.0329811180878463,-0.795106709028381,-0.144884996088264,20.4048580194065,0.862211856936895,0.0949959793472266,0.173408486521123,0.198041665944314,10.4661437725357,0.144943672519066,0.748866013065296,0.441706114256245,0.524311374792776,0.270417414740545,-0.528109808662071,-0.678872157986807,0.895749036150934,0.926358351368773,-0.379930896975603,3.87547665467266,1.13659937521353,-2.89054439539293,-0.0746675606774895,-1.51647808392986,-0.535782786871455,0.60569355586867,0.508286818827146,0.385529709735442,0.369954222641136,0.709698181469613,0.00168099628350288,0.274787265414527,0.0118615936780618,0.941535643974268,0.15164989858502,0.600517766033477,1,1,1,1,1,0.0773258290411327,1,0.628664464937274,1,1,1,FALSE,FALSE,FALSE,FALSE,FALSE,TRUE,FALSE,FALSE,FALSE,FALSE,FALSE,TRUE,TRUE,TRUE,TRUE,TRUE,FALSE,TRUE,FALSE,TRUE,TRUE,TRUE
"54","719ab97ff4cf3c7b809b054134f4dc70",-20.089887372347,-1.69163041300777,0.111188253485046,0.199363343467977,-0.276173462021488,55.1402705597834,0.131492484855823,-1.60620999256063,-0.461220790593549,-0.435554305015406,0.120809745046196,29.5687387362186,0.850923327236924,0.107791306769145,0.187079765203672,0.262709269020011,14.9113049400901,0.199241323639605,0.821015285519948,0.500932759681262,0.519475963580454,0.28140375982177,-0.679429973377222,-1.98799393418999,1.03151410644994,1.06565957708431,-1.05125130548953,3.69788363803995,0.659965927016584,-1.95637038784658,-0.920723952825563,-0.838449390446048,0.429311055128446,0.50975915691866,0.0701153093976994,0.322642221967829,0.307549895499796,0.313852980943211,0.00304753522839747,0.52174175486783,0.0741001772901708,0.375333561584225,0.418166936857296,0.675303859017454,1,1,1,1,1,0.131044014821091,1,1,1,1,1,FALSE,FALSE,FALSE,FALSE,FALSE,FALSE,FALSE,FALSE,FALSE,FALSE,FALSE,TRUE,TRUE,TRUE,TRUE,TRUE,FALSE,TRUE,TRUE,TRUE,TRUE,TRUE
"55","3fae853851bfe19cdb50e15749f373b6",-17.3917284686834,-0.558393102655739,0.0721274320894322,0.0892138469307236,-0.0703268213977114,40.2491093635508,0.1791994885419,-1.15585464252157,-0.0554349938024574,-0.641426061186519,0.00751415870115672,13.4154539291821,0.831112450730888,0.0871410925444439,0.157203500772465,0.150577620170094,7.07657833662245,0.102751431270849,0.814459222262061,0.421062959955651,0.512307683899509,0.243414276290067,-1.29639507991987,-0.671862275874561,0.827708604326318,0.567505472157715,-0.467046970979284,5.68765121347631,1.74400965831353,-1.41916821730047,-0.131654880800477,-1.2520328727147,0.0308698356385737,0.214430182480146,0.511887422193047,0.420809621875851,0.578766322041159,0.647178355129732,4.30533813491631e-05,0.101608452839934,0.176295666029027,0.897006934900466,0.229729472074099,0.975780347811027,1,1,1,1,1,0.00223877583015648,1,1,1,1,1,FALSE,FALSE,FALSE,FALSE,FALSE,TRUE,FALSE,FALSE,FALSE,FALSE,FALSE,TRUE,TRUE,TRUE,TRUE,TRUE,TRUE,FALSE,TRUE,TRUE,TRUE,TRUE
"56","a99fb503372ef5103fa41e0c743bbad2",2.22722910500882,-0.475192395449935,0.160712221817133,0.0923402519027952,0.142889683581645,2.55725981097781,0.129328110522843,-1.93155259590945,0.254683985534369,-0.798258928669238,-0.0160622311096848,29.1048054699823,0.959214788137249,0.0830316771521559,0.172278793768513,0.247798017105825,14.686362939881,0.196582238526483,0.716082184554031,0.491171791744765,0.593122319238449,0.267336709004019,0.0765244456729287,-0.495397278405952,1.93555312055936,0.535993141598559,0.576637719908076,0.174124786473412,0.657882988271193,-2.69738954211296,0.518523233245272,-1.3458588604357,-0.0600824000920999,0.940262931484215,0.629266962725939,0.0768361730467414,0.601757290991535,0.574841692892188,0.864670413368165,0.523033703964832,0.0194028384515808,0.613520820520033,0.203224726065741,0.95307903329365,1,1,1,1,1,1,1,0.989544761030623,1,1,1,FALSE,FALSE,FALSE,FALSE,FALSE,FALSE,FALSE,FALSE,FALSE,FALSE,FALSE,TRUE,TRUE,FALSE,TRUE,FALSE,TRUE,FALSE,FALSE,FALSE,TRUE,TRUE
