"","taxon","lfc_(Intercept)","lfc_Crohn_case_control","lfc_A_SMK_CIG_CUR_FREQ","lfc_F1_SDC_AGE_CALC","lfc_SDC_GENDER","lfc_A_HS_DENTAL_VISIT_LAST","lfc_PM_BIOIMPED_BMI","lfc_PM_BIOIMPED_WEIGHT","lfc_PM_WAIST_AVG","lfc_PM_WAIST_HIP_RATIO","lfc_PM_STANDING_HEIGHT_AVG","lfc_A_SLE_LIGHT_EXP","lfc_NUT_VEG_DAY_QTY","lfc_NUT_JUICE_DAY_QTY","lfc_REFINED_GRAIN_SERVINGS_DAY_QTY","lfc_PM_BIOIMPED_FFM","lfc_SALT_SEASONING","lfc_NUTS_SEEDS_SERVINGS_PER_DAY","se_(Intercept)","se_Crohn_case_control","se_A_SMK_CIG_CUR_FREQ","se_F1_SDC_AGE_CALC","se_SDC_GENDER","se_A_HS_DENTAL_VISIT_LAST","se_PM_BIOIMPED_BMI","se_PM_BIOIMPED_WEIGHT","se_PM_WAIST_AVG","se_PM_WAIST_HIP_RATIO","se_PM_STANDING_HEIGHT_AVG","se_A_SLE_LIGHT_EXP","se_NUT_VEG_DAY_QTY","se_NUT_JUICE_DAY_QTY","se_REFINED_GRAIN_SERVINGS_DAY_QTY","se_PM_BIOIMPED_FFM","se_SALT_SEASONING","se_NUTS_SEEDS_SERVINGS_PER_DAY","W_(Intercept)","W_Crohn_case_control","W_A_SMK_CIG_CUR_FREQ","W_F1_SDC_AGE_CALC","W_SDC_GENDER","W_A_HS_DENTAL_VISIT_LAST","W_PM_BIOIMPED_BMI","W_PM_BIOIMPED_WEIGHT","W_PM_WAIST_AVG","W_PM_WAIST_HIP_RATIO","W_PM_STANDING_HEIGHT_AVG","W_A_SLE_LIGHT_EXP","W_NUT_VEG_DAY_QTY","W_NUT_JUICE_DAY_QTY","W_REFINED_GRAIN_SERVINGS_DAY_QTY","W_PM_BIOIMPED_FFM","W_SALT_SEASONING","W_NUTS_SEEDS_SERVINGS_PER_DAY","p_(Intercept)","p_Crohn_case_control","p_A_SMK_CIG_CUR_FREQ","p_F1_SDC_AGE_CALC","p_SDC_GENDER","p_A_HS_DENTAL_VISIT_LAST","p_PM_BIOIMPED_BMI","p_PM_BIOIMPED_WEIGHT","p_PM_WAIST_AVG","p_PM_WAIST_HIP_RATIO","p_PM_STANDING_HEIGHT_AVG","p_A_SLE_LIGHT_EXP","p_NUT_VEG_DAY_QTY","p_NUT_JUICE_DAY_QTY","p_REFINED_GRAIN_SERVINGS_DAY_QTY","p_PM_BIOIMPED_FFM","p_SALT_SEASONING","p_NUTS_SEEDS_SERVINGS_PER_DAY","q_(Intercept)","q_Crohn_case_control","q_A_SMK_CIG_CUR_FREQ","q_F1_SDC_AGE_CALC","q_SDC_GENDER","q_A_HS_DENTAL_VISIT_LAST","q_PM_BIOIMPED_BMI","q_PM_BIOIMPED_WEIGHT","q_PM_WAIST_AVG","q_PM_WAIST_HIP_RATIO","q_PM_STANDING_HEIGHT_AVG","q_A_SLE_LIGHT_EXP","q_NUT_VEG_DAY_QTY","q_NUT_JUICE_DAY_QTY","q_REFINED_GRAIN_SERVINGS_DAY_QTY","q_PM_BIOIMPED_FFM","q_SALT_SEASONING","q_NUTS_SEEDS_SERVINGS_PER_DAY","diff_(Intercept)","diff_Crohn_case_control","diff_A_SMK_CIG_CUR_FREQ","diff_F1_SDC_AGE_CALC","diff_SDC_GENDER","diff_A_HS_DENTAL_VISIT_LAST","diff_PM_BIOIMPED_BMI","diff_PM_BIOIMPED_WEIGHT","diff_PM_WAIST_AVG","diff_PM_WAIST_HIP_RATIO","diff_PM_STANDING_HEIGHT_AVG","diff_A_SLE_LIGHT_EXP","diff_NUT_VEG_DAY_QTY","diff_NUT_JUICE_DAY_QTY","diff_REFINED_GRAIN_SERVINGS_DAY_QTY","diff_PM_BIOIMPED_FFM","diff_SALT_SEASONING","diff_NUTS_SEEDS_SERVINGS_PER_DAY","passed_ss_(Intercept)","passed_ss_Crohn_case_control","passed_ss_A_SMK_CIG_CUR_FREQ","passed_ss_F1_SDC_AGE_CALC","passed_ss_SDC_GENDER","passed_ss_A_HS_DENTAL_VISIT_LAST","passed_ss_PM_BIOIMPED_BMI","passed_ss_PM_BIOIMPED_WEIGHT","passed_ss_PM_WAIST_AVG","passed_ss_PM_WAIST_HIP_RATIO","passed_ss_PM_STANDING_HEIGHT_AVG","passed_ss_A_SLE_LIGHT_EXP","passed_ss_NUT_VEG_DAY_QTY","passed_ss_NUT_JUICE_DAY_QTY","passed_ss_REFINED_GRAIN_SERVINGS_DAY_QTY","passed_ss_PM_BIOIMPED_FFM","passed_ss_SALT_SEASONING","passed_ss_NUTS_SEEDS_SERVINGS_PER_DAY"
"1","7e464b9b7f9ca86103a675a09263efec",-10.8107904381883,0.182623981445675,-0.41237589675194,-0.00604614765862893,-0.476784922156488,0.0726760341051395,0.0142290523020704,-0.0670552791006425,-0.0190991698695544,2.24783846909383,-0.00134872129252568,-0.0788322260727852,-0.0272784656086686,-0.00518612594169475,0.0733461492082692,0.0170828583452878,0.114311578523666,-0.0530180941469611,3.02117553896953,0.298156901308185,0.67597000830527,0.0155652625874104,0.788913654243604,0.121165375449252,0.1283857896434,0.109845329309727,0.120880930589296,13.2912542721483,0.0652918153844295,0.226855316564897,0.0893948381657993,0.0836681234597254,0.217063335128662,0.054342335160975,0.12380548319396,0.328283189726596,-3.5783390599924,0.612509657312641,-0.61005058166088,-0.38843852615241,-0.604356281060468,0.599808599079354,0.110830430233692,-0.610451800927911,-0.157999858012721,0.169121621110218,-0.0206568202244735,-0.347500015721402,-0.305145869363012,-0.0619844897584102,0.33790206514976,0.314356353930767,0.923315959637909,-0.161501093586656,0.000590907162465534,0.54193779323981,0.543557333666308,0.698723355459692,0.547316980806551,0.550328962070266,0.9120283944213,0.543292924319047,0.874855048058106,0.866127875066744,0.983570848840355,0.729128299607259,0.76104756594413,0.95072978480325,0.736322084808382,0.754068748101698,0.358619050814056,0.872105926012981,0.0194999363613626,1,1,1,1,1,1,1,1,1,1,1,1,1,1,1,1,1,TRUE,FALSE,FALSE,FALSE,FALSE,FALSE,FALSE,FALSE,FALSE,FALSE,FALSE,FALSE,FALSE,FALSE,FALSE,FALSE,FALSE,FALSE,FALSE,TRUE,TRUE,TRUE,TRUE,TRUE,TRUE,TRUE,FALSE,FALSE,TRUE,TRUE,TRUE,TRUE,TRUE,TRUE,TRUE,FALSE
"2","41f01f3e3cbf6beb908ae1ebb553208e",100.893115861833,-0.0439814443891172,NA,-0.134827261786522,-4.7045805707194,0.890105055704772,-1.26742037838063,0.73564542407588,-0.0996773178896347,-21.128513351916,-0.503324660327635,1.1449126939821,-0.695165031470495,1.88994030804357,-0.641053864283392,-0.203861406191029,-0.0284723359393846,-2.91972601175579,6.0721887971061,0.461096771292586,NA,0.0100444765601812,1.29443978152832,0.120823796124897,0.200343007281339,0.275413498479488,0.351785456749089,39.4085478980879,0.154906954238809,0.235157473221912,0.106955034167292,0.0373320220455128,0.419018801987263,0.0496203266832891,0.241145809717688,0.578572851377039,16.615609170439,-0.0953844119658975,NA,-13.4230251799293,-3.6344530180962,7.36696813254122,-6.32625213916655,2.67105798422102,-0.283346897881369,-0.536140367479543,-3.24920635616974,4.86870639616746,-6.49960085453445,50.6251792560144,-1.52989283832394,-4.10842531312242,-0.118071037488553,-5.0464276102943,0.0382684008813683,0.939459556762115,1,0.0473399928082292,0.170932796091301,0.0858904757444314,0.0998056257675197,0.228056336390945,0.824223184649735,0.686693826970496,0.190074028869846,0.128963931686696,0.0971854562820938,0.0125735257036296,0.368558430146379,0.15199898628873,0.925180042425247,0.124539180014484,0.956710022034206,1,1,1,1,1,1,1,1,1,1,1,1,0.590955708070593,1,1,1,1,FALSE,FALSE,FALSE,FALSE,FALSE,FALSE,FALSE,FALSE,FALSE,FALSE,FALSE,FALSE,FALSE,FALSE,FALSE,FALSE,FALSE,FALSE,TRUE,TRUE,TRUE,TRUE,TRUE,TRUE,TRUE,TRUE,TRUE,TRUE,TRUE,TRUE,TRUE,TRUE,TRUE,TRUE,TRUE,TRUE
"3","bc6f21affc11d8c4a5d6454f728e4add",-2145.43309619938,28.8917037037136,NA,-0.377151328701715,0.907405616899963,63.9079993750369,32.5154217183248,-12.9763014794786,0.159445454341305,73.6406657174697,12.8198272160944,-21.3861151891028,-1.63805459304399,7.63430806359593,22.2178844816389,-0.223070166799528,-1.45100646544641,-22.3965732336278,6.09804167575476,0.463000214595791,NA,0.0100319822885448,1.30025071402748,0.121009122333352,0.201130404263871,0.276823576547205,0.353695635684989,39.6240465976703,0.155666640839894,0.235656358851883,0.107234468013797,0.0371871635912279,0.420974133122232,0.0497520031509146,0.242272765642319,0.58117853446029,-351.823291849483,62.4010589907321,NA,-37.5948957896759,0.697869731668367,528.125468086491,161.66338370039,-46.8757092200414,0.450798478280665,1.85848422966976,82.3543640880631,-90.7512756850524,-15.2754484950981,205.294174826412,52.7773151211356,-4.48364191734915,-5.98914393699791,-38.5364770129136,1,1,1,1,1,1,1,1,1,1,1,1,1,1,1,1,1,1,1,1,1,1,1,1,1,1,1,1,1,1,1,1,1,1,1,1,FALSE,FALSE,FALSE,FALSE,FALSE,FALSE,FALSE,FALSE,FALSE,FALSE,FALSE,FALSE,FALSE,FALSE,FALSE,FALSE,FALSE,FALSE,TRUE,FALSE,TRUE,TRUE,TRUE,TRUE,TRUE,TRUE,TRUE,TRUE,FALSE,TRUE,TRUE,TRUE,TRUE,TRUE,TRUE,TRUE
"4","c2ba82ad21732bcd0ef11c61560cf91c",10.7276884565308,0.297036469224258,1.22649845225854,-0.0153432776608921,0.130831275572772,-0.185366462849747,-0.546945512760016,0.0914445030349774,0.0440702255981478,-1.41180759046908,-0.124801099426412,0.313082494577512,-0.127932758383005,0.0672873851742281,0.262960099822457,0.00495733794146517,-0.116790031354606,0.345510134557932,3.90265231438764,0.361652421363785,0.853230144517851,0.0157066431388876,0.907238859097225,0.193196957299904,0.149126823834766,0.157719429816116,0.190335204754944,21.050260885066,0.0912006332923312,0.253330427767584,0.110637768204706,0.103838216698828,0.272953380723926,0.0502960853884689,0.158512104958743,0.413634292657876,2.74881992868845,0.82133134379175,1.43747669973805,-0.976865490940209,0.144208191989218,-0.959468852099975,-3.66765346900995,0.579792249703109,0.231540064566027,-0.0670684129844054,-1.36842360541926,1.23586612684658,-1.15632085190203,0.648002125935848,0.963388323401728,0.0985630969721893,-0.736789353626989,0.83530340856847,0.00773475081700566,0.41445991332533,0.155379396618783,0.332257489035921,0.885782258233885,0.340878080551031,0.00049510619783599,0.564059065495331,0.817622619375728,0.946733114582131,0.175890976451566,0.220956109403949,0.25178226669819,0.519266073949873,0.338923174688152,0.92178849984248,0.463901569146538,0.406606775156607,0.224307773693164,1,1,1,1,1,0.0237650974961275,1,1,1,1,1,1,1,1,1,1,1,FALSE,FALSE,FALSE,FALSE,FALSE,FALSE,TRUE,FALSE,FALSE,FALSE,FALSE,FALSE,FALSE,FALSE,FALSE,FALSE,FALSE,FALSE,TRUE,TRUE,TRUE,TRUE,TRUE,TRUE,FALSE,TRUE,TRUE,TRUE,TRUE,TRUE,TRUE,TRUE,TRUE,TRUE,TRUE,TRUE
"5","250a576e3788b3f444938c7b08afb2e3",22.9371151319666,0.0269927209121653,0.113805613701644,-0.0342189993673213,-1.95541155160482,-0.372172618550318,-0.65374562123398,0.251486009520273,-0.0398114805219998,5.39916071359638,-0.165276729630313,-0.184106631196979,0.209797853638993,-0.0407689710653963,-0.0727692644377321,-0.148128498937736,-0.157591374995248,-0.106343850286266,2.9245914217912,0.374579205543164,0.732482800907501,0.0202479715837746,0.845395118855468,0.159148802200174,0.135101164132776,0.107659207415798,0.116048328526097,12.4222047356099,0.0616567418072572,0.286676229185067,0.11360982313922,0.157876876736331,0.265502555396347,0.0608364414053252,0.13320584014698,0.395169060001453,7.84284428965413,0.0720614505896665,0.155369673609599,-1.68999641399844,-2.31301495359015,-2.33851975889965,-4.83893403458377,2.33594520670202,-0.34305949105546,0.43463787858197,-2.68059460791779,-0.642211011775682,1.84665240946552,-0.258232693147865,-0.274081220533267,-2.43486462251833,-1.18306655940431,-0.269109758455975,1.42957178508776e-11,0.942728479749814,0.876911717298913,0.0948271909870508,0.02322753408669,0.021795543147205,6.04195015847198e-06,0.0219364566802683,0.732431644572757,0.664966957708616,0.00888181110625427,0.522527620153242,0.0684051057199555,0.796874361725567,0.784711459870913,0.0170671344270487,0.240201502849062,0.788521188280092,7.29081610394756e-10,1,1,1,1,1,0.000332307258715959,1,1,1,0.488499610843985,1,1,1,1,0.921625259060628,1,1,TRUE,FALSE,FALSE,FALSE,FALSE,FALSE,TRUE,FALSE,FALSE,FALSE,FALSE,FALSE,FALSE,FALSE,FALSE,FALSE,FALSE,FALSE,FALSE,TRUE,FALSE,TRUE,FALSE,FALSE,TRUE,FALSE,TRUE,TRUE,TRUE,TRUE,TRUE,TRUE,TRUE,FALSE,TRUE,TRUE
"6","eedb6e6a512baecd8df273d5495ca5c0",1048.84482185046,20.2913306551769,NA,0.00497971498098169,-27.9017005768341,2.6842833026859,-16.2515814456539,5.12378474717447,1.59829706798462,-165.344845523579,-5.88571172209979,-12.4224645333904,6.47833227114728,NA,NA,NA,NA,NA,6.2254049059814,0.472800834354642,NA,0.0101262963807042,1.32940453859198,0.122370748152375,0.205095915952797,0.283770760744471,0.363114844904019,40.6849809298523,0.159407924941014,0.238854263173032,0.108955310251834,NA,NA,NA,NA,NA,168.478169322405,42.9172902853988,NA,0.491760737960487,-20.9881189411206,21.9356614486287,-79.2389325265461,18.0560700959192,4.401629650826,-4.06402661976568,-36.9223281984111,-52.0085526980581,59.458618916082,NA,NA,NA,NA,NA,1,1,1,1,1,1,1,1,1,1,1,1,1,1,1,1,1,1,1,1,1,1,1,1,1,1,1,1,1,1,1,1,1,1,1,1,FALSE,FALSE,FALSE,FALSE,FALSE,FALSE,FALSE,FALSE,FALSE,FALSE,FALSE,FALSE,FALSE,FALSE,FALSE,FALSE,FALSE,FALSE,TRUE,TRUE,TRUE,TRUE,FALSE,TRUE,TRUE,TRUE,TRUE,TRUE,TRUE,TRUE,TRUE,TRUE,FALSE,FALSE,TRUE,TRUE
"7","ed32eeb458a2b9bdee12e2db96fcb98b",-3.34957989304783,0.152211852978035,-1.10069662151435,-0.0231120832636221,-0.592073672036414,-0.361134481399095,-0.194693192989408,-0.00589976432205988,-0.00781968785140887,5.16072604641654,-0.0342566331846601,-0.490433767364825,0.0764035526347859,0.146182120307041,0.141819972576344,-0.0370465969046089,-0.139916612763885,0.197195047146225,3.85970446713694,0.411175920425166,0.891374242295993,0.0191952928736625,1.04598145594148,0.143167111007116,0.164835247887713,0.155907925529917,0.18753293100794,20.6803501072154,0.0897224750180488,0.28597229233708,0.128789445030276,0.121972522032507,0.304465227184481,0.0538375899779265,0.186810970094398,0.460701229513105,-0.867833255516708,0.370186689971154,-1.2348310836077,-1.20404952483604,-0.566046050504304,-2.52246817623598,-1.18113810901679,-0.0378413368147074,-0.0416976784257576,0.249547324859648,-0.381806600606692,-1.71496952854,0.593243899892766,1.19848403452773,0.465800229102724,-0.688117668710618,-0.748974285038952,0.428032387399166,0.388583399875545,0.71241107481961,0.221206453514429,0.232806989138099,0.573253550584649,0.0140350779725129,0.24172365944745,0.969926712597985,0.966863717647934,0.803700937167467,0.703813101939284,0.0909729014069898,0.555015325780594,0.234950720216492,0.642869220487703,0.493754293487829,0.456494198136907,0.670000327754576,1,1,1,1,1,0.729824054570672,1,1,1,1,1,1,1,1,1,1,1,1,FALSE,FALSE,FALSE,FALSE,FALSE,FALSE,FALSE,FALSE,FALSE,FALSE,FALSE,FALSE,FALSE,FALSE,FALSE,FALSE,FALSE,FALSE,TRUE,TRUE,FALSE,FALSE,TRUE,TRUE,TRUE,TRUE,TRUE,TRUE,TRUE,TRUE,TRUE,TRUE,TRUE,TRUE,TRUE,TRUE
"8","645dd8b575c7e7c0952933bbe90b4bb9",139.646899513761,0.89175646689396,NA,-0.246208575017931,-3.32061950539102,-2.71434381862108,-2.90381202939222,1.47554099795954,-0.495385389719256,70.9326141534023,-0.922893890737506,2.5564181863809,-1.67436675044364,-0.0809271989726522,0.693040022895519,-0.543060607520478,-0.193692371402994,0.306231530274828,6.04638269182634,0.459836180604075,NA,0.0104034119596175,1.29172322331959,0.120897469743431,0.199853353082584,0.274024835126108,0.349868456887281,39.1933887946203,0.154167680283307,0.235891305957726,0.106936906796238,0.0416789743872329,0.41844502245871,0.0495702295362275,0.240158845514405,0.576269191663995,23.0959412646076,1.93929165321981,NA,-23.6661372224447,-2.5706896380305,-22.4516180891252,-14.5297138356858,5.3846980595043,-1.41591898317046,1.80981069345906,-5.98629939194482,10.8372717510794,-15.6575199396224,-1.94167923185369,1.65622718803856,-10.9553781090239,-0.806517748651384,0.531403612590455,0.00186943130844708,0.192021573839276,1,0.00178067242156042,0.12383220275813,0.00197794723396409,0.00470341653379091,0.0328012574181166,0.292467248992636,0.212038777223062,0.0267888292431885,0.0084072931097711,0.00405421433170884,0.191676641294776,0.239517375743136,0.00822921702528443,0.504604096893963,0.64825365476535,0.0598218018703065,1,1,0.0997176556073835,1,0.104831203400097,0.192840077885427,1,1,1,1,0.453993827927639,0.231090216907404,1,1,0.460836153415928,1,1,TRUE,FALSE,FALSE,TRUE,FALSE,FALSE,FALSE,FALSE,FALSE,FALSE,FALSE,FALSE,FALSE,FALSE,FALSE,FALSE,FALSE,FALSE,FALSE,FALSE,TRUE,FALSE,TRUE,FALSE,TRUE,TRUE,TRUE,FALSE,TRUE,TRUE,TRUE,TRUE,FALSE,TRUE,TRUE,TRUE
"9","0f898170dbe4592000abdcde0dd2ba2e",2.28575244525736,0.235539619769582,-0.433879355805567,-0.0140083085334065,-0.595802970627993,-0.113363906351286,-0.378672578903516,0.0784718395873792,0.0129216139341029,0.877108504387459,-0.0668774542608418,-0.0567334970736199,0.0876020932595637,0.0299050909983747,-0.118038942397724,-0.0470209925011875,-0.107708050410757,0.064743792696496,2.5918105439017,0.291588710915364,0.732828808341972,0.0142133549900041,0.667350933192947,0.134373930600281,0.118980163270696,0.0858285734027416,0.0882715842054705,9.39511457242672,0.0519427123219493,0.231066488293941,0.10381659706838,0.0992678086913137,0.25022072783862,0.042969692428905,0.109826616044347,0.308730736281073,0.881913398583676,0.807780311625128,-0.59206099823944,-0.985573676535779,-0.892788098425769,-0.843645086847297,-3.18265304479356,0.914285726492952,0.146384751677564,0.0933579359384976,-1.28752333621557,-0.245528884315968,0.843815880440233,0.301256685249984,-0.471739265636912,-1.0942827337893,-0.980709907034429,0.209709578891919,0.380310800739375,0.421471914377307,0.555381348769819,0.327139529815719,0.374491315570767,0.401235743210519,0.00203890853168615,0.363153020164729,0.883964284225921,0.925838909951875,0.201406573120466,0.806638804998688,0.401140817471791,0.763954506683615,0.638321618270627,0.276922278430413,0.329518983535778,0.834396173809367,1,1,1,1,1,1,0.0917508839258766,1,1,1,1,1,1,1,1,1,1,1,FALSE,FALSE,FALSE,FALSE,FALSE,FALSE,TRUE,FALSE,FALSE,FALSE,FALSE,FALSE,FALSE,FALSE,FALSE,FALSE,FALSE,FALSE,TRUE,FALSE,FALSE,TRUE,TRUE,TRUE,FALSE,TRUE,TRUE,TRUE,TRUE,FALSE,FALSE,FALSE,TRUE,TRUE,FALSE,TRUE
"10","b5c3abd1c966bb0457d8dfe34c35b160",12.8527473629485,0.0176269117725086,0.108698020523825,0.00493484145176461,-0.423353975777768,-0.304000022104465,-0.664491601484081,0.196100749430726,0.00817783673705666,0.703540336644079,-0.131917990431698,0.11157253470991,0.15112531447838,0.102275325987639,0.271292376649629,-0.0883553258906456,-0.0999142515626183,0.50768153887394,4.4667874781507,0.3967272311851,0.926806987607453,0.0144973966437949,0.97933600491325,0.144258845033605,0.16444454967754,0.188896849328401,0.23333700744172,25.8948878851216,0.107688354980208,0.245073614539837,0.117281748549649,0.127380188809762,0.305243124133633,0.0462411111895087,0.182208132586548,0.457069767811267,2.87740292678302,0.0444308088452957,0.117282262625607,0.340395008360124,-0.432286746993714,-2.10732327736056,-4.04082472047317,1.03813668744575,0.0350473198688777,0.027169082166535,-1.22499773031117,0.455261309624882,1.28856634853465,0.802913914191029,0.888774734630414,-1.91075265316487,-0.548352316355361,1.11073095318694,0.00580370048190371,0.964731187374444,0.90708821068349,0.734930413815141,0.667320456729312,0.0399303649217611,0.000176376732936454,0.304009787493599,0.97217620030044,0.978428877316921,0.22609620649411,0.650816511643597,0.203252640014551,0.425679243375849,0.378217197786563,0.0615568287615914,0.585796629457397,0.271793866074594,0.174111014457111,1,1,1,1,1,0.0091715901126956,1,1,1,1,1,1,1,1,1,1,1,FALSE,FALSE,FALSE,FALSE,FALSE,FALSE,TRUE,FALSE,FALSE,FALSE,FALSE,FALSE,FALSE,FALSE,FALSE,FALSE,FALSE,FALSE,TRUE,TRUE,TRUE,TRUE,TRUE,TRUE,TRUE,FALSE,TRUE,TRUE,FALSE,TRUE,TRUE,TRUE,TRUE,FALSE,FALSE,TRUE
"11","ca39c1dfb5e738c293917a0ab7391c33",1.36296707491533,0.0718256664196872,NA,0.0213081374066581,-0.859583958488984,1.44587518190064,-0.298834796693567,0.0769782738136264,-0.0711780754663294,12.8538967119271,-0.115141682933773,-1.03081073410963,0.0710750308018361,-0.0508066202628303,0.268762208937299,-0.0253417738172776,0.0894231101359396,0.0575646092561782,5.75151089285606,0.445498480403793,NA,0.0124661884572314,1.22799060177037,0.12297677709202,0.193620918545099,0.258065915018872,0.328191053650259,36.7311769076587,0.145527588751799,0.242084505236253,0.115446342071146,0.0587269042934903,0.410462468526485,0.0492802678217333,0.230285821462857,0.556608539663555,0.236975483539164,0.161225390386485,NA,1.70927444902356,-0.699992294118322,11.7573026069689,-1.54340139969929,0.298289194092126,-0.216879999240264,0.349945136368525,-0.791201750275341,-4.25806159342439,0.615654247044352,-0.865133636347013,0.654779010373655,-0.514237745398402,0.388313572967248,0.103420276826822,0.816369181847021,0.874394506038514,1,0.11114729373259,0.496268529262616,2.6690846417067e-08,0.146719416537857,0.770196672357217,0.831668388621783,0.731984301127807,0.443022842116254,0.000933117669010181,0.548750253242273,0.402648396035728,0.524026804705596,0.615715447124491,0.704068571750077,0.919207838446395,1,1,1,1,1,1.52137824577282e-06,1,1,1,1,1,0.0522545894645702,1,1,1,1,1,1,FALSE,FALSE,FALSE,FALSE,FALSE,TRUE,FALSE,FALSE,FALSE,FALSE,FALSE,TRUE,FALSE,FALSE,FALSE,FALSE,FALSE,FALSE,TRUE,FALSE,TRUE,TRUE,TRUE,TRUE,TRUE,TRUE,FALSE,FALSE,TRUE,FALSE,TRUE,TRUE,FALSE,TRUE,TRUE,TRUE
"12","7d669e880492b330a9c9c649f65c2ba6",25.9651747170495,0.416519909210823,-0.462253773503625,-0.0153154247758658,0.38826428091198,0.0155140816587528,-0.711517217518985,0.18456066606133,0.0291802428448639,-1.92820314092328,-0.236310855942234,0.278631175709707,-0.134130912926166,0.349709989008117,0.181350805002765,0.0314765260409698,-0.0641494855557248,0.80593927590233,5.12754699361912,0.405649963473139,1.03838389748192,0.0119326245918931,1.17452475668125,0.120788620342478,0.176295234582865,0.22429421410216,0.28165584428805,31.4942303001987,0.127560937535491,0.230631596711376,0.104044292567385,0.0593745747391409,0.349478916859293,0.0551664026850483,0.201698738734633,0.487843895436351,5.06385894646336,1.02679636809188,-0.44516654642333,-1.28349171281823,0.330571389579785,0.128439927658458,-4.03594129587518,0.822850766793599,0.103602475988467,-0.0612240122252207,-1.85253307562502,1.20812230276669,-1.28917127135345,5.88989463157505,0.518917726518479,0.570574199312454,-0.318046042122869,1.65204337584558,1.52825028416965e-05,0.311984314679718,0.659105944943061,0.208259898680878,0.743057986074605,0.898580416972608,0.000303786920117587,0.416499542022403,0.918111899017545,0.95155011118038,0.0729114589632823,0.23558697580885,0.206302150131118,1.33399752627961e-06,0.607280873812386,0.572153334268636,0.752454013635683,0.108010979748113,0.000596017610826163,1,1,1,1,1,0.0154931329259969,1,1,1,1,1,1,7.33698639453786e-05,1,1,1,1,TRUE,FALSE,FALSE,FALSE,FALSE,FALSE,TRUE,FALSE,FALSE,FALSE,FALSE,FALSE,FALSE,TRUE,FALSE,FALSE,FALSE,FALSE,FALSE,TRUE,TRUE,TRUE,TRUE,TRUE,FALSE,TRUE,TRUE,TRUE,TRUE,TRUE,TRUE,FALSE,TRUE,TRUE,TRUE,FALSE
"13","b67b924653e2ba692fd3ea7c8f75c2ee",-1128.842062856,5.15526348137163,-8.37222668662406,0.0239065672669754,6.90696700605785,1.68972757669743,18.5550618822474,-7.83571938593859,1.57139364007515,-88.9951748217311,6.71922035002326,3.20972776559805,NA,NA,NA,NA,NA,NA,6.2254049059814,0.472800834354642,1.27058819357113,0.0101262963807042,1.32940453859198,0.122370748152375,0.205095915952797,0.283770760744471,0.363114844904019,40.6849809298523,0.159407924941014,0.238854263173032,NA,NA,NA,NA,NA,NA,-181.328295894683,10.903668324546,-6.58925270121781,2.36084016981073,5.19553439570264,13.8082638392747,90.4701675606153,-27.6128497713493,4.3275389649534,-2.18742083166203,42.1511060539154,13.4380174879812,NA,NA,NA,NA,NA,NA,1,1,1,1,1,1,1,1,1,1,1,1,1,1,1,1,1,1,1,1,1,1,1,1,1,1,1,1,1,1,1,1,1,1,1,1,FALSE,FALSE,FALSE,FALSE,FALSE,FALSE,FALSE,FALSE,FALSE,FALSE,FALSE,FALSE,FALSE,FALSE,FALSE,FALSE,FALSE,FALSE,FALSE,TRUE,TRUE,TRUE,TRUE,TRUE,FALSE,FALSE,TRUE,TRUE,FALSE,TRUE,TRUE,TRUE,TRUE,FALSE,TRUE,FALSE
"14","632a77028290d1ecbd9bfe2958610b8c",-9.86865795681442,-0.258736995841109,-0.0205192082768363,-0.00384477785200397,0.112970698144947,0.250355282769803,-0.0984431141885122,-0.0371362899392465,0.00455367292664601,0.152413305967729,-0.0175102330234283,0.0507367097454397,0.00850308176573079,-0.148602451764967,-0.292525007570835,0.0438314074209678,0.0974061968803677,-0.0558701266926557,2.13091418811892,0.274105857789571,0.583601325598489,0.0147495024266286,0.632809669998054,0.124764553397559,0.11185645218411,0.063436403822486,0.0540033076770723,5.29422911638937,0.0396503899786317,0.229538507270055,0.0929223243333693,0.0890496738215089,0.207116671327944,0.0449150104968099,0.105634461018548,0.271109962947415,-4.63118506218499,-0.943930924817156,-0.0351596327437976,-0.2606716986644,0.178522395438892,2.00662188059177,-0.880084360502335,-0.585409760035656,0.0843221114135445,0.0287885738635493,-0.441615657068312,0.221037900563444,0.0915074157553897,-1.66875908004813,-1.41236823523326,0.975874366634758,0.922106251512605,-0.206079208913073,1.24888983024484e-05,0.347789362976877,0.972032081916366,0.79495470945369,0.858723084897716,0.0478596766101194,0.38121074295644,0.559770476458541,0.93299186532591,0.977098402334599,0.659850619233147,0.82557498521462,0.927297396786903,0.0987194197905681,0.161368305569865,0.331801771775715,0.358994382586602,0.837205061726249,0.000499555932097936,1,1,1,1,1,1,1,1,1,1,1,1,1,1,1,1,1,TRUE,FALSE,FALSE,FALSE,FALSE,FALSE,FALSE,FALSE,FALSE,FALSE,FALSE,FALSE,FALSE,FALSE,FALSE,FALSE,FALSE,FALSE,FALSE,TRUE,TRUE,TRUE,TRUE,FALSE,TRUE,TRUE,TRUE,TRUE,TRUE,TRUE,TRUE,TRUE,FALSE,TRUE,TRUE,TRUE
"15","5b239eddc0c4c102c7f721bae475cf22",-4.61152441764588,-0.506034027724678,-0.972329415597938,-0.0146242062248678,0.128839266580146,-0.0502551540568331,-0.290325037477086,0.0511077062116893,-0.0299745242741328,7.07750292063465,-0.0631454032431502,-0.0040831583567926,0.105868305328412,-0.0153827259400482,0.141433064005832,0.0136835520570142,0.213697256619048,-0.12233412738643,3.38313201479231,0.338947285245197,0.95818319064221,0.0165310083538055,0.833769760718453,0.171098331143777,0.139804640988609,0.129243255506605,0.149801899883255,16.512027345719,0.0755987257638958,0.256705518635334,0.110336130243954,0.0855327898017311,0.252081197383151,0.0447454100346686,0.156455224478152,0.374703944406758,-1.36309325130754,-1.49295790157637,-1.01476359123587,-0.88465300554405,0.154526192541603,-0.293720889741483,-2.07664806707483,0.395438090841634,-0.200094420013985,0.428627131753728,-0.83527073512272,-0.0159060014700852,0.959507145069677,-0.17984595119259,0.561061536814511,0.30580906614583,1.36586846065271,-0.326482091295071,0.176931475230467,0.139643204480991,0.313481042719485,0.379171150881052,0.877609944307947,0.769782475031936,0.0412598188266923,0.693642151272761,0.841948303501208,0.669423165080424,0.406218267775426,0.987351619623983,0.3403864122571,0.857758536792449,0.576428103537062,0.76059724910994,0.176062287302521,0.744968964953692,1,1,1,1,1,1,1,1,1,1,1,1,1,1,1,1,1,1,FALSE,FALSE,FALSE,FALSE,FALSE,FALSE,FALSE,FALSE,FALSE,FALSE,FALSE,FALSE,FALSE,FALSE,FALSE,FALSE,FALSE,FALSE,FALSE,FALSE,TRUE,TRUE,TRUE,TRUE,FALSE,FALSE,TRUE,TRUE,FALSE,TRUE,TRUE,TRUE,TRUE,TRUE,TRUE,TRUE
"16","51c79d7c5c2260b32f6ad5b82272898e",33.4839117029706,0.671990994947001,-2.44822497044338,-0.0149632069795497,1.15923822465073,-1.27025988660645,-1.21955392400857,0.36486530293776,-0.026336042972873,19.9211610157315,-0.343947228940643,-1.08374539599867,0.191309805266313,-0.579399765393844,-0.254011177371203,-0.02231071366597,0.54973682767979,0.247470313382308,5.99519928612865,0.459336723742576,1.22043587590086,0.011603967023846,1.28354667726317,0.123007469607418,0.198931609226791,0.271215201101111,0.346133771431001,38.7665175501355,0.152672406716163,0.24336420610482,0.106669253606017,0.0528695976657155,0.413879563680165,0.0494057596516037,0.238874363612068,0.571873642809702,5.58512071157397,1.46295943740741,-2.00602507578386,-1.2894906499476,0.903152370837429,-10.3266890267763,-6.13051856740486,1.3452981302539,-0.0760863144442491,0.513875433612732,-2.2528447434518,-4.45318320777168,1.79348592775305,-10.9590348891489,-0.613732108714352,-0.451581229057082,2.3013638607639,0.43273600120203,0.0113342301105326,0.239665504298491,0.138515260901752,0.287646965601605,0.43301642761916,0.00193694540611443,0.00872706412868221,0.271180337989314,0.944140384609309,0.642794210391161,0.109649024180687,0.0210739415070669,0.170790914984877,0.00162662237170622,0.582793470810485,0.682219216351368,0.104857163504894,0.694429043212068,0.317358443094913,1,1,1,1,0.104595051930179,0.349082565147288,1,1,1,1,1,1,0.0797044962136048,1,1,1,1,FALSE,FALSE,FALSE,FALSE,FALSE,FALSE,FALSE,FALSE,FALSE,FALSE,FALSE,FALSE,FALSE,TRUE,FALSE,FALSE,FALSE,FALSE,TRUE,TRUE,TRUE,TRUE,FALSE,TRUE,TRUE,TRUE,TRUE,TRUE,TRUE,FALSE,FALSE,FALSE,TRUE,FALSE,TRUE,FALSE
"17","20f887a0f58476d52027e0798805c1d2",44.3774865501397,-0.559215910293488,0.340980486174779,0.0346599586041025,-0.549991758334974,0.114395801893162,-1.07601159975036,0.37596066396699,-0.0468766315035557,4.02226644261565,-0.333154269947544,-0.332398842427216,0.0481410246110383,-0.62387496358602,0.481168575640199,-0.071520692708345,0.103846899172057,-0.606647627964217,5.19038192245263,0.417951908191654,1.15619231536392,0.0146122342460392,1.12735760287466,0.146965866944348,0.177040299520422,0.228095572892887,0.28662809985502,32.0236936216792,0.129020826804252,0.238192956779108,0.107695874917075,0.0582338308088303,0.357884632196408,0.0512605158451119,0.207082033376394,0.502328277096656,8.5499462685339,-1.33799104474254,0.294916755321499,2.37198213637298,-0.487859182332692,0.778383472786108,-6.07777778655555,1.64825936426017,-0.163545135760473,0.125602826773632,-2.58217435277328,-1.395502398232,0.447008993130948,-10.7132736232667,1.3444795678629,-1.3952394260809,0.501477107786091,-1.20767166736164,1.17386415844628e-09,0.19063211102886,0.770023590427882,0.0240834782961573,0.629082376221746,0.442244033070736,9.83652216155693e-07,0.109399398888028,0.871150822894076,0.900857373646701,0.0147658175839683,0.172781151638816,0.657976169641976,6.02893994400996e-12,0.188549439111445,0.172859687586678,0.61957823585217,0.236306960232359,5.63454796054215e-08,1,1,1,1,1,5.50845241047188e-05,1,1,1,0.782588331950318,1,1,3.43649576808568e-10,1,1,1,1,TRUE,FALSE,FALSE,FALSE,FALSE,FALSE,TRUE,FALSE,FALSE,FALSE,FALSE,FALSE,FALSE,TRUE,FALSE,FALSE,FALSE,FALSE,FALSE,TRUE,FALSE,TRUE,TRUE,FALSE,FALSE,TRUE,TRUE,TRUE,FALSE,TRUE,FALSE,FALSE,TRUE,TRUE,TRUE,TRUE
"18","3a4c1eb8dbc9f93fbbfbd8702754c0df",0.92552966622851,-0.456212747091027,1.28147976393281,0.0298984172207023,-1.22115460206284,0.0860027866902307,-0.218767153888053,0.0482169005214321,-0.0707778710930517,8.9353825184552,-0.08036045168546,0.0462596116877413,-0.169217941138091,-0.00113798975562877,0.326865134029196,-0.0395641468724224,0.175842249750082,0.298345620954863,4.78912102169271,0.384976014809747,1.10097502952152,0.0136249750435218,1.05790307549335,0.140411943896947,0.166074823457827,0.205727792619488,0.256221730737693,28.6349746388458,0.117305177383442,0.234212039477437,0.102912702378018,0.0583638825473058,0.327205589705713,0.0511265818920306,0.197034057425319,0.471938453317914,0.19325668782147,-1.18504200142568,1.16394988948091,2.194383264938,-1.15431614705663,0.612503354795453,-1.31728066502269,0.234372322317256,-0.276236800404375,0.312044366413847,-0.685054602686299,0.197511672717396,-1.64428624676983,-0.019498184595694,0.998959505316447,-0.773846899367812,0.892445966183945,0.632170612200332,0.847667913810564,0.242509066192595,0.250862108744733,0.0336581896459188,0.25474574428585,0.543430550802287,0.194721044742253,0.815808347131097,0.783689576318929,0.756514940996136,0.496985913915622,0.844357864883599,0.107409616575559,0.984533881219539,0.323402890382865,0.443255243812877,0.37712124506597,0.530622516369111,1,1,1,1,1,1,1,1,1,1,1,1,1,1,1,1,1,1,FALSE,FALSE,FALSE,FALSE,FALSE,FALSE,FALSE,FALSE,FALSE,FALSE,FALSE,FALSE,FALSE,FALSE,FALSE,FALSE,FALSE,FALSE,TRUE,FALSE,TRUE,TRUE,TRUE,TRUE,TRUE,TRUE,TRUE,TRUE,TRUE,TRUE,TRUE,TRUE,TRUE,TRUE,TRUE,FALSE
"19","969732ae717bf5a9282f4781499aadb4",-25.2372408840583,-0.591744790116207,-0.0513271609420966,-0.0129370232532229,-1.47283975791695,-0.072349882430698,0.18799845851834,-0.0590893901352249,-0.0530148217262196,5.53806095146434,0.109611681671271,0.235983890978244,0.0632934313893645,-0.0576656567117558,-0.0884753702808911,-0.110068236198227,-0.0639145029986831,-0.170575350208192,2.82899050946813,0.355526589624406,0.951107690415754,0.0186927622839402,0.825050462370395,0.161854663298105,0.14554256052273,0.10360493507105,0.107499714060711,11.5556754502714,0.0608994764155712,0.305795593500773,0.129857948711008,0.117593021190793,0.312209730564747,0.0520947749120815,0.131636047398667,0.39297512895657,-8.92093515322648,-1.66441781679776,-0.0539656670420362,-0.692087293290929,-1.78515112116347,-0.447005238875594,1.29170778529061,-0.570333740325231,-0.493162444099893,0.479250302182402,1.79987888439784,0.771704681145603,0.487405137826569,-0.490383324859,-0.283384409963299,-2.11284598856575,-0.485539517949171,-0.434061439616051,9.40059827588457e-14,0.0997999716963725,0.957092201511437,0.490814148153373,0.0778900437670689,0.656035556864174,0.200043760868584,0.569992106133751,0.623200111163456,0.63302088708139,0.0755133239980254,0.442480972068861,0.627256138347105,0.625156560509781,0.777587815221836,0.0376181320737975,0.628572941620061,0.665370069941876,4.98231708621882e-12,1,1,1,1,1,1,1,1,1,1,1,1,1,1,1,1,1,TRUE,FALSE,FALSE,FALSE,FALSE,FALSE,FALSE,FALSE,FALSE,FALSE,FALSE,FALSE,FALSE,FALSE,FALSE,FALSE,FALSE,FALSE,FALSE,TRUE,TRUE,TRUE,FALSE,TRUE,TRUE,TRUE,TRUE,TRUE,TRUE,TRUE,TRUE,TRUE,TRUE,FALSE,TRUE,TRUE
"20","81b95cf5e2e0e3f7579b7dfa4b2ebed0",-12.2888436848773,0.351791677834828,0.0428748965593046,-0.00564340473174552,-1.64432375363732,-0.296381215901957,-0.0106402881551851,0.00780201482246849,-0.0772597364210418,10.461565843541,0.0144056429915271,0.221594089571073,0.0655158558977777,-0.106597109497429,0.133487534554919,-0.100192625325266,-0.0425130116715382,0.217365832028542,2.88016188193316,0.321184945550221,0.676264373626464,0.0168964935101179,0.764128300799626,0.13983460583803,0.133368040217827,0.103550709445925,0.110321966496495,12.0194721424955,0.061036956439371,0.269986627309575,0.0972172390070791,0.102058765125785,0.213139192958984,0.0467475526620066,0.128172583153434,0.315203705231805,-4.26671978473275,1.09529317207621,0.0633996085427185,-0.33399857363104,-2.15189484791573,-2.11951264943138,-0.0797813939367072,0.075344870780849,-0.700311450879517,0.870384798892586,0.236015093672576,0.820759501236283,0.673911916928714,-1.04446795300777,0.626292765313262,-2.14326996002716,-0.33168568991581,0.689604304837369,5.28634550040336e-05,0.276594865579848,0.949602592504469,0.739233313536084,0.0343465858863635,0.037071410361973,0.936605509006806,0.940123835762115,0.485715089994842,0.386631048287242,0.814009465548905,0.414162966666151,0.502262614215781,0.299338269417191,0.532862523903423,0.0350547537086039,0.740972861409858,0.492390013633317,0.00195594783514924,1,1,1,1,1,1,1,1,1,1,1,1,1,1,1,1,1,TRUE,FALSE,FALSE,FALSE,FALSE,FALSE,FALSE,FALSE,FALSE,FALSE,FALSE,FALSE,FALSE,FALSE,FALSE,FALSE,FALSE,FALSE,FALSE,FALSE,TRUE,TRUE,FALSE,TRUE,TRUE,TRUE,TRUE,TRUE,TRUE,TRUE,TRUE,TRUE,TRUE,FALSE,TRUE,TRUE
"21","26de4690cd2c89c490c37a8d1418d67a",0.12832507062196,-0.3326288750367,-0.446246820761742,-0.0259705873319789,-0.928103950179353,-0.254898741149021,-0.268419171131106,0.0630252373555573,-0.0234187831702984,2.7879393021088,-0.047100362658936,0.127657882421798,0.0246336122051689,-0.132049589615811,-0.0507926830772175,-0.0369673511652351,-0.0683968980501629,-0.185523543261227,3.74302056978114,0.327637261450672,0.89684479594072,0.0130627474490761,0.844660777205597,0.12703378754868,0.139878053964145,0.148693311864397,0.177286659460977,19.6651906995502,0.0863910922260024,0.226950634953267,0.0975177260075644,0.0669206113207858,0.258081888099038,0.0452277823920363,0.151691436794423,0.376681227773596,0.0342838272538435,-1.01523518284803,-0.497574187620349,-1.98814127221114,-1.09878897567591,-2.00654287388969,-1.91895128309342,0.423860606541834,-0.132095574712169,0.141770265272463,-0.545199295961205,0.562491849595773,0.252606507695413,-1.97322748566698,-0.196808398494535,-0.817359357679767,-0.450894918629167,-0.492521340545104,0.972751259965153,0.313592475390946,0.620389431129761,0.0508235818640268,0.27573533131307,0.0487770721278163,0.0591886891860333,0.673005295980137,0.895298781706783,0.887680660242972,0.587400306932975,0.575630685631828,0.801334330007374,0.0525357168967823,0.84456452478238,0.416577743249259,0.653499834356781,0.623937376772678,1,1,1,1,1,1,1,1,1,1,1,1,1,1,1,1,1,1,FALSE,FALSE,FALSE,FALSE,FALSE,FALSE,FALSE,FALSE,FALSE,FALSE,FALSE,FALSE,FALSE,FALSE,FALSE,FALSE,FALSE,FALSE,TRUE,TRUE,TRUE,TRUE,TRUE,TRUE,TRUE,TRUE,TRUE,FALSE,TRUE,TRUE,FALSE,FALSE,TRUE,TRUE,TRUE,TRUE
"22","c5bd025300b4ef0c652dd11cef56ac29",6.70065762283037,0.191003657995965,0.809101033163763,0.0106176303886628,-2.2142832745435,0.0473747300040494,-0.197503216913971,0.0419897781682732,-0.0738966267814073,4.78301437302739,-0.0725755339894529,-0.101014876809125,0.051972644398126,-0.231472220159902,0.19158525869843,-0.0495333824642829,0.0595100553499532,-0.308336587386991,4.86458273307674,0.401528379688515,1.02352702012638,0.0150075591033388,1.06327261917598,0.127589472815765,0.173078387942126,0.209969068642151,0.262018916308559,29.2738092347298,0.119394625292754,0.250055145707088,0.109357880065651,0.114450346682512,0.333809996063916,0.0459918894935055,0.197915339024423,0.478361219774408,1.37743728301078,0.475691551725773,0.790502856547801,0.707485495512772,-2.08251697129146,0.371305946788077,-1.14112003966672,0.199980780215948,-0.282027831511161,0.163388861855153,-0.607862655555042,-0.403970398303473,0.475252852075455,-2.02246849283919,0.573935055742748,-1.07700255435858,0.300684401943245,-0.644568528218906,0.175850506780172,0.636818992163934,0.433782956274132,0.483267190152176,0.0435750226530819,0.712321565359799,0.260441495254373,0.842484226351937,0.779340927880144,0.871015008397984,0.546631104538416,0.688333953639627,0.637128954522179,0.0496839982463691,0.569147153171013,0.287775552869964,0.765174681352958,0.522797073284307,1,1,1,1,1,1,1,1,1,1,1,1,1,1,1,1,1,1,FALSE,FALSE,FALSE,FALSE,FALSE,FALSE,FALSE,FALSE,FALSE,FALSE,FALSE,FALSE,FALSE,FALSE,FALSE,FALSE,FALSE,FALSE,FALSE,TRUE,FALSE,FALSE,TRUE,TRUE,FALSE,FALSE,FALSE,TRUE,FALSE,TRUE,TRUE,TRUE,TRUE,TRUE,TRUE,TRUE
"23","95251fbafeb9956f566a3da93d145d63",13.8374255989259,0.15927650678115,-0.0481532450099325,0.00413080643782564,-0.0162282843141248,-0.154335350228849,-0.448586219897301,0.0744514189652734,0.0104191918346273,-3.98390809861888,-0.147040362807524,0.0467078131615953,0.0359772054982888,0.29607675187769,0.0477870879213583,0.0733716551243809,0.0338444949558154,0.262156571929626,2.57555787114003,0.290600295040993,0.643777376950272,0.0153167498749707,0.705295326929048,0.132707050289108,0.123235099485119,0.0847839055649662,0.0863318807912616,9.24670675095035,0.0516288991246136,0.238296948047874,0.0924533106809885,0.129083658519419,0.196780007655338,0.0442911262736969,0.111904402762245,0.308772574143705,5.37259354719952,0.548094786891672,-0.0747979763408991,0.269692099926229,-0.0230092043637733,-1.16297777618162,-3.6400848603321,0.878131509384461,0.12068765025309,-0.430846160251532,-2.84802436814742,0.196006761917117,0.389139179909184,2.29368113108715,0.242845238653805,1.65657686532921,0.302441138332352,0.849028035137656,6.66919646123987e-07,0.585063395612019,0.940551207166721,0.788050785915837,0.981696860686028,0.248093105221581,0.000467186259534784,0.382347824452184,0.904223271582258,0.667670843022137,0.00551559469425698,0.845072712046169,0.698146363778023,0.0242761388944657,0.808710339446099,0.101292134283059,0.763054649339659,0.398250547037548,2.93444644294554e-05,1,1,1,1,1,0.0228921267172044,1,1,1,0.314388897572648,1,1,1,1,1,1,1,TRUE,FALSE,FALSE,FALSE,FALSE,FALSE,TRUE,FALSE,FALSE,FALSE,FALSE,FALSE,FALSE,FALSE,FALSE,FALSE,FALSE,FALSE,FALSE,TRUE,TRUE,TRUE,TRUE,TRUE,FALSE,TRUE,TRUE,FALSE,FALSE,TRUE,TRUE,FALSE,TRUE,FALSE,TRUE,TRUE
"24","cb3f42ad378ddeda014d895db355586b",-15.602996194097,-0.369885386646377,0.340765169039132,0.00153994615179267,0.279512317678576,-0.0867487721871605,0.00119506931956962,-0.0486720816939082,-0.0543048124948231,6.17351985353074,0.00683830835546218,-0.22584859911629,-0.067933124829634,0.00699573520993122,-0.101450877752656,0.0427757507946157,0.0517251648950709,0.0170463832993801,2.68950025915195,0.283439350581705,0.603093396125162,0.0150590405184324,0.70503348351658,0.125285255174821,0.115510088395237,0.0903797705926799,0.0952989018427403,10.2882740817475,0.0549075242133442,0.224748613179531,0.0910288348023329,0.0871813868683232,0.198657181378635,0.0478541899386962,0.118709213895113,0.299185961607203,-5.80144810955211,-1.30498953616447,0.565028851631484,0.102260575626167,0.396452543337969,-0.692410069054915,0.0103460168386375,-0.538528493430921,-0.569836707923827,0.600053984222994,0.124542281835397,-1.00489429465747,-0.746281384103722,0.0802434494474998,-0.510683163068209,0.8938768130735,0.435729992625284,0.0569758795092131,1.12792032057347e-07,0.195460040352478,0.573560108684494,0.918793569616293,0.692776559967619,0.490589577013698,0.991769752607804,0.59163650333033,0.570309351068852,0.550085635207494,0.901183482348887,0.31783375995541,0.457580991401847,0.936234505133771,0.610912454946238,0.373941767064755,0.664150330642165,0.954699721409084,5.18843347463796e-06,1,1,1,1,1,1,1,1,1,1,1,1,1,1,1,1,1,TRUE,FALSE,FALSE,FALSE,FALSE,FALSE,FALSE,FALSE,FALSE,FALSE,FALSE,FALSE,FALSE,FALSE,FALSE,FALSE,FALSE,FALSE,FALSE,TRUE,TRUE,TRUE,TRUE,TRUE,TRUE,FALSE,TRUE,TRUE,TRUE,TRUE,TRUE,TRUE,TRUE,FALSE,TRUE,TRUE
"25","1e2270e7a0c8c2e951edc6813b58451a",-35.949977538074,-0.364915530838722,0.252686908073508,-0.00889694501374427,0.222618619761032,-0.00239338373585797,0.42140314034694,-0.228060852426676,-0.0108591187946939,3.90536350075344,0.127505709543949,-0.34867127126302,-0.0500130169436457,0.259648403305775,-0.00103332186266574,0.0540730722561963,0.122905601013459,0.0428020279680989,3.29543819882676,0.324016030253997,0.709088721552407,0.0186985256987779,0.871192004457733,0.160762412622916,0.140563842890438,0.124725940355954,0.142516922895932,15.7363709441243,0.0740634580257197,0.239507395881141,0.0987884307959762,0.116401690540975,0.233603946798896,0.0500844548404596,0.142511032336358,0.365096672788857,-10.909012813796,-1.12622678128815,0.356354431248463,-0.475809973313872,0.255533359606071,-0.014887707249529,2.9979483463283,-1.82849575457852,-0.0761952936818839,0.248174341760267,1.72157380903915,-1.45578498726633,-0.50626390702506,2.2306239892141,-0.00442339214223679,1.07963783230629,0.862428676562907,0.11723477960275,3.25763328929373e-17,0.263613249015575,0.722562546324428,0.635574641480721,0.799001491152923,0.988160780601627,0.00367141646224598,0.0713988033822167,0.939463952070519,0.80466885754832,0.0892149760899286,0.149570672600058,0.614136887408439,0.0286562288070587,0.996482245642717,0.283717907375552,0.391164898979245,0.906983273751226,1.82427464200449e-15,1,1,1,1,1,0.157870907876577,1,1,1,1,1,1,1,1,1,1,1,TRUE,FALSE,FALSE,FALSE,FALSE,FALSE,FALSE,FALSE,FALSE,FALSE,FALSE,FALSE,FALSE,FALSE,FALSE,FALSE,FALSE,FALSE,FALSE,TRUE,TRUE,TRUE,TRUE,TRUE,TRUE,TRUE,TRUE,TRUE,TRUE,TRUE,FALSE,TRUE,TRUE,FALSE,TRUE,TRUE
"26","820d3c5095323f85949bc959fd15d1b7",29.9999721559269,0.118443191144187,0.587618358000115,-0.00128661283437067,-0.611554749449849,-0.0771872037182244,-0.783912870895124,0.219676700934903,-0.00229881624363118,1.30587756264379,-0.241573530649889,0.256227706593593,-0.121274080996712,0.169441061195922,0.0773201699063021,-0.0156478082483147,0.00531166557415309,0.698703765568473,3.74331657952996,0.336435502396831,0.832856055908314,0.0146137621996687,0.844336107457868,0.130020399350277,0.145396296515125,0.148819056063206,0.177717395561713,19.6680405874663,0.0863120551099085,0.247020820472214,0.106176295731098,0.0924677384462189,0.266042397743236,0.0437729950074075,0.155128496564348,0.386667458336735,8.01427598188714,0.35205318790786,0.705546119082076,-0.0880411776783829,-0.724302495236313,-0.593654565775337,-5.39156009942507,1.47613287401583,-0.0129352348224848,0.0663959155888654,-2.79883882201938,1.03727170083792,-1.1421954416629,1.83243436081734,0.290631006795111,-0.357476298929663,0.0342404244983435,1.80698879749016,2.0643385028795e-11,0.72588708961489,0.482880489917117,0.930102715411356,0.471364779358275,0.554712857643768,9.48417289978672e-07,0.144524188605471,0.989717339991112,0.947257449101153,0.00666764825679886,0.303283771514801,0.257378731963187,0.0712654585442471,0.772218091279317,0.721842397419621,0.972785742731256,0.0751879796446191,1.03216925143975e-09,1,1,1,1,1,5.40597855287843e-05,1,1,1,0.373388302380736,1,1,1,1,1,1,1,TRUE,FALSE,FALSE,FALSE,FALSE,FALSE,TRUE,FALSE,FALSE,FALSE,FALSE,FALSE,FALSE,FALSE,FALSE,FALSE,FALSE,FALSE,FALSE,FALSE,TRUE,TRUE,TRUE,FALSE,FALSE,TRUE,TRUE,TRUE,FALSE,TRUE,TRUE,TRUE,TRUE,TRUE,TRUE,FALSE
"27","92fb114641e27921122496428e2ef0dd",-14.2819302805584,0.735246759495239,7.46282044812537,-0.453180867560762,5.18755191095998,-10.6925053469982,0.336583441664644,-0.311134815406863,-0.197061745517551,36.6976666601953,0.0615548010336147,1.3514568269047,2.51478699507161,-3.70752650889177,-2.55153392699006,0.335626203043547,NA,NA,6.12378138083211,0.464978566275415,1.24794693803368,0.0100509826485246,1.30613888600198,0.121283250414313,0.201931148021349,0.278227953486948,0.355600007320612,39.8385516281424,0.156422888456555,0.236300431432721,0.107581297380613,0.0372568721256062,0.422945828035568,0.049897092044737,NA,NA,-2.33220773120051,1.58124871299925,5.98007833560947,-45.0882150938035,3.97166944997616,-88.1614345795626,1.66682280055704,-1.11827302579595,-0.554166876998624,0.921159659686816,0.393515307388733,5.71923131375866,23.3756894209458,-99.5125542582421,-6.03276769235679,6.72636799640807,NA,NA,1,1,1,1,1,1,1,1,1,1,1,1,1,1,1,1,1,1,1,1,1,1,1,1,1,1,1,1,1,1,1,1,1,1,1,1,FALSE,FALSE,FALSE,FALSE,FALSE,FALSE,FALSE,FALSE,FALSE,FALSE,FALSE,FALSE,FALSE,FALSE,FALSE,FALSE,FALSE,FALSE,TRUE,TRUE,TRUE,TRUE,TRUE,TRUE,FALSE,TRUE,TRUE,FALSE,TRUE,TRUE,TRUE,FALSE,TRUE,TRUE,TRUE,FALSE
"28","5431c93e93b57f0b74748eb702ea1e72",-33.2891764884975,-0.177139361424123,-0.184344545975819,0.0104389503404437,0.241773416082657,0.0542044962804274,0.426853746734707,-0.215085027796172,-0.0627761821374645,7.71193847205437,0.107624815470842,-0.111681413296448,-0.215692736287102,0.124709385119647,-0.082065154141388,0.0548179311988006,0.166110560014666,-0.10905387441389,2.69178185618509,0.304852333369842,0.755430534400641,0.0184691293365725,0.712745713449519,0.174773306866421,0.126508597545102,0.0917526542827693,0.0964321937072035,10.3083708465841,0.0562805364498747,0.26423143555388,0.114890719032917,0.119781129604251,0.210586615336507,0.0437047825566886,0.140183208460157,0.346635380066467,-12.3669666663392,-0.581066116391573,-0.244025807246563,0.56521074438374,0.339214128574035,0.310141733038534,3.37410859829133,-2.34418316807826,-0.650987805255903,0.748123887550075,1.91229192647614,-0.42266512711609,-1.87737302109933,1.04114383903106,-0.389697863799425,1.25427763260685,1.18495333242339,-0.314606877096561,1.30499314515019e-20,0.562751769420585,0.80780586635303,0.573436962147899,0.735295014290504,0.757221340362019,0.00112249847765711,0.0214297369123282,0.516831232958849,0.456474921473014,0.0592472595862979,0.673619617508718,0.063937911385895,0.300796186282298,0.697746284945015,0.213220195430641,0.239377567705115,0.753840270354394,7.43846092735608e-19,1,1,1,1,1,0.0527574284498843,1,1,1,1,1,1,1,1,1,1,1,TRUE,FALSE,FALSE,FALSE,FALSE,FALSE,TRUE,FALSE,FALSE,FALSE,FALSE,FALSE,FALSE,FALSE,FALSE,FALSE,FALSE,FALSE,FALSE,TRUE,TRUE,TRUE,TRUE,TRUE,FALSE,FALSE,TRUE,TRUE,TRUE,TRUE,FALSE,TRUE,TRUE,TRUE,TRUE,TRUE
"29","7c821085a5548386a8d91fe359fa3ff3",-0.187360543921795,-0.360489806446042,0.21465321428735,-0.00377219245386045,-0.897165606659466,-0.0952024252091427,-0.245567660678488,0.0907325924318239,-0.0712459078228147,7.88114806660857,-0.0600081588048891,-0.203978705270502,-0.00177220312603581,-0.104727161608072,-0.06483330885548,-0.0665167808887885,-0.027709097697776,-0.285612992926079,2.13869666909297,0.306812157567157,0.776625174514467,0.0147260436223002,0.714095945820762,0.16498796411235,0.116419910288592,0.063970924846995,0.05414240862312,5.35420557883385,0.0415933536409331,0.243394303192412,0.110143303195933,0.0866309483990475,0.237170413001992,0.0436710210635331,0.106855186898389,0.293575858603408,-0.0876050103922662,-1.17495280925149,0.276392294933714,-0.256157903005807,-1.2563656353325,-0.577026486273348,-2.10932700488905,1.41834110807116,-1.31589838048674,1.47195470001454,-1.44273432055821,-0.838058666924709,-0.0160899761911376,-1.20888855014802,-0.273361706609397,-1.52313317318638,-0.259314484416422,-0.972876292637926,0.930389664603692,0.243183049184507,0.78289487591776,0.798426775049479,0.212308448207211,0.565394823005447,0.0377567530397823,0.159622949146878,0.191625865930242,0.144600491857948,0.152645372727221,0.404268265734609,0.98719903391761,0.229943801531934,0.785215723874364,0.131311035669299,0.795998264112627,0.333281430119685,1,1,1,1,1,1,1,1,1,1,1,1,1,1,1,1,1,1,FALSE,FALSE,FALSE,FALSE,FALSE,FALSE,FALSE,FALSE,FALSE,FALSE,FALSE,FALSE,FALSE,FALSE,FALSE,FALSE,FALSE,FALSE,TRUE,TRUE,TRUE,TRUE,FALSE,TRUE,TRUE,TRUE,FALSE,FALSE,TRUE,TRUE,TRUE,TRUE,TRUE,FALSE,TRUE,TRUE
"30","3a8a7409bdc33da14a01ec3e3313b9a7",-17.9874363522631,-0.670590557558213,0.764092177672337,0.0265138987640376,-0.593074431523593,0.209805925203047,0.125987647029359,-0.115648210688913,-0.0162289007193726,-5.26919585089371,0.0763917571422187,0.621060395550295,NA,NA,NA,NA,NA,NA,6.2254049059814,0.472800834354642,1.27058819357113,0.0101262963807042,1.32940453859198,0.122370748152375,0.205095915952797,0.283770760744471,0.363114844904019,40.6849809298523,0.159407924941014,0.238854263173032,NA,NA,NA,NA,NA,NA,-2.88936006957245,-1.41833623976901,0.601368863285883,2.6183214244608,-0.44612036013638,1.7145104395521,0.614286473936201,-0.407540968581508,-0.0446935754545158,-0.129512063923016,0.47922182771331,2.60016458278739,NA,NA,NA,NA,NA,NA,1,1,1,1,1,1,1,1,1,1,1,1,1,1,1,1,1,1,1,1,1,1,1,1,1,1,1,1,1,1,1,1,1,1,1,1,FALSE,FALSE,FALSE,FALSE,FALSE,FALSE,FALSE,FALSE,FALSE,FALSE,FALSE,FALSE,FALSE,FALSE,FALSE,FALSE,FALSE,FALSE,TRUE,TRUE,FALSE,TRUE,TRUE,TRUE,FALSE,TRUE,TRUE,TRUE,TRUE,TRUE,TRUE,FALSE,TRUE,TRUE,TRUE,FALSE
"31","564e9f4d70915c0026898422d57b1431",19.706073609121,0.209298488991774,NA,0.0292005315597159,2.41746439313573,-0.729776610904481,-0.852450018260274,0.0835334868638877,0.0263148376032047,21.1717720796361,-0.309520836336146,-1.55597565308656,0.281882429385156,-0.103127555957038,-0.167300402699707,0.159390285307677,0.0940325121123477,-1.18022070522039,5.91508045557915,0.453606780721393,NA,0.011089369589155,1.27122058792577,0.131126516417508,0.196522593844349,0.266880196079354,0.340202470139711,38.0978848229168,0.150340128600637,0.238061919281817,0.107068461262611,0.0478527301609374,0.407877981349465,0.0493003647283378,0.235226530576232,0.564395044990098,3.33149713805398,0.461409524476058,NA,2.63320032080751,1.90168757184798,-5.5654388665437,-4.33766928058885,0.312999945634969,0.0773505189200946,0.555720407525112,-2.05880385507954,-6.53601238610784,2.63273074125697,-2.15510286686259,-0.410172675039219,3.23304474897849,0.399753003549376,-2.09112520688606,0.0125652507710708,0.65849996204199,1,0.0337552702385955,0.0989601248334646,0.000846063701792921,0.00340575825522734,0.763400160043237,0.94050921133512,0.595708551055524,0.078503584570516,0.000323029335364821,0.0337783093267097,0.0680985761254857,0.693942271194135,0.0143909385024762,0.701255421578298,0.0748455767001117,0.339261770818911,1,1,1,1,0.0465335035986106,0.149853363230003,1,1,1,1,0.0184126721157948,1,1,1,0.791501617636191,1,1,FALSE,FALSE,FALSE,FALSE,FALSE,TRUE,FALSE,FALSE,FALSE,FALSE,FALSE,TRUE,FALSE,FALSE,FALSE,FALSE,FALSE,FALSE,TRUE,TRUE,TRUE,TRUE,TRUE,FALSE,TRUE,TRUE,FALSE,FALSE,TRUE,FALSE,TRUE,FALSE,TRUE,TRUE,TRUE,TRUE
"32","386a607b118090dd71bfc8b4b4081447",2.19281466017313,0.290756348576353,-0.267625672067646,-0.0111289444151045,0.46588662507371,-0.17954302069502,-0.265187733269974,0.033320712034966,0.000284015325051898,-0.481393576504335,-0.0904129702810021,-0.0245864500228103,0.00778619401409202,0.196091749845608,0.121162796849356,0.0419078601272376,-0.0494492596273894,0.271069781964395,2.29074548193155,0.261087424361969,0.598786788664735,0.014517953687308,0.628231634600941,0.132085411786874,0.106756192817968,0.0698133188066452,0.0635764154820637,6.65995177217868,0.0446306755237858,0.212771977292425,0.0865532327901139,0.0726070332673047,0.171068044886068,0.0400274174189937,0.107273393403892,0.275650362964122,0.957249365968043,1.11363597571537,-0.446946521088814,-0.766564259316639,0.741584153700961,-1.35929485524655,-2.48405011709393,0.477283025711053,0.00446730635721394,-0.072281841216225,-2.0258033117338,-0.115553045733178,0.0899584424879085,2.70072665169627,0.708272529390577,1.04697886672428,-0.460964812040665,0.983382641145576,0.341093950864266,0.268502705611058,0.656024350638019,0.445415712717452,0.46033653679686,0.177566221453861,0.0149060253253169,0.634357429055532,0.996445844773382,0.94254352952241,0.0458489330704711,0.908273073373378,0.928527019242687,0.00831480624378116,0.48066940930573,0.298009385833779,0.645974149591719,0.328146045139024,1,1,1,1,1,1,0.536616911711407,1,1,1,1,1,1,0.399110699701496,1,1,1,1,FALSE,FALSE,FALSE,FALSE,FALSE,FALSE,FALSE,FALSE,FALSE,FALSE,FALSE,FALSE,FALSE,FALSE,FALSE,FALSE,FALSE,FALSE,TRUE,TRUE,TRUE,TRUE,TRUE,FALSE,FALSE,TRUE,TRUE,TRUE,FALSE,TRUE,TRUE,FALSE,TRUE,TRUE,TRUE,TRUE
"33","afce1dc2c06acb90ad5d3da0fffbcd02",5.32204591156696,0.0443848338458966,-0.302695710945048,0.0151378477663844,1.73412212471675,-0.48739539765372,-0.491691309880084,0.0651889877257983,0.0816221451836803,-5.92563893098747,-0.138448892688721,0.184754925509558,-0.0770222638237685,0.649801837312826,0.253519194064344,0.0762614015345427,-0.00242968232172119,1.15641133468267,5.05983790506742,0.414733952908785,1.04367944069077,0.0134872830990815,1.08890646799042,0.12253251685271,0.177956168489467,0.220712046754515,0.276671354395409,30.923392385946,0.125282648785738,0.248517420703689,0.120134373282994,0.0666826463572791,0.350884837697822,0.0459753464795624,0.209371454914227,0.498017696070128,1.05182142420747,0.107020014962842,-0.290027473133614,1.12237932986039,1.59253542493605,-3.97768208939666,-2.76299110086306,0.295357633098769,0.295014803256534,-0.191623184708562,-1.10509231749642,0.743428468661936,-0.64113427089124,9.74469180229067,0.722513961354669,1.65874555330309,-0.0116046493669185,2.32202860221222,0.300089575443263,0.915384205326913,0.773506624254367,0.269342049157295,0.12025698775497,0.000333008223984003,0.00906782249058066,0.769465825295605,0.769725529795799,0.849144766308733,0.276658651228339,0.462183886434767,0.5256117579763,1.66068972764366e-11,0.474778921836677,0.106103650927685,0.990806934032466,0.0261737442119557,1,1,1,1,1,0.0186484605431042,0.353645077132646,1,1,1,1,1,1,9.29986247480449e-10,1,1,1,1,FALSE,FALSE,FALSE,FALSE,FALSE,TRUE,FALSE,FALSE,FALSE,FALSE,FALSE,FALSE,FALSE,TRUE,FALSE,FALSE,FALSE,FALSE,TRUE,TRUE,TRUE,TRUE,TRUE,TRUE,TRUE,TRUE,TRUE,TRUE,TRUE,TRUE,TRUE,FALSE,TRUE,TRUE,TRUE,TRUE
"34","1c6bf8efe709f63c28e0225da6870395",3.35959003534335,0.26460283920711,0.1155760612909,-0.00958924918156462,0.444070224351132,-0.173581325064196,-0.304405355562216,0.0242410477722853,0.0158981160379365,-2.37895408635474,-0.0929571182443029,0.00318588927685217,0.00198814850813168,0.269024830860381,0.15160396250667,0.0637689230228962,-0.0160234371180586,0.256710716307236,2.06361952836132,0.248234080963364,0.522434469930979,0.012714983079406,0.583489757106463,0.121414921231472,0.10395016504071,0.0589063028848257,0.048041884853107,4.7744675960239,0.0382443781582692,0.205210751412147,0.0830441559773107,0.0677272643360001,0.170604896111181,0.0396066934138744,0.0921419038820935,0.253482341295882,1.62800845270694,1.06594081755503,0.221225948789653,-0.754169244400805,0.7610591598956,-1.42965397748166,-2.92837779952541,0.411518743922559,0.330921987897574,-0.49826583561608,-2.43060869912991,0.0155249627757252,0.0239408599525641,3.97217920283519,0.888626094340644,1.61005419858043,-0.173899566244719,1.01273609433639,0.107098341141557,0.289366235784836,0.82542902331636,0.452760966208962,0.44865632883263,0.156357020653512,0.00433740185492086,0.681692752472999,0.741490084521192,0.619539726583478,0.0171029454339845,0.987648513712759,0.980953986568946,0.000145327663691072,0.376626648778557,0.110967549529461,0.862343812561619,0.313962702582379,1,1,1,1,1,1,0.182170877906676,1,1,1,0.889353162567192,1,1,0.00770236617562683,1,1,1,1,FALSE,FALSE,FALSE,FALSE,FALSE,FALSE,FALSE,FALSE,FALSE,FALSE,FALSE,FALSE,FALSE,TRUE,FALSE,FALSE,FALSE,FALSE,TRUE,FALSE,TRUE,TRUE,TRUE,FALSE,FALSE,TRUE,TRUE,TRUE,FALSE,TRUE,TRUE,TRUE,FALSE,FALSE,TRUE,FALSE
"35","f2d099ef5556f02539ded15181a3d994",12.2312257340801,0.245149043241681,-0.489724498562178,-0.0134241301978192,0.328391923170913,-0.412069737093085,-0.499535807708217,0.12466682253401,0.00944158729337406,-2.29589919912443,-0.13844394399482,-0.105094126854357,0.0579759208440393,0.0171240640058543,-0.0122650603407107,0.0293939901080713,-0.191322184276219,0.0823159566134396,2.6043993243074,0.296806365842599,0.726159267114088,0.0157272583588209,0.837717133623567,0.177249971162137,0.133985844971338,0.0877171559423782,0.087904718400796,9.50842041623562,0.0543684184765398,0.259989790424565,0.104536314366351,0.122761920891405,0.20431306725819,0.0485588211488138,0.146780305203075,0.322867652724976,4.69637110558414,0.825956150049988,-0.674403702797113,-0.853558191233638,0.392008125404389,-2.32479438158075,-3.72827299641298,1.42123648669029,0.107407059201598,-0.241459579890282,-2.54640373720931,-0.404224053116617,0.55460077385989,0.139490029819607,-0.0600307190592531,0.605327506159802,-1.30345950712883,0.254952628170397,1.00773746536686e-05,0.41114129297499,0.50188480248684,0.395748861260268,0.6960333616979,0.0224673733167159,0.000346731333865816,0.158906508101917,0.914719168885479,0.809780479504046,0.0126863723145897,0.687063259599298,0.58062415583744,0.889392916714631,0.952272085848429,0.546574224785343,0.195937451035182,0.799375539099026,0.000413172360800413,1,1,1,1,1,0.0173365666932908,1,1,1,0.685064104987845,1,1,1,1,1,1,1,TRUE,FALSE,FALSE,FALSE,FALSE,FALSE,TRUE,FALSE,FALSE,FALSE,FALSE,FALSE,FALSE,FALSE,FALSE,FALSE,FALSE,FALSE,FALSE,TRUE,TRUE,TRUE,TRUE,FALSE,FALSE,TRUE,TRUE,TRUE,TRUE,TRUE,TRUE,TRUE,TRUE,TRUE,TRUE,TRUE
"36","304a3df568087b761af6bca76a3816aa",-8.65944800369946,-1.02732467233021,-3.53890258640028,-0.145290526817241,-6.10855502135442,-0.858523875960133,1.55879221469587,-0.462257999796152,-0.0770547131292396,-2.33498407463614,0.157277391694027,-3.24265411046759,-0.97999939756363,0.824903611599114,2.44054421572673,-0.139176358442228,-1.38999945489914,-0.191029542115028,6.07216412215616,0.46101248631226,1.23645784310486,0.0100129112492151,1.2943329670874,0.120734070736527,0.200325724544396,0.275411483856511,0.351780657398161,39.4083438006102,0.154906267115141,0.235009986155399,0.106886274585993,0.0371171948048855,0.418992452687711,0.0496063380304015,0.241114988629163,0.578479327026563,-1.42608925409358,-2.22840964796422,-2.86212959554996,-14.5103180484727,-4.71946182063207,-7.11086664040055,7.78128829056307,-1.67842674286228,-0.21904192714617,-0.0592510075137942,1.01530683440409,-13.7979417960707,-9.16861777959334,22.2242983591674,5.824792785816,-2.80561645886727,-5.76488198764356,-0.330227085377341,1,1,1,1,1,1,1,1,1,1,1,1,1,1,1,1,1,1,1,1,1,1,1,1,1,1,1,1,1,1,1,1,1,1,1,1,FALSE,FALSE,FALSE,FALSE,FALSE,FALSE,FALSE,FALSE,FALSE,FALSE,FALSE,FALSE,FALSE,FALSE,FALSE,FALSE,FALSE,FALSE,TRUE,TRUE,TRUE,FALSE,FALSE,TRUE,TRUE,TRUE,TRUE,TRUE,TRUE,TRUE,TRUE,FALSE,TRUE,TRUE,TRUE,TRUE
"37","2ddd18d49a8163e0fc79e28ea6273254",-0.500188289642298,-0.472972829911567,0.429384228900473,-0.00563116361045424,-3.1678791066425,0.0719970040165432,0.0825691944468906,-0.0282196425762926,-0.0606460367653107,5.69966848961881,-0.0190251863867165,-0.484014982780332,0.198848196492712,-0.256579881692352,-0.1054396617693,-0.109008025479643,0.0838591500209753,-0.394060599220951,4.25816751440365,0.383212919677032,0.958625134210206,0.0157010257101873,0.948075293724666,0.145509130121769,0.159402906042279,0.178921480780576,0.217637733079499,24.1121284125839,0.101421914504095,0.266732140401327,0.122772808161061,0.10676521281344,0.300152132237421,0.0514120690200536,0.175100847954305,0.439445052176521,-0.117465620586876,-1.23422986445808,0.447916723208217,-0.358649410197487,-3.34137924235635,0.494793721578107,0.517990521609378,-0.157720819507973,-0.27865589255682,0.236381807200571,-0.187584571635634,-1.81461065041535,1.61964362851301,-2.40321613127578,-0.351287398771158,-2.12028085150831,0.47891915430849,-0.896723258731015,0.906904027323543,0.222181741013477,0.655911149966541,0.721182389814969,0.00147603598759826,0.622647613896294,0.606469694210287,0.875234202161931,0.781517374649488,0.813983806142048,0.85186848784173,0.0748470691918008,0.110829071694392,0.0195283476631575,0.726667944888227,0.0383470671850553,0.633828317992551,0.373638395573988,1,1,1,1,0.0841340512931008,1,1,1,1,1,1,1,1,0.898303992505247,1,1,1,1,FALSE,FALSE,FALSE,FALSE,TRUE,FALSE,FALSE,FALSE,FALSE,FALSE,FALSE,FALSE,FALSE,FALSE,FALSE,FALSE,FALSE,FALSE,FALSE,TRUE,TRUE,TRUE,FALSE,TRUE,FALSE,FALSE,TRUE,TRUE,FALSE,TRUE,TRUE,TRUE,TRUE,FALSE,TRUE,TRUE
"38","42604f7f8bfc866837a5370b4b667382",-18.0527209274323,-0.00454050692162889,NA,-0.0184693210437653,-0.129094072883129,0.0102520490938546,0.0354495150563027,-0.0472624021486869,-0.0251732795782835,4.64780315496372,0.0270962475945809,-0.244049342435703,0.0929731235169624,-0.254012384306027,-0.0522209540480354,0.00400709021544429,-0.0261446109406363,-0.156320775079275,4.6083002072396,0.37092899209675,NA,0.013773213635981,0.985851404066749,0.123747747676016,0.159254888696218,0.195467402916217,0.242820932532281,27.0998805563009,0.11173773705344,0.230150028055636,0.10093517165106,0.0671577238616284,0.314188728659507,0.0442527851465724,0.182476585451294,0.448679276815453,-3.91743595590227,-0.0122409059910976,NA,-1.34095945448172,-0.130946786047675,0.0828463490155437,0.22259608698056,-0.241791733268922,-0.103670137972709,0.171506407392009,0.242498624986666,-1.06039240793274,0.921117208165822,-3.78232569092713,-0.166208871562126,0.0905500117602127,-0.143276524360518,-0.348402039400566,0.000277263995427677,0.990283118136444,1,0.186116939348084,0.896353556488092,0.934311231144503,0.824775150166413,0.809950613717339,0.917854282002263,0.864531921982123,0.809405994498795,0.294165095254719,0.361502237715976,0.000423141037939669,0.868676514224914,0.928219296774573,0.886659384049154,0.729030768367689,0.0097042398399687,1,1,1,1,1,1,1,1,1,1,1,1,0.0215801929349231,1,1,1,1,TRUE,FALSE,FALSE,FALSE,FALSE,FALSE,FALSE,FALSE,FALSE,FALSE,FALSE,FALSE,FALSE,TRUE,FALSE,FALSE,FALSE,FALSE,FALSE,TRUE,FALSE,TRUE,TRUE,TRUE,TRUE,TRUE,TRUE,TRUE,TRUE,TRUE,TRUE,FALSE,FALSE,TRUE,TRUE,TRUE
"39","de4edf45ab75f6490e1ada65b0e0306f",-26.0596958236085,0.0624468279955755,0.788447435894287,0.0942731652057232,-0.99620257120773,-0.505098335862179,0.23869895814043,0.0292046744921161,-0.35989860430919,31.4748765803173,0.0396697689112054,-0.44652787225961,-0.0920942023925303,-0.477004910886388,-0.00998396499773612,-0.0576979470637305,0.417610976163846,0.20050414846379,5.99376667185698,0.455505361712658,1.22441578784592,0.0100183770819636,1.2767022551703,0.120201703132369,0.197971161593115,0.271154480634721,0.34598146639123,38.7545487044475,0.152602348824461,0.233911397734416,0.106256835813535,0.0372426481516693,0.413057918778808,0.0492066246250231,0.237671692166744,0.570594258213309,-4.34779951411334,0.137093508100061,0.643937658858011,9.41002364299561,-0.780293578376146,-4.20208967676568,1.20572590583179,0.107704930502175,-1.04022509663053,0.812159543395876,0.259955165938092,-1.90896158367879,-0.866713201907707,-12.8080288207166,-0.0241708596877973,-1.17256461916287,1.75709177797608,0.3513953138814,0.0224683969758096,0.899640399427239,0.565460121820944,0.00254283417750041,0.492124262126857,0.0245996529907233,0.314346421178958,0.92102893883667,0.374701498007953,0.476159746931774,0.811718324263484,0.152281528114073,0.449861372001164,0.00102700940355381,0.982234181916006,0.325607040208083,0.17715407128868,0.748522829526755,0.584178321371049,1,1,0.139855879762522,1,1,1,1,1,1,1,1,1,0.0513504701776903,1,1,1,1,FALSE,FALSE,FALSE,FALSE,FALSE,FALSE,FALSE,FALSE,FALSE,FALSE,FALSE,FALSE,FALSE,TRUE,FALSE,FALSE,FALSE,FALSE,TRUE,TRUE,FALSE,TRUE,TRUE,TRUE,TRUE,TRUE,TRUE,TRUE,TRUE,TRUE,TRUE,FALSE,TRUE,TRUE,TRUE,TRUE
"40","e1a9800482df461df81429b3b8f859a1",-9.19099180771843,-0.351324707972404,0.33354119802617,-0.0111124630223964,0.349255487903725,0.127759340268689,-0.0114866884264629,-0.0652156544997963,-0.0161551266776716,4.42501097027747,-0.03316152331396,0.306152462895237,-0.0911310412873747,-0.053935942905181,-0.012206338083457,0.0439122199645266,0.0367159067797185,-0.561198983656289,4.37198241745371,0.36120752927352,0.891565115084844,0.0121768275504826,0.967371521558458,0.147380052906326,0.154017618349875,0.182690689636296,0.224769530428783,25.0854124657581,0.105057551036949,0.226478829533033,0.093924311302405,0.0726987702439562,0.299887780908832,0.0442545107117757,0.171776875536399,0.420219291511831,-2.10224811770203,-0.972639492534961,0.37410750194553,-0.912590982858746,0.3610355278405,0.866869957971125,-0.0745803535305235,-0.356973059927842,-0.0718741844005867,0.176397776050829,-0.315651021622397,1.35179285201394,-0.970260415260998,-0.741909976251146,-0.0407030191309058,0.992265404322773,0.213741847760751,-1.33549076635024,0.0402098543823094,0.335069373413259,0.709789319148181,0.365514132661161,0.719481545437957,0.389848959061636,0.940824205749002,0.722503222868873,0.942967582211083,0.860641352540762,0.753484145888187,0.182076917244139,0.336242705431076,0.461356692435074,0.967682775632092,0.325493681420404,0.831553371529336,0.187317922958685,0.965036505175425,1,1,1,1,1,1,1,1,1,1,1,1,1,1,1,1,1,FALSE,FALSE,FALSE,FALSE,FALSE,FALSE,FALSE,FALSE,FALSE,FALSE,FALSE,FALSE,FALSE,FALSE,FALSE,FALSE,FALSE,FALSE,TRUE,TRUE,TRUE,TRUE,TRUE,FALSE,TRUE,TRUE,TRUE,TRUE,TRUE,TRUE,TRUE,TRUE,TRUE,TRUE,FALSE,TRUE
"41","c38ee4acf990375c9b9df651cf77bf7c",-38.3688273951816,-0.103637102700444,0.187295763830905,-0.000250742373472154,0.661513545496345,0.135275036104683,0.373888742833618,-0.229610291892058,0.0128647796540975,-1.45864272704684,0.155905847433322,0.328135293637778,-0.123358103286947,0.117543193033779,0.279120122606966,0.05165433259391,0.107116400588997,-0.265022405781567,4.00568377418102,0.376119536952604,0.90460303243926,0.0140998549420443,0.915385683910047,0.149724787030844,0.147335766818562,0.162841149901225,0.197248030671308,21.9413747283491,0.0936843129849836,0.261185319329325,0.107759004310853,0.0847511644610835,0.283467844211171,0.0474818093957255,0.160039321152988,0.409133469444939,-9.57859620434622,-0.275542992369214,0.207047464041616,-0.0177833300060745,0.72266101286477,0.903491257441664,2.53766448505369,-1.41002622513618,0.065221333821757,-0.0664790946376855,1.66416171999161,1.25633130713613,-1.14475912315499,1.38692127454784,0.984662381666944,1.08787624674135,0.669313015184565,-0.647765156297567,6.5386518831499e-14,0.783800867031843,0.836640556218735,0.985867904054047,0.472562433102356,0.369707019512747,0.0136459624385362,0.163450014323248,0.948204297661734,0.947206923170193,0.101046821267733,0.213634624745532,0.256639467452724,0.170353525656895,0.32855649961529,0.280794158764604,0.505741373383477,0.519490596082955,3.53087201690094e-12,1,1,1,1,1,0.504900610225838,1,1,1,1,1,1,1,1,1,1,1,TRUE,FALSE,FALSE,FALSE,FALSE,FALSE,FALSE,FALSE,FALSE,FALSE,FALSE,FALSE,FALSE,FALSE,FALSE,FALSE,FALSE,FALSE,FALSE,TRUE,TRUE,TRUE,FALSE,TRUE,TRUE,TRUE,TRUE,TRUE,TRUE,TRUE,TRUE,TRUE,TRUE,FALSE,TRUE,TRUE
"42","321b7763c5946d79f50284281735d5b0",8.2516241348099,-0.0316841732211614,-0.0125577782358564,-0.0238337650524566,-0.0455321860603351,0.0917477311831347,-0.143084226457981,-0.00442784313149656,-0.0453102335199822,5.87840671737861,-0.145748761359214,0.35463216258618,-0.303735018401261,-0.209803837063412,0.327786805623955,0.100256469942197,-0.217330506356506,0.391795634249533,5.40502056583495,0.419584009349363,1.09414545113044,0.0112115557852205,1.148768317278,0.147803596731208,0.181593853793584,0.239082346419365,0.302324214435735,33.8281191382751,0.135318430964936,0.236047180016651,0.0997075417326097,0.0478789087195886,0.369906990713845,0.0466237337547398,0.212350512013192,0.520473968818266,1.52665915592778,-0.0755133001143041,-0.0114772475842971,-2.12582138545616,-0.0396356561854206,0.620740856191643,-0.787935403478044,-0.0185201592581406,-0.149872988521777,0.173772792195456,-1.07707989458569,1.50237830657907,-3.04625922095042,-4.38196781576969,0.886133038446756,2.15033121263062,-1.02345176517872,0.752767011843269,0.139918061524985,0.940432252592929,0.990937557057666,0.0440043834422735,0.96871147537271,0.540620876425713,0.438447924687108,0.985377005278436,0.882117223520857,0.86350144081348,0.292152462483224,0.146044040276135,0.0055583691327933,0.000199974031527015,0.384339103671287,0.0418151531522393,0.316300250565214,0.45891055000426,1,1,1,1,1,1,1,1,1,1,1,1,0.311268671436425,0.0103986496394048,1,1,1,1,FALSE,FALSE,FALSE,FALSE,FALSE,FALSE,FALSE,FALSE,FALSE,FALSE,FALSE,FALSE,FALSE,TRUE,FALSE,FALSE,FALSE,FALSE,TRUE,FALSE,TRUE,TRUE,TRUE,TRUE,TRUE,TRUE,TRUE,FALSE,TRUE,TRUE,TRUE,FALSE,TRUE,TRUE,TRUE,TRUE
"43","01491b7ad3b35c7e644dd24ae831bee2",6.5864224237403,0.0961464821371154,0.0793472135766289,-0.0116030613735562,-0.391396328385569,-0.0460359572226451,-0.475567500263149,0.115691266410501,-0.0136137455962429,5.29341476356009,-0.1150718096487,0.33203773349075,-0.0263767676041625,-0.0203756387088226,0.309073171879338,-0.028299278783907,0.0782382215555792,0.301668498416674,4.03353126711757,0.343803630279928,0.917034061778639,0.0128032871890069,0.873879071337259,0.14124244790585,0.145578361976563,0.164137703884014,0.199316275542992,22.1810456988831,0.0947878714040723,0.223523129406485,0.0940378401476475,0.069581756314663,0.272812162091744,0.0427109135183326,0.157598099713983,0.393339968879932,1.63291716056216,0.279655226615356,0.0865259175027049,-0.906256432607311,-0.447883856271592,-0.325935707750774,-3.26674578423758,0.704842724571396,-0.0683022274982581,0.238645861670382,-1.2139929712965,1.48547371528128,-0.280490997695701,-0.292830186934055,1.13291566442481,-0.662577230331546,0.496441401879653,0.766940871215553,0.107555292707574,0.780672892142483,0.931327190731509,0.368308782107195,0.655798155101526,0.745570563518313,0.0017751777703603,0.483547597036765,0.945764854579272,0.812167244993349,0.229354532579709,0.142485628604942,0.780034659147757,0.77062977829569,0.261611862604274,0.510057023437675,0.621338598664895,0.446027339980201,1,1,1,1,1,1,0.081658177436574,1,1,1,1,1,1,1,1,1,1,1,FALSE,FALSE,FALSE,FALSE,FALSE,FALSE,TRUE,FALSE,FALSE,FALSE,FALSE,FALSE,FALSE,FALSE,FALSE,FALSE,FALSE,FALSE,TRUE,TRUE,TRUE,TRUE,TRUE,TRUE,FALSE,TRUE,TRUE,TRUE,TRUE,TRUE,TRUE,TRUE,TRUE,TRUE,TRUE,TRUE
"44","a67690654fca1914946ee270222b7247",-17.1321843224014,-0.15769353348587,-0.36382137529051,0.0162638603546715,0.292684768542183,0.06375831576348,-0.104449243370977,-0.0439831802246641,-0.00868048993009855,4.49821291991322,0.0158827741144816,-0.458106370205111,0.0566988349304723,-0.0198764302160634,-0.114366761514156,0.0142184767332826,0.133869320476684,-0.19212961782125,3.23330966803895,0.323561438217015,0.717984884255017,0.0145153079929765,0.866665916364838,0.147795972721109,0.132708438895184,0.120727208504136,0.138319381816214,15.1867144461161,0.0714765421463513,0.235422636656562,0.102607778818085,0.0841372224007582,0.224614972477575,0.0554162081106161,0.131111987640236,0.352723448494211,-5.29865248966157,-0.487368131242216,-0.506725675245952,1.12046264278657,0.337713486841419,0.431394134695346,-0.787058036704606,-0.364318704703235,-0.0627568589167958,0.296193948722306,0.222209603844027,-1.94588921741372,0.552578328695672,-0.236238250430814,-0.509168023184984,0.256576139329149,1.02103036408855,-0.544703275729069,1.07633146771607e-06,0.62738215567097,0.613795328748761,0.265999238509223,0.736498065480825,0.667387239399745,0.433663763099864,0.716618606763575,0.95012274330262,0.767879360281916,0.824739045753832,0.0553171347402406,0.582152761934684,0.813875077589314,0.612090508446758,0.7981902972453,0.310437326093206,0.58753174516181,4.62822531117912e-05,1,1,1,1,1,1,1,1,1,1,1,1,1,1,1,1,1,TRUE,FALSE,FALSE,FALSE,FALSE,FALSE,FALSE,FALSE,FALSE,FALSE,FALSE,FALSE,FALSE,FALSE,FALSE,FALSE,FALSE,FALSE,FALSE,FALSE,TRUE,FALSE,TRUE,TRUE,TRUE,TRUE,TRUE,TRUE,TRUE,TRUE,TRUE,FALSE,FALSE,TRUE,FALSE,TRUE
"45","95c08da59378a0eb674c2b7dab943428",-23.6002627897817,0.214242843458194,-1.05088718199053,0.000785960086346462,-0.104956620218765,0.0253737567831616,0.125908305373948,-0.100883176706754,-0.0362025648328457,7.26839999710337,0.0529033726902017,-0.194668479343184,-0.0676731469989786,-0.108350750652215,-0.188067692346724,0.0136197122323268,-0.0556760117883645,0.300578955291604,3.41190178248858,0.307618180710918,0.698166267001477,0.0128135812810765,0.786979507598028,0.13456377702556,0.128372058706888,0.129956043816285,0.15167727676445,16.7664456993684,0.0763802693009437,0.219494955976212,0.0896794335784425,0.0744681645808196,0.23007161740865,0.0475200857372498,0.13359007711404,0.339395588900408,-6.91704049363579,0.696457026574533,-1.5052104801682,0.0613380497696761,-0.133366395446697,0.188563054218833,0.98080771347163,-0.776286917824072,-0.238681532297466,0.433508695130131,0.692631397799328,-0.886892723695579,-0.754611668457796,-1.45499424166179,-0.817431087176131,0.286609588788067,-0.416767569801134,0.885630117543472,1.40291544474232e-09,0.488324582970051,0.136526620955028,0.951255353587122,0.894265641432526,0.850951461474263,0.32988338861368,0.440053770777307,0.812012290676067,0.665906378917879,0.490708848209643,0.378010014435602,0.452876864243962,0.149899866023984,0.416306245659406,0.77521219989135,0.678054910345816,0.378685765257309,6.59370259028892e-08,1,1,1,1,1,1,1,1,1,1,1,1,1,1,1,1,1,TRUE,FALSE,FALSE,FALSE,FALSE,FALSE,FALSE,FALSE,FALSE,FALSE,FALSE,FALSE,FALSE,FALSE,FALSE,FALSE,FALSE,FALSE,FALSE,TRUE,FALSE,TRUE,TRUE,TRUE,TRUE,TRUE,TRUE,TRUE,TRUE,TRUE,TRUE,TRUE,FALSE,TRUE,TRUE,TRUE
"46","6a49b0df18b1abfe220ecc00d5cbf296",-34.8322749198419,0.0142831808917767,-0.0101540647846278,0.00193058761853776,0.261584744839382,-0.018468563980236,0.369149436854297,-0.1821384436602,-0.0715690669207422,9.12598637683677,0.111067602853629,-0.0455121485886637,-0.031128361943564,0.0460391383231442,-0.0680419099721167,0.044143467817506,0.169666594420021,0.206061431748524,3.7955703452585,0.334262263591204,0.842596641981739,0.012326780835053,0.871032981133576,0.149756227725114,0.139451563856385,0.151342377000069,0.181321401489355,20.1224753050462,0.0879569543658527,0.231586129914606,0.0928045157480981,0.0955176716813997,0.277157822373575,0.0469477588852042,0.150734395188813,0.368832143327216,-9.17708585308006,0.042730461818582,-0.0120509200710152,0.15661733946367,0.300315545456099,-0.123324179974245,2.64715164639149,-1.20348607753212,-0.394708326391045,0.453522056232726,1.26274953077217,-0.196523637255157,-0.33541861290518,0.481996027674421,-0.245498789784849,0.940267839524455,1.12559972929532,0.558686208554533,1.84589780094604e-13,0.966043486771999,0.990420801841748,0.876017416971336,0.764866335990278,0.902219602806401,0.0101093309034298,0.233023371709809,0.694311868265785,0.651638400964065,0.211056418440608,0.844795231370108,0.738357336666455,0.631379580869287,0.806820693978568,0.350457900995005,0.264350910683513,0.57823840403388,9.59866856491938e-12,1,1,1,1,1,0.384154574330331,1,1,1,1,1,1,1,1,1,1,1,TRUE,FALSE,FALSE,FALSE,FALSE,FALSE,FALSE,FALSE,FALSE,FALSE,FALSE,FALSE,FALSE,FALSE,FALSE,FALSE,FALSE,FALSE,FALSE,TRUE,TRUE,TRUE,TRUE,TRUE,TRUE,TRUE,FALSE,TRUE,TRUE,TRUE,TRUE,TRUE,TRUE,TRUE,FALSE,TRUE
"47","5c4a1032c65d0d99d6d6bee379b63a2c",-29.0229806892009,0.133814959623456,-1.43360414658833,0.00950262006439161,-0.998342505089611,0.17451858688252,0.233819395453731,-0.204551015627966,0.0551368788020513,-6.5301041949319,0.139774862315804,-0.0152578059799375,0.0594055615481796,0.0986581969684215,-0.114339834919327,0.010910494849275,0.0322904653260784,-0.0317529144753061,4.79199181150507,0.402501116508399,1.06368329211905,0.0172394307722864,1.05606798627202,0.155054592473431,0.174040503936537,0.206426934711282,0.257005832414052,28.6589819883744,0.117506708209927,0.256385387901244,0.11196593321006,0.0825606804577951,0.340737987432863,0.048431592316722,0.19409392994134,0.495804326022413,-6.0565589072001,0.332458604796599,-1.34777349349197,0.551214259328548,-0.945339237688493,1.1255299446382,1.3434768928214,-0.990912430657658,0.214535515727995,-0.22785541362149,1.1895053860763,-0.0595112151469982,0.530568181276427,1.19497800189347,-0.335565270490586,0.225276401773558,0.166365147719134,-0.0640432380452257,3.02543782556427e-07,0.74115833706638,0.184789529696692,0.584339838959752,0.349767738150362,0.266607611429422,0.18616498686262,0.327271852677578,0.831143656801578,0.820838662651261,0.240767697142274,0.952820655896983,0.598447690788958,0.238645046213349,0.738830499953498,0.822831489173664,0.868649422186503,0.949232601022409,1.36144702150392e-05,1,1,1,1,1,1,1,1,1,1,1,1,1,1,1,1,1,TRUE,FALSE,FALSE,FALSE,FALSE,FALSE,FALSE,FALSE,FALSE,FALSE,FALSE,FALSE,FALSE,FALSE,FALSE,FALSE,FALSE,FALSE,FALSE,TRUE,TRUE,TRUE,TRUE,TRUE,TRUE,TRUE,FALSE,TRUE,TRUE,TRUE,TRUE,TRUE,TRUE,TRUE,TRUE,TRUE
"48","c4228a5878f56464e576996e95eefc5e",-15.5574530126387,0.0806163478576544,-0.69208835149429,-0.00965397985138227,-1.80355200907599,0.271895246280018,0.111299747965768,-0.115080845058168,0.0108185754277691,0.529551503684661,0.058468938428344,-0.047775809519989,0.0119232526250621,-0.00631795670853745,-0.23320978825397,-0.0478005478594399,0.0872119067448354,0.0494015986868417,4.96268356586956,0.397918107090337,1.0297454824563,0.0117325822823306,1.06233186695306,0.130460649832915,0.171080048567422,0.215022971034265,0.26943551987135,30.1032074091285,0.122260598820842,0.241742375977646,0.102766019849217,0.0770461779353259,0.339816140724582,0.0459964989475485,0.197034025697438,0.491727744905753,-3.13488716460461,0.202595324065895,-0.672096516358023,-0.822835043392049,-1.69772936798824,2.08411690903151,0.650571173539882,-0.535202562333814,0.0401527439030115,0.0175911987213721,0.478232063250592,-0.197631091060373,0.11602329877674,-0.0820022079984405,-0.686282257684118,-1.03922143974368,0.44262358461252,0.100465347336279,0.00330938385300237,0.840532189875009,0.505588392733404,0.415735696958245,0.0977352276984073,0.0439244004858812,0.519237808787566,0.595628232702069,0.968181575983572,0.98605701893778,0.635225004225737,0.844387107032704,0.908245068375947,0.93507537363644,0.496701566936103,0.30526927963245,0.660547384937746,0.920503088633292,0.102590899443074,1,1,1,1,1,1,1,1,1,1,1,1,1,1,1,1,1,FALSE,FALSE,FALSE,FALSE,FALSE,FALSE,FALSE,FALSE,FALSE,FALSE,FALSE,FALSE,FALSE,FALSE,FALSE,FALSE,FALSE,FALSE,TRUE,TRUE,TRUE,FALSE,FALSE,TRUE,FALSE,FALSE,TRUE,TRUE,FALSE,TRUE,TRUE,TRUE,TRUE,TRUE,TRUE,FALSE
"49","f55e6f0203460ecfb665c9dbc579b714",-18.8951735186148,-0.269677132345776,-0.337500034046939,-0.0199416750135923,-0.970822612059553,0.166519022681957,0.213952289376222,-0.147309142043694,0.00361650841477225,2.09273129082922,0.0591558784276944,0.237085025537028,0.0272975256132009,-0.357766063182993,-0.128581423953864,-0.0185756188449494,0.1323231248352,0.0379798755517328,4.17626805334652,0.368623880623224,0.960674929356062,0.0147935775630613,0.975966344299437,0.184531393077791,0.154443357984464,0.172673668427995,0.21008386822515,23.4090788594854,0.0996016712447998,0.26207287895111,0.106930020862771,0.0751492771679681,0.286265833312848,0.0506275709290732,0.168102137706047,0.422091803059675,-4.52441588452968,-0.731578029860243,-0.351315542577097,-1.34799543440969,-0.994729600800347,0.902388584969708,1.3853123382473,-0.853107155160266,0.0172145936064752,0.0893982759164076,0.593924556569958,0.90465303577352,0.255284020268108,-4.7607385814682,-0.449167902665291,-0.366907171410079,0.787159084595269,0.0899801305697549,2.98343897879943e-05,0.467322040598388,0.726603144493003,0.182812811837988,0.323930046367752,0.370519847064805,0.171172292082248,0.397050065798367,0.98632350282178,0.929068177966205,0.554833034974674,0.369328533982689,0.799391578917382,1.29187467675039e-05,0.654956178085138,0.715000941215031,0.434339491602608,0.928607774935651,0.00113370681194378,1,1,1,1,1,1,1,1,1,1,1,1,0.00069761232544521,1,1,1,1,TRUE,FALSE,FALSE,FALSE,FALSE,FALSE,FALSE,FALSE,FALSE,FALSE,FALSE,FALSE,FALSE,TRUE,FALSE,FALSE,FALSE,FALSE,FALSE,TRUE,TRUE,TRUE,TRUE,TRUE,TRUE,TRUE,TRUE,TRUE,TRUE,TRUE,TRUE,TRUE,TRUE,TRUE,FALSE,TRUE
"50","b73c9d186b67a61bce0ba79c990aef39",3.08453001658839,-0.184426249208409,-0.509407329627333,-0.0311228923677954,-0.792814850321908,-0.360351031198908,-0.101537262896,-0.0584274663831323,0.0110380466015942,2.33823274070181,-0.0668207758786048,-0.695862681773625,0.0329694063138824,0.0905125361130323,-0.237984609435356,0.016526714395481,-0.0904450711072635,-0.19741322260656,4.89542789208145,0.397685738221698,1.01693765572564,0.0123249858855462,1.05453487526974,0.200895420804433,0.169841043743808,0.211736389108019,0.264494760900984,29.5345448104405,0.120323772051032,0.24372701197965,0.102817565407634,0.0624835850226689,0.335691715857158,0.0463539274101533,0.194672007658752,0.475677175813109,0.630083842431371,-0.463748712823081,-0.500922870501679,-2.52518685674876,-0.751814727909416,-1.79372446497773,-0.597837016646938,-0.275944378900904,0.0417325718059361,0.0791694185811607,-0.555341432034431,-2.85509052165184,0.320659278238797,1.44858103260552,-0.708937987426005,0.356533206976136,-0.464602344194283,-0.415015125056415,0.532222867599985,0.645341623366427,0.619170871698846,0.0156301018264066,0.456563648013207,0.0804194119733357,0.553318617862675,0.78401147289382,0.966919508269023,0.937292619421499,0.581753908549883,0.00678798563901084,0.750137893043027,0.155248900573852,0.482474689726566,0.723315173196242,0.644735349166603,0.680348490445147,1,1,1,0.844025498625958,1,1,1,1,1,1,1,0.373339210145596,1,1,1,1,1,1,FALSE,FALSE,FALSE,FALSE,FALSE,FALSE,FALSE,FALSE,FALSE,FALSE,FALSE,FALSE,FALSE,FALSE,FALSE,FALSE,FALSE,FALSE,FALSE,FALSE,FALSE,TRUE,TRUE,TRUE,FALSE,FALSE,FALSE,FALSE,FALSE,TRUE,TRUE,TRUE,TRUE,TRUE,TRUE,TRUE
"51","6960eba3db7d4d863d042ab497d7481a",17.549233403129,-0.162560640737416,0.864579506626715,0.0462858066628522,0.267041850799519,-0.119651302861671,-0.725684628246263,0.15959358392334,0.0448960096923747,-3.37573610126933,-0.190095316805063,0.139834012149017,-0.0463143557385599,-0.100797732961832,0.0596253708012274,0.0415514055898831,0.137641414708733,0.0870142392382001,4.72014484104545,0.390203472326332,0.97259658516018,0.0125312282127083,1.02088457912627,0.141145849152309,0.166829490914202,0.20217574307004,0.251197522084948,28.0498257291293,0.115186181907908,0.244683596238898,0.106366301647065,0.0953759034259298,0.325305613126938,0.0452260362137547,0.190183432313523,0.462059096753803,3.71794383310535,-0.416604803048664,0.888939484076355,3.69363687877876,0.261578885860014,-0.847713932646765,-4.34985819515251,0.789380474135574,0.178727916261818,-0.120347845789419,-1.65033091345146,0.571489116142014,-0.435423202850804,-1.05684695338287,0.183290322684844,0.918749664319376,0.723729785683054,0.188318420413144,0.000554137648491744,0.678948044610251,0.378763002720747,0.000596303538489431,0.794839706354004,0.401083747672593,7.72207442162631e-05,0.434029328622219,0.858953600725282,0.904743342335326,0.105838892129766,0.570511733446897,0.665336713960717,0.296222208213936,0.855393592706066,0.363125087919689,0.472977311197325,0.85147373332585,0.0188406800487193,1,1,0.0339893016938976,1,1,0.00416992018767821,1,1,1,1,1,1,1,1,1,1,1,TRUE,FALSE,FALSE,TRUE,FALSE,FALSE,TRUE,FALSE,FALSE,FALSE,FALSE,FALSE,FALSE,FALSE,FALSE,FALSE,FALSE,FALSE,FALSE,TRUE,FALSE,FALSE,TRUE,TRUE,FALSE,TRUE,TRUE,TRUE,TRUE,TRUE,TRUE,TRUE,TRUE,TRUE,TRUE,TRUE
"52","d2a7d567b64364c09cf4bea1e3f5aef5",-68.0814224940997,3.93950196696998,NA,0.0307403882151113,6.22844759226995,-1.9567437882481,0.216129586000567,-0.285803580323942,-0.206850383733329,32.6901364971803,0.182504015352451,-1.49617674003133,-0.399602871287715,4.25975327981652,1.6160298930922,0.306228452596556,0.350406617163663,NA,6.12378138083211,0.464978566275415,NA,0.0100509826485246,1.30613888600198,0.121283250414313,0.201931148021349,0.278227953486948,0.355600007320612,39.8385516281424,0.156422888456555,0.236300431432721,0.107581297380613,0.0372568721256062,0.422945828035568,0.049897092044737,0.243424644838281,NA,-11.1175462120839,8.47243776960794,NA,3.05844605349347,4.76859517699137,-16.1336687594017,1.07031326329961,-1.02722812981964,-0.581693980525797,0.820565386069096,1.16673472247727,-6.33167163919172,-3.71442695912057,114.334699527523,3.82089096515759,6.13720038678799,1.43948702234507,NA,1,1,1,1,1,1,1,1,1,1,1,1,1,1,1,1,1,1,1,1,1,1,1,1,1,1,1,1,1,1,1,1,1,1,1,1,FALSE,FALSE,FALSE,FALSE,FALSE,FALSE,FALSE,FALSE,FALSE,FALSE,FALSE,FALSE,FALSE,FALSE,FALSE,FALSE,FALSE,FALSE,TRUE,TRUE,TRUE,TRUE,TRUE,TRUE,FALSE,TRUE,TRUE,TRUE,FALSE,TRUE,TRUE,TRUE,TRUE,FALSE,TRUE,TRUE
"53","6545176af2fa076f03140433793c0d00",-28.7662731715993,-0.0985014208647499,0.473553966012956,0.00557378751155796,-0.469466051459655,0.0330513056864514,0.269620824416965,-0.152579470678479,-0.0447330574866495,6.47970868410329,0.0964788383864576,-0.151011440736894,-0.11274266473726,-0.113006232197389,0.175952525429652,0.00339508769909235,0.110162883407765,0.390121411804858,2.95619410445815,0.300929924609905,0.688218456211691,0.0147192198941653,0.72068384859863,0.137580500493655,0.128742105209749,0.104876208532856,0.117863165647972,12.7059478630471,0.0627833481573436,0.235281933979547,0.0982645145575306,0.0780981142634068,0.216416661999714,0.0444461065386214,0.127422601232751,0.340796557174195,-9.73084721609372,-0.327323449113401,0.688086699417568,0.378674111239239,-0.651417472963397,0.2402324862016,2.09427074365215,-1.45485303876788,-0.379533819923485,0.509974442988889,1.53669470039521,-0.641831857562091,-1.14733854072269,-1.44697773132198,0.813026704154065,0.0763866165901888,0.864547437754318,1.14473401679774,2.86853155827883e-15,0.744267702236393,0.493364057198382,0.705920613064348,0.51662099295125,0.810756979799009,0.0393619953728132,0.14957441103379,0.705284718184517,0.611456183386361,0.128265355578237,0.522794612692819,0.254619344439317,0.151762210972813,0.418586089236397,0.939299876764556,0.389840371745841,0.255690670961568,1.57769235705336e-13,1,1,1,1,1,1,1,1,1,1,1,1,1,1,1,1,1,TRUE,FALSE,FALSE,FALSE,FALSE,FALSE,FALSE,FALSE,FALSE,FALSE,FALSE,FALSE,FALSE,FALSE,FALSE,FALSE,FALSE,FALSE,FALSE,TRUE,TRUE,TRUE,TRUE,TRUE,TRUE,TRUE,TRUE,TRUE,TRUE,TRUE,FALSE,TRUE,TRUE,TRUE,TRUE,TRUE
"54","ebc68f0a3a40711c1b0df994d93a6cac",-1184.25696937802,-8.78160706599226,-3.7271953904508,0.699272188663472,-23.0121764310053,13.8135607228865,20.8456287922939,-10.2285268055206,1.76208790069687,-51.4753594857769,7.43451578011162,NA,NA,NA,NA,NA,NA,NA,6.2504872717654,0.474734246707058,1.2761806917355,0.0101449574537909,1.33515127840526,0.12264042192389,0.205877831936028,0.285138373555418,0.364968706906383,40.8937827756194,0.160144507437337,NA,NA,NA,NA,NA,NA,NA,-189.466343644523,-18.4979430637349,-2.92058594412844,68.9280553268536,-17.2356322487229,112.634647746557,101.252420410038,-35.872151047157,4.82805201474124,-1.25875759081075,46.4237949779243,NA,NA,NA,NA,NA,NA,NA,1,1,1,1,1,1,1,1,1,1,1,1,1,1,1,1,1,1,1,1,1,1,1,1,1,1,1,1,1,1,1,1,1,1,1,1,FALSE,FALSE,FALSE,FALSE,FALSE,FALSE,FALSE,FALSE,FALSE,FALSE,FALSE,FALSE,FALSE,FALSE,FALSE,FALSE,FALSE,FALSE,TRUE,TRUE,FALSE,TRUE,TRUE,TRUE,FALSE,FALSE,TRUE,TRUE,FALSE,FALSE,TRUE,FALSE,TRUE,TRUE,TRUE,FALSE
"55","719ab97ff4cf3c7b809b054134f4dc70",-15.7504603788314,-0.290627326346516,0.87746842602697,0.00417019386943282,1.63110486344551,0.316936258705052,0.0283371880280621,-0.114546668402782,-0.00158380916648527,0.0168387105414804,-0.0184508816344164,0.0833535397057708,-0.286250164337841,0.169634065529183,0.0921346747404114,0.157600661458054,0.227328272703381,0.212004030261518,2.98787633132569,0.346194041211615,0.827721085242214,0.0200440916137617,0.898274908104577,0.166257117200387,0.142315492746093,0.109384940539604,0.118549446226263,12.9897393639388,0.0650937415734281,0.278382595529077,0.116721830284234,0.123830024030851,0.291224119339466,0.0546718874635553,0.142559971801342,0.35677311965996,-5.27145659065585,-0.839492572805049,1.06010157488038,0.208051028192751,1.8158192427831,1.90630190178898,0.199115271860239,-1.04718865172587,-0.013359903541535,0.00129630857630807,-0.283450930741216,0.299420800885034,-2.45241326014835,1.36989447314426,0.316370343738646,2.88266362786746,1.59461502293339,0.594226466566704,1.09815475337844e-06,0.403663875664644,0.292249278226325,0.835711360091363,0.0730984181375479,0.0601576407310147,0.842671547172093,0.29812736313884,0.989373507883795,0.998968882989272,0.777554403800389,0.765385946466664,0.0163389000348538,0.174505309511228,0.752535284986824,0.00504761397826784,0.114693104928589,0.554016747805416,4.62822531117912e-05,1,1,1,1,1,1,1,1,1,1,1,0.898639501916958,1,1,0.287713996761267,1,1,TRUE,FALSE,FALSE,FALSE,FALSE,FALSE,FALSE,FALSE,FALSE,FALSE,FALSE,FALSE,FALSE,FALSE,FALSE,FALSE,FALSE,FALSE,FALSE,FALSE,TRUE,TRUE,FALSE,TRUE,TRUE,TRUE,TRUE,TRUE,TRUE,TRUE,TRUE,TRUE,TRUE,FALSE,TRUE,TRUE
"56","3fae853851bfe19cdb50e15749f373b6",-15.5137925822024,0.0252987511194109,0.0583973791410344,0.00540181623155482,0.611628068242252,0.13080462741054,0.00766076895072402,-0.0930423191534558,0.00445733163603607,0.460811207160184,0.00493044564051124,-0.0375801357098785,-0.0793527979777015,0.150548889948978,0.0143219415217323,0.0708219952648124,0.118927013430186,0.0651050915732744,2.06589942135778,0.249659741576334,0.598059308125756,0.0137298604077467,0.568217749297258,0.128475376807587,0.103385625113029,0.0602440475100455,0.0487179089974847,4.79098969203021,0.038462557665221,0.20939372390089,0.0858321925976698,0.0776915679893758,0.18943185786555,0.0406355931794515,0.0986049333666467,0.267536059041555,-7.50946170070863,0.101332921998863,0.0976447960053403,0.393435626520062,1.07639733007053,1.01812993789807,0.0740989759683585,-1.54442344097052,0.0914926713350156,0.0961828842852118,0.128188189756541,-0.1794711656576,-0.924510904080711,1.93777643887384,0.0756047144503925,1.74285619388043,1.20609597684099,0.243350716185745,4.59970443909761e-11,0.919516711215612,0.922436410792765,0.69494935960905,0.284691733311845,0.311407206184145,0.941099807246707,0.126074490916707,0.927309078200925,0.923594027615567,0.898292543978068,0.857980352821379,0.357748611347137,0.0558571087625672,0.939905199334332,0.0848518449253936,0.231013171621526,0.808300093094289,2.25385517515783e-09,1,1,1,1,1,1,1,1,1,1,1,1,1,1,1,1,1,TRUE,FALSE,FALSE,FALSE,FALSE,FALSE,FALSE,FALSE,FALSE,FALSE,FALSE,FALSE,FALSE,FALSE,FALSE,FALSE,FALSE,FALSE,TRUE,TRUE,TRUE,TRUE,FALSE,TRUE,TRUE,FALSE,TRUE,TRUE,TRUE,TRUE,TRUE,FALSE,TRUE,FALSE,FALSE,TRUE
"57","a99fb503372ef5103fa41e0c743bbad2",13.5484036551926,0.417127535435781,0.268861126266645,0.00275130716694842,-0.177820031977291,0.0423385351160828,-0.561372021336662,0.117529834523029,0.045207687378616,-5.33522534389959,-0.133763255679163,-0.0434517445598818,0.0214164048122568,0.173566329646771,0.0496472906098292,-0.00423334646022424,-0.10163544944023,0.389423898026996,3.30146436121665,0.329299662946581,0.81707158914892,0.0157758563242518,0.842076918260195,0.130040857397652,0.141586969641513,0.124482963116131,0.144002997182537,15.7900253630951,0.0738828922818151,0.248995583129559,0.105313169549323,0.111445951758643,0.233971820762386,0.0456877709258464,0.143898419872469,0.367722166603195,4.10375584069601,1.26671109136072,0.329054552669854,0.17439986206764,-0.211168395809593,0.325578713977683,-3.96485653134616,0.944143934085063,0.313935739277086,-0.337885799497779,-1.81047670912697,-0.174508093733023,0.203359227567703,1.55740362846613,0.212193461794057,-0.0926581965903999,-0.706299968618872,1.05901665277421,0.000101234040864371,0.2091269580148,0.743019523462887,0.862014966845457,0.833321080591972,0.745637809453319,0.000164685938377721,0.348087991105848,0.754429938839149,0.736380791553924,0.0741743073623353,0.861930210635815,0.839397767635957,0.123529409244503,0.83252417280079,0.926418927633049,0.482161304126585,0.292946459728245,0.00364442547111734,1,1,1,1,1,0.00872835473401923,1,1,1,1,1,1,1,1,1,1,1,TRUE,FALSE,FALSE,FALSE,FALSE,FALSE,TRUE,FALSE,FALSE,FALSE,FALSE,FALSE,FALSE,FALSE,FALSE,FALSE,FALSE,FALSE,FALSE,FALSE,TRUE,TRUE,TRUE,FALSE,TRUE,FALSE,TRUE,TRUE,FALSE,TRUE,TRUE,TRUE,TRUE,TRUE,TRUE,TRUE
