"","taxon","lfc_(Intercept)","lfc_UC_case_control","lfc_F1_SDC_AGE_CALC","lfc_A_HS_DENTAL_VISIT_LAST","lfc_PM_BIOIMPED_BMI","lfc_PM_BIOIMPED_WEIGHT","lfc_PM_WAIST_AVG","lfc_PM_WAIST_HIP_RATIO","lfc_PM_STANDING_HEIGHT_AVG","lfc_A_SLE_LIGHT_EXP","lfc_NUT_VEG_DAY_QTY","lfc_NUT_JUICE_DAY_QTY","lfc_REFINED_GRAIN_SERVINGS_DAY_QTY","lfc_PM_BIOIMPED_FFM","lfc_SALT_SEASONING","lfc_NUTS_SEEDS_SERVINGS_PER_DAY","se_(Intercept)","se_UC_case_control","se_F1_SDC_AGE_CALC","se_A_HS_DENTAL_VISIT_LAST","se_PM_BIOIMPED_BMI","se_PM_BIOIMPED_WEIGHT","se_PM_WAIST_AVG","se_PM_WAIST_HIP_RATIO","se_PM_STANDING_HEIGHT_AVG","se_A_SLE_LIGHT_EXP","se_NUT_VEG_DAY_QTY","se_NUT_JUICE_DAY_QTY","se_REFINED_GRAIN_SERVINGS_DAY_QTY","se_PM_BIOIMPED_FFM","se_SALT_SEASONING","se_NUTS_SEEDS_SERVINGS_PER_DAY","W_(Intercept)","W_UC_case_control","W_F1_SDC_AGE_CALC","W_A_HS_DENTAL_VISIT_LAST","W_PM_BIOIMPED_BMI","W_PM_BIOIMPED_WEIGHT","W_PM_WAIST_AVG","W_PM_WAIST_HIP_RATIO","W_PM_STANDING_HEIGHT_AVG","W_A_SLE_LIGHT_EXP","W_NUT_VEG_DAY_QTY","W_NUT_JUICE_DAY_QTY","W_REFINED_GRAIN_SERVINGS_DAY_QTY","W_PM_BIOIMPED_FFM","W_SALT_SEASONING","W_NUTS_SEEDS_SERVINGS_PER_DAY","p_(Intercept)","p_UC_case_control","p_F1_SDC_AGE_CALC","p_A_HS_DENTAL_VISIT_LAST","p_PM_BIOIMPED_BMI","p_PM_BIOIMPED_WEIGHT","p_PM_WAIST_AVG","p_PM_WAIST_HIP_RATIO","p_PM_STANDING_HEIGHT_AVG","p_A_SLE_LIGHT_EXP","p_NUT_VEG_DAY_QTY","p_NUT_JUICE_DAY_QTY","p_REFINED_GRAIN_SERVINGS_DAY_QTY","p_PM_BIOIMPED_FFM","p_SALT_SEASONING","p_NUTS_SEEDS_SERVINGS_PER_DAY","q_(Intercept)","q_UC_case_control","q_F1_SDC_AGE_CALC","q_A_HS_DENTAL_VISIT_LAST","q_PM_BIOIMPED_BMI","q_PM_BIOIMPED_WEIGHT","q_PM_WAIST_AVG","q_PM_WAIST_HIP_RATIO","q_PM_STANDING_HEIGHT_AVG","q_A_SLE_LIGHT_EXP","q_NUT_VEG_DAY_QTY","q_NUT_JUICE_DAY_QTY","q_REFINED_GRAIN_SERVINGS_DAY_QTY","q_PM_BIOIMPED_FFM","q_SALT_SEASONING","q_NUTS_SEEDS_SERVINGS_PER_DAY","diff_(Intercept)","diff_UC_case_control","diff_F1_SDC_AGE_CALC","diff_A_HS_DENTAL_VISIT_LAST","diff_PM_BIOIMPED_BMI","diff_PM_BIOIMPED_WEIGHT","diff_PM_WAIST_AVG","diff_PM_WAIST_HIP_RATIO","diff_PM_STANDING_HEIGHT_AVG","diff_A_SLE_LIGHT_EXP","diff_NUT_VEG_DAY_QTY","diff_NUT_JUICE_DAY_QTY","diff_REFINED_GRAIN_SERVINGS_DAY_QTY","diff_PM_BIOIMPED_FFM","diff_SALT_SEASONING","diff_NUTS_SEEDS_SERVINGS_PER_DAY","passed_ss_(Intercept)","passed_ss_UC_case_control","passed_ss_F1_SDC_AGE_CALC","passed_ss_A_HS_DENTAL_VISIT_LAST","passed_ss_PM_BIOIMPED_BMI","passed_ss_PM_BIOIMPED_WEIGHT","passed_ss_PM_WAIST_AVG","passed_ss_PM_WAIST_HIP_RATIO","passed_ss_PM_STANDING_HEIGHT_AVG","passed_ss_A_SLE_LIGHT_EXP","passed_ss_NUT_VEG_DAY_QTY","passed_ss_NUT_JUICE_DAY_QTY","passed_ss_REFINED_GRAIN_SERVINGS_DAY_QTY","passed_ss_PM_BIOIMPED_FFM","passed_ss_SALT_SEASONING","passed_ss_NUTS_SEEDS_SERVINGS_PER_DAY"
"1","7e464b9b7f9ca86103a675a09263efec",-52.8977426141004,0.00282072876047391,0.00917054507796423,-0.521862825517297,0.530839499367915,-0.211546942432088,-0.0371645316829961,6.78171371695249,0.162150590351349,0.178577151238819,-0.0236409001262139,-0.185757036979025,-0.392078720651855,0.120213886921207,0.521950855325559,-0.0565418807281828,1.40511662094532,0.424602466676407,0.0428870323877172,0.263139737864884,0.180947132242046,0.191458462736959,0.302400307961547,27.7671725259973,0.0507639319335586,0.806238807480515,0.102577867671031,0.25027837366847,0.303317012861673,0.194147807914816,0.203198068665042,0.222400810754602,-37.6465140512766,0.00664322273620612,0.213830255147024,-1.98321557113225,2.93367180120784,-1.10492343565261,-0.122898458449063,0.244234940039467,3.19420864726508,0.221494115120642,-0.230467845188893,-0.742201710264776,-1.29263675964876,0.619187454199595,2.5686801983633,-0.254234148411318,7.93049984273523e-14,0.994808677617286,0.834269550515263,0.0707044537026711,0.0125182930991382,0.290854688089745,0.904221849417301,0.81117479878041,0.00771501696488467,0.828432062368967,0.821610459630273,0.472243447796631,0.220471878892095,0.547368496712652,0.024605284280303,0.803618808763734,2.61706494810263e-12,1,1,1,0.300439034379317,1,1,1,0.177445390192348,1,1,1,1,1,0.762763812689394,1,TRUE,FALSE,FALSE,FALSE,FALSE,FALSE,FALSE,FALSE,FALSE,FALSE,FALSE,FALSE,FALSE,FALSE,FALSE,FALSE,FALSE,TRUE,TRUE,FALSE,TRUE,TRUE,FALSE,FALSE,TRUE,TRUE,TRUE,TRUE,TRUE,TRUE,FALSE,TRUE
"2","c2ba82ad21732bcd0ef11c61560cf91c",48.1902311849089,-0.88088073816712,0.00519303351136075,0.760106591593892,-1.41995169724578,0.469921594780383,0.0730385081666513,0.190486583984067,-0.5319602974223,0.934357783657367,0.347439381513956,0.46271620345823,0.194619896809918,0.313034824485549,-0.526464018941893,-0.173931640849822,1.4056879809878,0.566470348271883,0.0528775296291286,0.323868744998822,0.207734684507214,0.208630723740173,0.328987886808532,29.9947020713406,0.0603618796381915,0.891437199054663,0.133447060039601,0.301748076236975,0.343016872376365,0.222426494697287,0.266390685002951,0.256644924824065,34.2823100408421,-1.55503415289856,0.0982087012722332,2.3469587705867,-6.83540979501896,2.25240840062281,0.222009718580183,0.00635067431345063,-8.81285176357769,1.04814762570848,2.60357464159085,1.53345204128108,0.567377037349863,1.40736302530674,-1.97628539051979,-0.677713151620104,1.55859826522062e-12,0.148221231484157,0.923533307165432,0.0386943774471081,2.81812252887336e-05,0.0456965243928796,0.828374291970693,0.995046640457282,2.57340703356882e-06,0.317054851262272,0.024537085222956,0.153407980880974,0.581852217020942,0.186943596196997,0.0737359123551331,0.511956457738123,4.67579479566186e-11,1,1,1,0.00107088656097188,1,1,1,9.52160602420465e-05,1,0.932409238472329,1,1,1,1,1,TRUE,FALSE,FALSE,FALSE,TRUE,FALSE,FALSE,FALSE,TRUE,FALSE,FALSE,FALSE,FALSE,FALSE,FALSE,FALSE,FALSE,TRUE,TRUE,TRUE,TRUE,FALSE,TRUE,TRUE,TRUE,TRUE,TRUE,TRUE,TRUE,TRUE,TRUE,TRUE
"3","250a576e3788b3f444938c7b08afb2e3",-21.8736232725605,-0.124510041450025,0.0107284470923304,0.314973540980633,0.0452326131145043,-0.0842301030869815,0.0671212030928301,-6.03896217012904,-0.00167633635973656,0.70625704940297,0.201185381670395,0.271438333258764,0.0366584459972894,0.115056134770521,-0.310582619498062,-0.628919352380755,1.40583485869498,0.470461985825304,0.0376323608194179,0.278982099724706,0.150852003035317,0.0756652655177288,0.10569583586117,7.91042243544335,0.0485378121920595,0.456627746663413,0.167540594676005,0.274884832395614,0.299268381726802,0.149692037634114,0.274823654204106,0.255116559495756,-15.5591697967039,-0.264654839713785,0.285085677824249,1.12900985866635,0.299847613583988,-1.11319378199031,0.635041130484958,-0.763418416577973,-0.0345367103301537,1.54668010116249,1.20081573101405,0.987462025071322,0.122493548385457,0.76861893651116,-1.13011603894692,-2.46522355751359,6.97622424729703e-12,0.79428208721008,0.778832789561413,0.273716346278292,0.767728485567684,0.280270800221253,0.533391641472882,0.45510425675882,0.972829281092654,0.139341486466039,0.245386961817475,0.336504890721951,0.903865430796922,0.452087042505624,0.273262212270982,0.0239766708200401,1.81381830429723e-10,1,1,1,1,1,1,1,1,1,1,1,1,1,1,0.815206807881364,TRUE,FALSE,FALSE,FALSE,FALSE,FALSE,FALSE,FALSE,FALSE,FALSE,FALSE,FALSE,FALSE,FALSE,FALSE,FALSE,FALSE,TRUE,TRUE,TRUE,TRUE,TRUE,TRUE,TRUE,TRUE,TRUE,TRUE,TRUE,TRUE,TRUE,TRUE,FALSE
"4","ed32eeb458a2b9bdee12e2db96fcb98b",-10.6459643938341,0.317649366011531,0.0553111188586801,-0.446920609339608,-0.0602642021510633,-0.0985598117296423,0.147607945595079,-10.3929730761442,-0.040925910415227,0.297334427055532,0.16795225233814,-0.158616172246212,-0.165132504831507,-0.00471041323696836,0.108680740233109,-0.523342025431183,1.40571969817144,0.526747929079367,0.0426845188800658,0.29297405865016,0.168686349471598,0.161017449353813,0.229163012291125,20.6815788849089,0.0516929894764114,0.681488238149247,0.133001652192243,0.283628733068484,0.352408918261122,0.197164693748787,0.249275757528135,0.270079188998189,-7.57331949440726,0.603038661332202,1.29581216586023,-1.52546137155875,-0.357255950702816,-0.612106402909606,0.644117670296461,-0.502523193900243,-0.791711039151689,0.436301626955468,1.26278320283855,-0.559238729201364,-0.468582082559981,-0.0238907542086112,0.435985999243599,-1.93773547444521,1.67997807684111e-06,0.555491933465179,0.214625840398137,0.147950062390868,0.725876733588021,0.549634087366712,0.529226135190462,0.622596544083747,0.440870043785946,0.668832340158258,0.225945403409937,0.584252793372073,0.646105546274276,0.981254676130787,0.669056263576443,0.0717160169088933,1.511980269157e-05,1,1,1,1,1,1,1,1,1,1,1,1,1,1,1,TRUE,FALSE,FALSE,FALSE,FALSE,FALSE,FALSE,FALSE,FALSE,FALSE,FALSE,FALSE,FALSE,FALSE,FALSE,FALSE,FALSE,TRUE,TRUE,TRUE,FALSE,TRUE,TRUE,FALSE,TRUE,TRUE,TRUE,TRUE,TRUE,TRUE,TRUE,TRUE
"5","0f898170dbe4592000abdcde0dd2ba2e",-51.1842311519101,-0.834615898860569,0.0197982072536664,0.0294210787385156,0.501618480878586,-0.354250528938593,0.148074713919151,-10.1752432157353,0.191733538100297,-0.664395478027512,-0.00770460581665482,0.117860659523895,0.426742141497371,0.163965791838675,-0.085248006973252,-0.097486697996252,1.40532569324556,0.421935022477693,0.0334303341733888,0.215492975541207,0.108268258027818,0.0564802419086494,0.0637998522006633,4.98873439282919,0.0431108892997819,0.350793316091454,0.12131986798996,0.205854550297511,0.263115904982517,0.120300437977569,0.216950792944116,0.187442893321584,-36.4216148597566,-1.97806736677018,0.592222834237359,0.136529177643147,4.63310752399566,-6.27211422910608,2.32092565753016,-2.03964420923295,4.44745031277438,-1.89397986663549,-0.0635065463250622,0.572543377610826,1.62187892642114,1.36296920107014,-0.392937061056102,-0.520087458471952,2.57759029492675e-18,0.0634354820429532,0.561067647002047,0.89291839148875,0.0002066541649116,6.48619149585238e-06,0.0322315936824152,0.0563410458137051,0.000311066394999723,0.0744130220986028,0.950063080722903,0.574036507001936,0.122213832650755,0.189700795251488,0.698980659305606,0.609340378410986,9.79484312072167e-17,1,1,1,0.00702624160699442,0.000252961468338243,1,1,0.00902092545499195,1,1,1,1,1,1,1,TRUE,FALSE,FALSE,FALSE,TRUE,TRUE,FALSE,FALSE,TRUE,FALSE,FALSE,FALSE,FALSE,FALSE,FALSE,FALSE,TRUE,FALSE,TRUE,TRUE,FALSE,TRUE,FALSE,FALSE,FALSE,FALSE,TRUE,TRUE,FALSE,TRUE,TRUE,TRUE
"6","b5c3abd1c966bb0457d8dfe34c35b160",-49.0360512004862,-0.822705629624538,0.00685284903533382,0.0990939452143147,0.462641097162222,-0.306991797292178,0.154169554917368,-11.8151687549886,0.180019754095861,-0.253477577972452,0.114557740305691,0.713138753470268,0.000413104393513082,0.134735093135147,-0.00744221815486531,-0.901543891990548,1.40501750538985,0.4679145217416,0.0484907672689129,0.288826778199467,0.206492290084395,0.231063206896635,0.366258153390855,33.673397052589,0.0561558091494798,0.95640964813974,0.100282723142411,0.268722180964106,0.30444819152403,0.228913989281545,0.204181323683674,0.240007652457454,-34.9006692175556,-1.75823914710402,0.141322759389026,0.343091266786486,2.24047637310399,-1.32860528257755,0.420931393581416,-0.350875462209422,3.20571917353503,-0.265030343917459,1.14234772168091,2.65381425125276,0.0013568955408969,0.588583919916899,-0.0364490640994919,-3.75631311235114,6.43112889066377e-11,0.112574064474137,0.890727699957145,0.739407615100179,0.0518029380050739,0.216678495374428,0.683678780484218,0.733754898199486,0.0107323658811721,0.796956278770014,0.282788514901735,0.0263111914843797,0.998946954683922,0.570614632055684,0.971719938928641,0.00451056262702035,1.41484835594603e-09,1,1,1,0.984255822096404,1,1,1,0.236112049385787,1,1,0.894580510468911,1,1,1,0.171401379826774,TRUE,FALSE,FALSE,FALSE,FALSE,FALSE,FALSE,FALSE,FALSE,FALSE,FALSE,FALSE,FALSE,FALSE,FALSE,FALSE,FALSE,FALSE,FALSE,FALSE,TRUE,FALSE,FALSE,TRUE,TRUE,TRUE,FALSE,FALSE,TRUE,TRUE,FALSE,TRUE
"7","7d669e880492b330a9c9c649f65c2ba6",6.67632558077619,-0.2344345284068,0.00700060996608406,0.358389812228582,-0.653058727525956,0.236779965033978,0.0592801420857994,-4.17379880415243,-0.188402217966242,0.480839131636786,0.112626665404743,0.158434778658803,-0.436517238918602,0.0549723194310796,-0.119095493642284,-0.757147001491766,1.40507580742758,0.504936449138527,0.0524153735006952,0.309347972108186,0.22469762447873,0.252810417042441,0.40335999596201,37.0852835109848,0.0592507129545731,1.04411520215308,0.102933132646697,0.28526888763802,0.330494510653089,0.245558599590879,0.210475732213628,0.251771661791656,4.75157678004522,-0.464285216103471,0.133560241939156,1.15853292907071,-2.90638910420602,0.936591014737453,0.146965843611776,-0.112545959178555,-3.17974600762506,0.460523063590343,1.09417310547923,0.555387515163738,-1.32080027004383,0.223866398988543,-0.565839550192915,-3.00727649848979,0.00207970050068281,0.65653725239185,0.897508991048266,0.284639064204521,0.022777473501578,0.380147877632845,0.887302223017414,0.913550049268112,0.015496124491901,0.659105570497118,0.310094699497358,0.59592424141764,0.228108185437964,0.829254673079434,0.589172982732605,0.0197379767627093,0.00831880200273125,1,1,1,0.501104417034716,1,1,1,0.325418614329922,1,1,1,1,1,1,0.690829186694824,TRUE,FALSE,FALSE,FALSE,FALSE,FALSE,FALSE,FALSE,FALSE,FALSE,FALSE,FALSE,FALSE,FALSE,FALSE,FALSE,FALSE,TRUE,TRUE,TRUE,TRUE,TRUE,TRUE,TRUE,TRUE,TRUE,FALSE,TRUE,TRUE,TRUE,TRUE,TRUE
"8","632a77028290d1ecbd9bfe2958610b8c",-23.6602819526974,0.155308629025301,-0.0120061293949675,-0.33415660428164,0.049601975488417,-0.0512972833692206,0.0282356631885105,-0.871648018243109,0.0251233073306627,-0.103599633184665,0.0190177613766803,-0.327255158314515,-0.0254701516286792,0.0389315576160405,0.213592113437392,-0.0199834219773176,1.40538811834141,0.433890423216285,0.0339566597753413,0.23938166478326,0.114290391108338,0.0659402375165782,0.0730279498810191,5.10124613421699,0.0417317250798267,0.366219597765222,0.121115811486327,0.232106391212794,0.26365863672709,0.124782411427909,0.227163119318888,0.196472826077137,-16.8354077026213,0.35794435810325,-0.353572155636052,-1.39591561694665,0.433999525309162,-0.777935981142376,0.386641871153626,-0.170869625834453,0.602019381719914,-0.282889375164137,0.157021293448768,-1.40993600652077,-0.0966027585701395,0.311995554265536,0.94025876241625,-0.101710869519798,1.84093236159012e-12,0.724548061378992,0.727766927473405,0.1797208137665,0.669446092397207,0.446712299079433,0.70355407101201,0.866232350330319,0.554669471199547,0.780489166068034,0.876975931202111,0.175604164247319,0.92410933017039,0.758629025538454,0.359532805246564,0.920110636728329,5.33870384861135e-11,1,1,1,1,1,1,1,1,1,1,1,1,1,1,1,TRUE,FALSE,FALSE,FALSE,FALSE,FALSE,FALSE,FALSE,FALSE,FALSE,FALSE,FALSE,FALSE,FALSE,FALSE,FALSE,FALSE,TRUE,TRUE,TRUE,TRUE,TRUE,TRUE,TRUE,TRUE,TRUE,TRUE,TRUE,TRUE,TRUE,TRUE,TRUE
"9","5b239eddc0c4c102c7f721bae475cf22",-46.3919758819672,0.115144523969418,-0.0390730750447655,0.0781714801004758,0.529614954557312,-0.352752330224608,0.0306582776888227,-2.63425438011609,0.163956077525636,0.536529118640624,0.0134815838829196,0.0540339789992236,0.21448593207778,0.263575627697244,0.217762473241592,0.0314541495045036,1.40592794120045,0.510422370314307,0.0409603646362027,0.290363168626292,0.178151936667501,0.131691620761718,0.200224073694894,17.3624292179391,0.0532911252525897,0.588761984805849,0.144853687355389,0.311391821461023,0.378904691003247,0.183484066867164,0.254761381611695,0.219793789245647,-32.9974065686151,0.225586750632647,-0.953924004139134,0.269219682614379,2.97282737681249,-2.67862395636299,0.153119837805021,-0.151721533147813,3.07661128843716,0.911283561926218,0.0930703534653107,0.173524078910297,0.566068294139812,1.43650417280135,0.8547703418154,0.143107544632891,3.82395031032665e-16,0.824379077000857,0.354312856334487,0.791201535695172,0.00897369866940816,0.0164772425172693,0.880218229726474,0.881303165889491,0.00722517469934061,0.375671615804572,0.927003116650171,0.864415859642037,0.579200985049706,0.170124367834603,0.405295907190381,0.887992011097658,1.33838260861433e-14,1,1,1,0.233316165404612,0.558680865439872,1,1,0.173404192784175,1,1,1,1,1,1,1,TRUE,FALSE,FALSE,FALSE,FALSE,FALSE,FALSE,FALSE,FALSE,FALSE,FALSE,FALSE,FALSE,FALSE,FALSE,FALSE,FALSE,TRUE,TRUE,TRUE,TRUE,TRUE,TRUE,TRUE,TRUE,TRUE,TRUE,FALSE,TRUE,TRUE,TRUE,FALSE
"10","20f887a0f58476d52027e0798805c1d2",7.77788255552986,1.2289166357556,0.125278647296188,-1.62889701927236,-0.829802349839951,0.180402190710837,0.0967230957751716,12.3223865187221,-0.341104797517429,-1.55076407118521,-0.54405941800998,-0.469116555090128,-0.205814690812386,0.332981570305723,1.63143262372725,0.164362427003894,1.40517461247256,0.581061771374646,0.0613449493614775,0.352618271384729,0.261671259444752,0.30233941530144,0.482938141949196,44.478757743513,0.0675106685747997,1.24069581681234,0.109663671703819,0.337288817829947,0.3926830186699,0.291886558847568,0.239159160820066,0.282072098476559,5.53517156265997,2.11495007294714,2.04219986486546,-4.61943453149974,-3.17116351104333,0.596687635090423,0.200280506701719,0.277039808300834,-5.05260582835875,-1.24991480600741,-4.96116361559902,-1.39084526462613,-0.524124245325209,1.14079103751953,6.82153515731176,0.582696508770623,0.0311233470459811,0.168720916997204,0.177879951136419,0.0438058933808519,0.0867030473240662,0.611262833455375,0.859779456431448,0.807757255418473,0.0370104462714857,0.337759162606492,0.0383092150037557,0.298808293755738,0.65248657073757,0.372148767125337,0.0208211521549885,0.619041540300815,0.0311233470459811,1,1,1,1,1,1,1,0.703198479158228,1,1,1,1,1,0.666276868959633,1,TRUE,FALSE,FALSE,FALSE,FALSE,FALSE,FALSE,FALSE,FALSE,FALSE,FALSE,FALSE,FALSE,FALSE,FALSE,FALSE,FALSE,TRUE,TRUE,TRUE,TRUE,TRUE,TRUE,TRUE,TRUE,TRUE,TRUE,TRUE,TRUE,TRUE,TRUE,FALSE
"11","3a4c1eb8dbc9f93fbbfbd8702754c0df",-35.8976582187959,-0.435124845206984,0.0234205501404922,0.230570225286992,0.546366036464684,-0.257685326266728,0.0136198540112992,-2.7339341661431,0.032673739654231,0.268272208739161,-0.211865903326862,0.183526023323103,-0.0821465566465843,0.329220275969066,-0.133156055052374,0.414902900000216,1.40513058152961,0.489287941124508,0.0476148560584542,0.314598934856488,0.200777916738107,0.218765780453418,0.348068904637489,31.9431346380426,0.0551270907091785,0.930116484444097,0.110224998481715,0.282579296761374,0.342751642557725,0.217505227688974,0.230822941433208,0.244948771293005,-25.5475602699631,-0.889302205582578,0.491874849138262,0.732902116760732,2.7212456695492,-1.17790508978436,0.0391297637618166,-0.0855875353850568,0.592698421663507,0.288428614292864,-1.92212207979307,0.649467336873172,-0.239667871563152,1.51362006084673,-0.576875306352094,1.69383539999028,1.93792562254736e-10,0.394730253470165,0.633425742940768,0.480445091135371,0.0215142769971955,0.266105740555423,0.969557107147767,0.933483665840913,0.566543805197362,0.778908689906173,0.0835154830587802,0.530670418823811,0.815428802638019,0.161067424894382,0.576778396713512,0.121162115567463,3.87585124509472e-09,1,1,1,0.494828370935496,1,1,1,1,1,1,1,1,1,1,1,TRUE,FALSE,FALSE,FALSE,FALSE,FALSE,FALSE,FALSE,FALSE,FALSE,FALSE,FALSE,FALSE,FALSE,FALSE,FALSE,FALSE,TRUE,TRUE,TRUE,TRUE,TRUE,TRUE,TRUE,TRUE,TRUE,TRUE,TRUE,TRUE,TRUE,TRUE,FALSE
"12","969732ae717bf5a9282f4781499aadb4",-44.9365890819009,-0.702352616681978,0.00991078078711013,-0.0134914177558333,0.598856206125534,-0.243455266856746,-0.0399378827806999,1.3902760214652,0.165896863251414,-0.0699673310471511,0.0438512826070834,0.0494260387264646,0.217876729238015,0.0394753436973361,0.0872049464763229,-0.279897816492399,1.40566288914064,0.423874332922289,0.0353067825184183,0.328941460429392,0.146420375872397,0.099815083991438,0.143770165076834,12.9917594171029,0.0460577309554435,0.527116453627898,0.133377813069569,0.29759554006876,0.303874891953823,0.145793642365582,0.312313656339301,0.270540119346948,-31.9682545716017,-1.65698312478558,0.280704728105429,-0.0410146466128713,4.08997861504896,-2.43906288630313,-0.277789781762831,0.107012143377208,3.60193304815436,-0.132736002766748,0.328774940883241,0.166084608374993,0.716994839017905,0.270761763385748,0.279222328919177,-1.03458894439775,1.26249096720144e-16,0.115861334550631,0.782324453581344,0.967762072455995,0.000763082315665041,0.0259847373311501,0.784523829535212,0.916032090301358,0.00219965615022443,0.895960665471103,0.746341230593508,0.870049631004961,0.483112958878773,0.789834274941213,0.783442712864652,0.315354969416486,4.67121657864531e-15,1,1,1,0.0236555517856163,0.831511594596802,1,1,0.0549914037556108,1,1,1,1,1,1,1,TRUE,FALSE,FALSE,FALSE,TRUE,FALSE,FALSE,FALSE,TRUE,FALSE,FALSE,FALSE,FALSE,FALSE,FALSE,FALSE,FALSE,TRUE,TRUE,TRUE,FALSE,TRUE,TRUE,TRUE,FALSE,TRUE,TRUE,TRUE,TRUE,TRUE,TRUE,TRUE
"13","81b95cf5e2e0e3f7579b7dfa4b2ebed0",-36.1403224608714,-0.949255613073579,0.0283575857282552,0.575215953916086,0.0128098145430017,-0.0909679040336894,0.124471337723853,-7.06060314743651,0.0813173883945013,-0.369265389975574,-0.0784913991021244,-0.0224175288598303,-0.0617987128456381,0.0824811736699329,-0.38282340699578,-0.492527171107316,1.40556790654602,0.416288747141844,0.0349684665482147,0.251289026488337,0.125628015020712,0.0688915088617211,0.0797702752656221,6.07350898917412,0.0449676665535442,0.421163379047816,0.137303599893488,0.239791854294248,0.261378622131969,0.139032855414947,0.246630657087151,0.238398240308319,-25.7122564427934,-2.28028170252254,0.810947362794866,2.28906117371895,0.101966225772888,-1.32045161351133,1.56037242330409,-1.1625245241296,1.80835241467721,-0.876774687320691,-0.571663082126129,-0.0934874494624068,-0.2364336927847,0.593249512309634,-1.55221338465033,-2.06598492702938,1.21185822569182e-15,0.0349952618746213,0.42798893248114,0.0343803246867066,0.919910797245078,0.203228963658452,0.136081038840357,0.260204414064198,0.0872893746331656,0.392160653864246,0.574620210680518,0.926549062449138,0.815765773004136,0.560395303372796,0.138016112694846,0.0535311087835513,4.1203179673522e-14,1,1,1,1,1,1,1,1,1,1,1,1,1,1,1,TRUE,FALSE,FALSE,FALSE,FALSE,FALSE,FALSE,FALSE,FALSE,FALSE,FALSE,FALSE,FALSE,FALSE,FALSE,FALSE,FALSE,FALSE,TRUE,FALSE,TRUE,TRUE,TRUE,TRUE,TRUE,TRUE,TRUE,TRUE,TRUE,TRUE,TRUE,FALSE
"14","26de4690cd2c89c490c37a8d1418d67a",-11.0212680213624,-0.888114516032768,0.0136308108299971,0.676737222896802,-0.30665009781006,-0.00339717393212265,0.127165574591971,-3.30229628765043,-0.129875996488604,-1.51385376187442,-0.125499686717466,0.364465763329721,-0.0614442935207677,0.299388988387709,-0.898575302719572,-0.244254807898579,1.40509496536978,0.477662025096815,0.0439844002941879,0.283728731925583,0.181362751475325,0.193305059223159,0.303846300910924,27.8328766171689,0.0525610739653739,0.823884674622639,0.109445879002432,0.269142683212729,0.298469364938472,0.20215686928736,0.218689626487458,0.252963068442651,-7.8437887068095,-1.85929479290877,0.309901027155718,2.38515577292432,-1.69081079392303,-0.0175741594440154,0.418519410013324,-0.118647322483849,-2.47095401007527,-1.83745833428423,-1.14668261483538,1.35417303186225,-0.205864657277084,1.48097360947026,-4.10890684278115,-0.965574972672165,4.59833097545988e-06,0.0876688188191923,0.761951976078306,0.0344378922793811,0.116658164905578,0.98626739302022,0.682960316056975,0.907517780365233,0.0294419978548018,0.091017493765481,0.273863203388443,0.200633059137494,0.840347816075588,0.164386856875664,0.00144909868241804,0.353313773895382,3.6786647803679e-05,1,1,1,1,1,1,1,0.588839957096036,1,1,1,1,1,0.0565148486143034,1,TRUE,FALSE,FALSE,FALSE,FALSE,FALSE,FALSE,FALSE,FALSE,FALSE,FALSE,FALSE,FALSE,FALSE,TRUE,FALSE,FALSE,TRUE,TRUE,TRUE,TRUE,TRUE,TRUE,TRUE,TRUE,TRUE,TRUE,TRUE,TRUE,TRUE,FALSE,TRUE
"15","c5bd025300b4ef0c652dd11cef56ac29",-9.31537658052946,-1.68950590482966,-0.10355559416102,0.62403558088349,-0.0809045689695529,-0.0601647592232902,0.0294257358719785,-1.83239336388251,-0.0569161894926703,-1.00605092344791,-0.282516975162248,0.873747521466049,0.446059080695526,0.240999890939671,-0.181167667334648,-0.284021267458875,1.40507843510427,0.505531137639001,0.0521354823289708,0.313108982605464,0.224335471201703,0.252884413303172,0.403188438248717,37.0843791528721,0.0594861270908355,1.04436818474413,0.102292284274935,0.290439733929762,0.336179244123952,0.246504968515519,0.214630076069091,0.259304260457354,-6.62979115456867,-3.34204122958719,-1.98627862513273,1.99302995299183,-0.360641001336835,-0.237914066894907,0.0729825884883795,-0.0494114612605183,-0.956797698491264,-0.963310581597606,-2.76186006759725,3.00836083838773,1.32684896076172,0.977667478229749,-0.844092639077893,-1.0953204816532,0.000296008181809276,0.0123849864461501,0.0873693304056059,0.0865039161871299,0.729005173460037,0.818761622471862,0.943861603485357,0.961971703569347,0.370538614371722,0.367481073863633,0.0280207681550838,0.0197077448082025,0.226202705221831,0.360809197022794,0.426519927343156,0.309625186394105,0.00148004090904638,0.483014471399853,1,1,1,1,1,1,1,1,1,0.70947881309529,1,1,1,1,TRUE,FALSE,FALSE,FALSE,FALSE,FALSE,FALSE,FALSE,FALSE,FALSE,FALSE,FALSE,FALSE,FALSE,FALSE,FALSE,FALSE,TRUE,TRUE,TRUE,TRUE,TRUE,TRUE,TRUE,TRUE,TRUE,TRUE,TRUE,TRUE,TRUE,TRUE,TRUE
"16","95251fbafeb9956f566a3da93d145d63",-77.5952570425676,-0.506416135815168,-0.00394443851731287,0.320730500760027,0.878425526535718,-0.343717830704992,0.0235575391794364,-1.15715020131965,0.365104730209118,-0.22193522440719,-0.00322303901319297,0.0231863024591472,0.422474912509228,-0.0375035750426018,0.152282986869685,-0.261295650569383,1.40532732846632,0.429109276495344,0.0334711638887785,0.242844155178651,0.129074054682522,0.101339658749515,0.144981859065764,12.8023866870616,0.0423313609980288,0.500684283608194,0.120952579383607,0.241795474252422,0.29134082216953,0.141205402442561,0.217308408525738,0.243317766477955,-55.2150772782949,-1.18015657911479,-0.11784587265683,1.32072563378797,6.80559333706797,-3.39174055790511,0.162486116064705,-0.0903855062032369,8.62492302636145,-0.443263812492391,-0.0266471292271573,0.0958922102691715,1.45010544476116,-0.265595893598032,0.7007689573671,-1.07388644220954,1.27268443907211e-20,0.254188770678473,0.90757097467767,0.204097331814559,3.06276154168893e-06,0.00346923608603412,0.872838812801951,0.929037292603715,1.29163481468736e-07,0.66316422963058,0.979051493898481,0.924727521631771,0.165228753301155,0.793744475659188,0.492928172457991,0.297880795496522,4.96346931238125e-19,1,1,1,0.000119447700125868,0.124892499097228,1,1,5.0373757772807e-06,1,1,1,1,1,1,1,TRUE,FALSE,FALSE,FALSE,TRUE,FALSE,FALSE,FALSE,TRUE,FALSE,FALSE,FALSE,FALSE,FALSE,FALSE,FALSE,FALSE,TRUE,TRUE,TRUE,FALSE,FALSE,TRUE,TRUE,FALSE,TRUE,TRUE,TRUE,TRUE,TRUE,TRUE,TRUE
"17","cb3f42ad378ddeda014d895db355586b",-19.0733613953958,0.742522173990969,0.0105512404311027,-0.707688088818236,0.0190963247249835,0.0457053629357048,-0.0622177086025036,5.2342797540423,-0.00546168406843365,0.326351502397629,0.13860584261412,-0.376428213871986,-0.105462969831947,-0.0703587163687812,0.605794709200444,0.161823792565167,1.40499050258602,0.362958187867745,0.031771536509501,0.218467104615148,0.130349800522226,0.119639070955149,0.18392104809113,16.6823963097018,0.0410457940243206,0.526021428799202,0.0920699158969515,0.209144330374848,0.245624235658779,0.138760856963823,0.181009076379714,0.184886984473186,-13.5754379551245,2.04575127056103,0.332097266619368,-3.23933477337424,0.146500605666269,0.382027063323142,-0.338284874125313,0.313760664647336,-0.133063184627333,0.620414843445868,1.50544117765083,-1.79984899995767,-0.429367116600235,-0.507050171844388,3.34676426904489,0.875257893497833,3.3786742531477e-10,0.0575842989515082,0.744126606480436,0.00513495519012573,0.885356192819276,0.707467706185746,0.739546776641546,0.757756416791104,0.895802574357864,0.543721306811146,0.151696144088831,0.0907679784187276,0.673381954171702,0.619036258681386,0.00409513357169559,0.394383331051874,6.41948108098063e-09,1,1,0.200263252414904,1,1,1,1,1,1,1,1,1,1,0.155615075724433,1,TRUE,FALSE,FALSE,FALSE,FALSE,FALSE,FALSE,FALSE,FALSE,FALSE,FALSE,FALSE,FALSE,FALSE,FALSE,FALSE,FALSE,FALSE,TRUE,FALSE,TRUE,TRUE,TRUE,TRUE,TRUE,TRUE,TRUE,FALSE,TRUE,TRUE,FALSE,TRUE
"18","1e2270e7a0c8c2e951edc6813b58451a",-53.0716296294735,0.945480065034237,-0.0342898891299515,-0.469698659387771,0.538485824730685,-0.168885222936169,-0.00533485564600894,-2.6753251602996,0.265197197236291,0.427792772507071,-0.0488390940247067,-0.58083061364617,0.184906339038246,-0.174551828512929,0.543046413924976,0.178805561636015,1.40541540367103,0.414892482628047,0.0367797628212409,0.269565509401895,0.156604318370618,0.143352828893355,0.2220711942518,20.2453069865802,0.0482380540164152,0.632731198078695,0.125137023631489,0.273563755435218,0.302974527960179,0.177910601896652,0.208145565343405,0.238717067281553,-37.7622370516554,2.27885561831658,-0.932303160751993,-1.74242862311995,3.43851197932046,-1.17810875613629,-0.0240231771796566,-0.132145447933833,5.49767611160364,0.67610507243214,-0.390284926134499,-2.12320017584974,0.610303249857852,-0.981121004887194,2.60897421969592,0.749027137741789,2.75042878097872e-16,0.037733395823957,0.365944314398278,0.101892058698832,0.00365704774225003,0.257106367279902,0.981150794790089,0.896625537065697,6.13202647132388e-05,0.509264986123228,0.701812292529278,0.05078531142309,0.550796262671419,0.342093723455656,0.019743008484589,0.465425547852638,9.90154361152339e-15,1,1,1,0.0989729532533016,1,1,1,0.00202356873553688,1,1,1,1,1,0.651519279991437,1,TRUE,FALSE,FALSE,FALSE,TRUE,FALSE,FALSE,FALSE,TRUE,FALSE,FALSE,FALSE,FALSE,FALSE,FALSE,FALSE,FALSE,TRUE,TRUE,TRUE,FALSE,TRUE,TRUE,TRUE,FALSE,TRUE,TRUE,TRUE,TRUE,TRUE,FALSE,TRUE
"19","820d3c5095323f85949bc959fd15d1b7",-29.3048851244636,-0.727226922950891,-0.0307357096439058,0.108369342719083,0.0113929323025135,0.0431418637278767,0.0137827010741966,-0.358716109806493,0.0917752944370625,-0.721456624354345,0.00340151259552649,-0.300120596966467,0.180957995012501,-0.161756503131975,-0.176516080704095,0.0805465912102125,1.40508047164692,0.414656424270812,0.0397098660462426,0.269060915725646,0.17025349061565,0.176992827130097,0.278140009811007,25.5146817688275,0.0484645527048686,0.752004333600567,0.0990283837827767,0.25425612922019,0.293094794391728,0.183898827985739,0.203545797494247,0.234058447038496,-20.8563749306933,-1.75380599548107,-0.774006883027852,0.402768802101249,0.0669174667803624,0.243749220956653,0.0495531048681627,-0.0140592037579224,1.89365813393431,-0.959378280308624,0.0343488650989989,-1.18038687164374,0.617404329503876,-0.879595073572295,-0.867205724102871,0.344130247078692,2.23643166775585e-11,0.102992244773213,0.452773608111627,0.693663384005443,0.947665629278269,0.811229415554248,0.961231773704244,0.98899622399449,0.080738881474532,0.354872458068328,0.973120767925671,0.258994304567833,0.547630709788072,0.395047643095338,0.401553346204928,0.736251109199718,5.14379283583845e-10,1,1,1,1,1,1,1,1,1,1,1,1,1,1,1,TRUE,FALSE,FALSE,FALSE,FALSE,FALSE,FALSE,FALSE,FALSE,FALSE,FALSE,FALSE,FALSE,FALSE,FALSE,FALSE,FALSE,TRUE,TRUE,TRUE,TRUE,TRUE,FALSE,TRUE,TRUE,TRUE,TRUE,TRUE,TRUE,TRUE,TRUE,TRUE
"20","5431c93e93b57f0b74748eb702ea1e72",15.4699348961699,0.194779759603324,-0.0419380690792718,-0.234864397167278,-0.543271065648332,0.238562805316245,0.0628383293246055,-5.51134683395971,-0.183205388499782,0.528507763300585,-0.0381130671778755,-0.0470660124372371,-0.2786267561075,-0.145435159173826,0.246307690899722,0.414720341506844,1.40549770154529,0.417723891025946,0.0346776285255093,0.247098640634491,0.137290804906878,0.102688942176143,0.144330471401821,12.8004807182477,0.043886164187446,0.502025678711288,0.128966941941883,0.243395207498428,0.276033694502896,0.149958019471654,0.247435091709555,0.221110185553573,11.0067308393043,0.466288291830609,-1.2093695809799,-0.950488422616172,-3.95708267583414,2.32315963394615,0.435378120186843,-0.430557801325619,-4.17455915530182,1.05275045821815,-0.29552586580715,-0.193372798589475,-1.00939400390693,-0.969839156893621,0.995443650284026,1.87562748621709,3.72883904222847e-09,0.646928429070668,0.243071638584735,0.355182679355995,0.00101759045909608,0.0328310137810412,0.668765294744895,0.672199032883009,0.000635588926990296,0.307189779001048,0.77117135743028,0.848958584082695,0.326937835867024,0.345723893940893,0.333479357859357,0.0779877002960709,6.33902637178839e-08,1,1,1,0.0305277137728824,1,1,1,0.0177964899557283,1,1,1,1,1,1,1,TRUE,FALSE,FALSE,FALSE,TRUE,FALSE,FALSE,FALSE,TRUE,FALSE,FALSE,FALSE,FALSE,FALSE,FALSE,FALSE,FALSE,TRUE,TRUE,TRUE,FALSE,TRUE,TRUE,TRUE,FALSE,FALSE,TRUE,FALSE,TRUE,TRUE,TRUE,TRUE
"21","7c821085a5548386a8d91fe359fa3ff3",-11.2691079889132,-0.474148669965225,-0.0219636362729819,-0.0545945332444927,-0.0791544328055037,0.0279384339976132,0.0124806549550831,-1.29937902143257,-0.0285959155807298,-0.109212399005539,0.0783185656969429,0.0093600498950409,0.179637308618494,-0.0432357613782979,0.0231280732833476,-0.398943218126252,1.40519662391412,0.32982560622633,0.0273436893467149,0.223343432109742,0.103790738328883,0.0495675717433121,0.0580849567646519,4.75095751459442,0.0369688856997984,0.337191140501212,0.103777098524428,0.195675578090825,0.240602646630555,0.10107667881639,0.202020824945623,0.180164940221355,-8.01959512080486,-1.43757386028985,-0.803243336862318,-0.244442080650337,-0.762634836980216,0.563643386492557,0.214868972110148,-0.273498345847342,-0.773513051297775,-0.323888696610479,0.754680626174065,0.0478345329875369,0.746614017485547,-0.427752097561865,0.114483609744555,-2.21432215189093,2.36676360830924e-07,0.167712800972852,0.43231365494877,0.809653176831213,0.455559935035122,0.579951877773217,0.832285093588004,0.787583668228998,0.44925883152451,0.749755421312076,0.460201326829541,0.962374867698046,0.46493750792535,0.673905487745168,0.910121801976307,0.0399505859995154,2.60343996914017e-06,1,1,1,1,1,1,1,1,1,1,1,1,1,1,1,TRUE,FALSE,FALSE,FALSE,FALSE,FALSE,FALSE,FALSE,FALSE,FALSE,FALSE,FALSE,FALSE,FALSE,FALSE,FALSE,FALSE,FALSE,TRUE,TRUE,TRUE,TRUE,TRUE,TRUE,TRUE,TRUE,TRUE,TRUE,TRUE,TRUE,TRUE,FALSE
"22","386a607b118090dd71bfc8b4b4081447",13.5105322123747,-0.0908372673920641,0.00638942322215579,-0.0733490113872592,-0.535648432499556,0.272270359827912,-0.0823474369574326,6.75677394962843,-0.226112713903929,0.0678843517408686,0.00544259960759927,0.0211712158785842,0.143887922144751,0.000185610178109728,-0.0149731718495672,-0.171089391747479,1.40546252378688,0.412427421122932,0.0301351291210681,0.261204195919299,0.120438673559182,0.0571397030566925,0.0818784669011044,5.60109630699507,0.0414477627827334,0.392839583539316,0.133368526117016,0.281591935419303,0.289042078254463,0.117130499341835,0.212882537397859,0.243521127023491,9.61287261930817,-0.220250310090289,0.212025745650076,-0.280810999720391,-4.447478676659,4.76499430803434,-1.00572763602053,1.20633061445311,-5.45536595278248,0.172804255439993,0.0408087257620585,0.0751840277210331,0.497809602718384,0.00158464429975699,-0.0703353691316805,-0.702564881489623,1.63399619728695e-08,0.828154939895995,0.834469296513856,0.782057602288491,0.000311046906260703,0.000154791739978161,0.327876053766781,0.243306786596595,3.50297090333979e-05,0.864733540736511,0.967897629786021,0.940897588264235,0.624645227585789,0.998753067668039,0.94470227746331,0.491313766280939,2.61439391565912e-07,1,1,1,0.0102645479066032,0.00588208611917014,1,1,0.00119101010713553,1,1,1,1,1,1,1,TRUE,FALSE,FALSE,FALSE,TRUE,TRUE,FALSE,FALSE,TRUE,FALSE,FALSE,FALSE,FALSE,FALSE,FALSE,FALSE,FALSE,TRUE,TRUE,TRUE,FALSE,FALSE,TRUE,TRUE,FALSE,TRUE,TRUE,TRUE,TRUE,TRUE,TRUE,TRUE
"23","1c6bf8efe709f63c28e0225da6870395",-22.9029525468637,-0.193297908826124,0.00313071176277072,0.0236858945311974,0.0187249497935174,-0.00271801043596518,-0.00619797906479587,1.96208978976912,0.00368338482047143,0.0691320845537635,0.051066359564336,-0.0587644510270884,0.0875414476247187,0.0201730257897214,0.159363270679067,-0.142665798793986,1.40515308363361,0.337131735326333,0.025984270668001,0.218078792227115,0.101219788391193,0.0513628033822567,0.0618205622991564,4.70921406011508,0.0354530759483577,0.312876420768357,0.105825250473844,0.227915466525534,0.254391763630377,0.105583760223495,0.181463740326618,0.195050066432942,-16.2992579339745,-0.57336016924962,0.120484881133343,0.108611636598437,0.184992975100377,-0.0529178755243745,-0.100257565351851,0.416649097858416,0.103894647275085,0.220956518180533,0.482553637583476,-0.25783441520194,0.344120605067677,0.191061823778771,0.878209996069891,-0.731431685223417,3.18595762953148e-12,0.57349518395736,0.905433761070837,0.914712129138457,0.85530298408035,0.958380219604094,0.921248083220594,0.68186145741174,0.918401810312469,0.827613307956827,0.635228934098033,0.799459443999363,0.734743035634917,0.85061570001234,0.391402012705096,0.473930932286275,8.60208559973499e-11,1,1,1,1,1,1,1,1,1,1,1,1,1,1,1,TRUE,FALSE,FALSE,FALSE,FALSE,FALSE,FALSE,FALSE,FALSE,FALSE,FALSE,FALSE,FALSE,FALSE,FALSE,FALSE,FALSE,TRUE,TRUE,TRUE,TRUE,TRUE,TRUE,TRUE,TRUE,TRUE,TRUE,TRUE,TRUE,TRUE,TRUE,TRUE
"24","f2d099ef5556f02539ded15181a3d994",6.47387800427,-0.32066522942399,0.0235813739509497,-0.117102513217903,-0.382306038049683,0.222151119429035,-0.101744041894939,8.99221919033429,-0.185511082746397,-0.138728350139805,-0.043258526376342,-0.0798363441125822,0.224612923168604,-0.0218316588006193,0.115325720155265,-0.0587897586583571,1.40524360613063,0.34963754506688,0.0263610268232328,0.207554840247714,0.108464226808784,0.0526493989225627,0.0687075615464877,5.05979778824822,0.0379105738814082,0.321118214481296,0.1031888296923,0.23120507705771,0.277862576230147,0.10541903047586,0.193906735023977,0.203112303727975,4.60694357620738,-0.917136142695007,0.894554453780484,-0.564200348583259,-3.52472007866397,4.21944265224713,-1.48082743157897,1.77718943852251,-4.89338629709782,-0.43201644716384,-0.419217143031227,-0.345305324297245,0.808359751845684,-0.207094095838974,0.594748398713457,-0.289444595818742,0.000218882095472632,0.371196830022537,0.382831324396398,0.579580785062743,0.00242014123231452,0.000515471428233521,0.15594499359254,0.0924387389064386,0.000117000181766245,0.670860248069984,0.680017839146351,0.733867286437949,0.42943845492776,0.838261131700328,0.55941448450514,0.775548676468629,0.00131329257283579,1,1,1,0.0701840957371211,0.0190724428446403,1,1,0.00374400581651985,1,1,1,1,1,1,1,TRUE,FALSE,FALSE,FALSE,TRUE,TRUE,FALSE,FALSE,TRUE,FALSE,FALSE,FALSE,FALSE,FALSE,FALSE,FALSE,FALSE,TRUE,TRUE,TRUE,FALSE,FALSE,FALSE,FALSE,FALSE,TRUE,TRUE,TRUE,TRUE,TRUE,TRUE,TRUE
"25","2ddd18d49a8163e0fc79e28ea6273254",47.9201726994509,-0.82598400485534,0.0207237985624222,0.353447600272194,-1.16690847005889,0.535297421814825,-0.0872566386959343,0.987266946390827,-0.453941343398806,-0.66693085189049,-0.173685306609827,0.4252504084075,-0.135819225551815,0.14356796977374,-0.141269399520612,-0.793754360106421,1.40504450778948,0.448368965198757,0.0425399815720903,0.28066126173232,0.179288785848642,0.192060532509341,0.302614625540431,27.7610993123581,0.0515656023747856,0.811153925002295,0.100354208228014,0.261194787526819,0.283459932016942,0.197839071507185,0.212927113787782,0.226296403743998,34.1058040750912,-1.84219709428191,0.487160496938688,1.25933874197891,-6.50854131526113,2.78712869750474,-0.288342437316455,0.035562962953392,-8.80318123891001,-0.822200116813344,-1.73072270387703,1.62809684080635,-0.479147880215032,0.725680567948509,-0.663463647290175,-3.50758715991072,2.56817695233448e-13,0.0902810853710468,0.634922132940543,0.231852749582145,2.89997588326971e-05,0.0164317901599962,0.778004560542788,0.972215574366193,1.3936216982104e-06,0.426998508634265,0.10910788714079,0.129457427551103,0.640446580127917,0.481948201470923,0.519576458098429,0.00432106347840668,8.21816624747032e-12,1,1,1,0.00107299107680979,0.558680865439872,1,1,5.29576245319951e-05,1,1,1,1,1,1,0.16852147565786,TRUE,FALSE,FALSE,FALSE,TRUE,FALSE,FALSE,FALSE,TRUE,FALSE,FALSE,FALSE,FALSE,FALSE,FALSE,FALSE,FALSE,TRUE,FALSE,TRUE,FALSE,TRUE,TRUE,TRUE,FALSE,TRUE,TRUE,FALSE,TRUE,TRUE,TRUE,FALSE
"26","e1a9800482df461df81429b3b8f859a1",188.068723871225,0.91473821501658,-0.060042051575646,-1.42846361162684,-4.06164354506585,1.53186584460159,0.499924803406735,-34.5334842529067,-1.1593291447199,1.32517823094381,-0.266569574611639,-0.560841698315054,-1.92183930170018,-0.601957737091314,-0.646442114096803,0.19294641078872,1.40493159235408,0.561459815912126,0.0611884453916844,0.351380844004047,0.264769158823562,0.309522974749838,0.4963685838622,45.7664716883066,0.0678614005579438,1.2682434358732,0.104875823491669,0.323185880476052,0.359693728427087,0.293929288443206,0.223164587663096,0.28283557457636,133.863260599117,1.62921404006542,-0.981264537631248,-4.06528595967054,-15.3403197076003,4.94911838398965,1.00716447345814,-0.75455858795709,-17.0837786309759,1.04489263926796,-2.54176382827463,-1.73535334368239,-5.34298807517227,-2.04796786424238,-2.89670561474885,0.682185793204129,0.00475565833085636,0.350458962883717,0.506019897927995,0.153550417161893,0.0414411380347956,0.126924081299201,0.49772762713181,0.58848119521588,0.0372221030542179,0.486026184851938,0.238622719680373,0.332808469082138,0.117787788510989,0.289174932693041,0.211618725951955,0.618874967531433,0.0142669749925691,1,1,1,0.870263898730708,1,1,1,0.703198479158228,1,1,1,1,1,1,1,TRUE,FALSE,FALSE,FALSE,FALSE,FALSE,FALSE,FALSE,FALSE,FALSE,FALSE,FALSE,FALSE,FALSE,FALSE,FALSE,TRUE,TRUE,TRUE,FALSE,TRUE,FALSE,TRUE,TRUE,FALSE,FALSE,FALSE,TRUE,TRUE,TRUE,TRUE,TRUE
"27","c38ee4acf990375c9b9df651cf77bf7c",33.3022845266648,0.311195969705008,-0.0137216623107146,-0.601683119290861,-0.795515446267523,0.411218349052207,-0.00852745284452617,-0.306885135122627,-0.300914752409742,-0.103547524798381,0.250733439597424,-0.502418360835097,-0.363769574568928,-0.219560955383567,0.656817989029349,-0.0150758964656566,1.40533676677519,0.520493181097444,0.0529179813699808,0.335174781194696,0.228517609629606,0.253279306018785,0.403330347143579,37.1273946152671,0.0603824040828788,1.05031854170006,0.111777873960148,0.313362898151139,0.371511188187834,0.248122530433826,0.245548199425423,0.284516023985982,23.6970136368689,0.597886737053616,-0.259300562029727,-1.79513242955279,-3.48119975330102,1.62357657842646,-0.0211426016041648,-0.00826573311439508,-4.98348412886504,-0.0985867817117431,2.24314017358048,-1.60331157198059,-0.979161829131802,-0.884889231943908,2.67490452207056,-0.0529878642842251,6.05590743974894e-08,0.568745835145144,0.802863667154136,0.115705697539161,0.0102496478024322,0.148495170962847,0.983721944243286,0.993635609656833,0.00159469968872472,0.924230104488643,0.0598002074541776,0.152900378366718,0.36012012605443,0.405584369162683,0.0317730018014559,0.959222057197964,8.47827041564851e-07,1,1,1,0.256241195060806,1,1,1,0.0414621919068427,1,1,1,1,1,0.953190054043676,1,TRUE,FALSE,FALSE,FALSE,FALSE,FALSE,FALSE,FALSE,TRUE,FALSE,FALSE,FALSE,FALSE,FALSE,FALSE,FALSE,FALSE,TRUE,TRUE,TRUE,TRUE,TRUE,TRUE,TRUE,FALSE,TRUE,TRUE,TRUE,TRUE,TRUE,TRUE,TRUE
"28","01491b7ad3b35c7e644dd24ae831bee2",-10.2912371917398,0.0457171589883946,-0.00135294647686985,-0.457831288909234,-0.263797591875495,-0.0120890698085701,0.163927325382757,-7.11699313718281,-0.0835423042778049,0.483769575707972,0.123348871766623,0.0265681116916283,-0.275043047684099,0.0856022134565394,0.411302466612335,-0.341243806034894,1.40510326356145,0.51877326627093,0.0533450266990857,0.313792218721673,0.224336938385798,0.253541952608031,0.403362015932138,37.0811372968006,0.0612265835060505,1.05409745739584,0.107002338921005,0.316784867211514,0.357841189417513,0.250691299590741,0.219198781216914,0.263710460090257,-7.32418567277047,0.0881255106243634,-0.0253621857666637,-1.45902690249729,-1.17589904620092,-0.0476807474432424,0.406402484388455,-0.191930281971068,-1.36447764179997,0.458941981420894,1.15276799563873,0.0838679951018275,-0.768617632117222,0.34146463637265,1.87639029892835,-1.29400936890444,0.000159416230650901,0.932245072109919,0.980473942945627,0.187923834325573,0.278073728722325,0.963302530297865,0.696584434981796,0.853245777194232,0.214658780297898,0.660186407955639,0.28684674067458,0.935509466370795,0.467254868737616,0.742774842663698,0.102709160878611,0.236716885494709,0.0011159136145563,1,1,1,1,1,1,1,1,1,1,1,1,1,1,1,TRUE,FALSE,FALSE,FALSE,FALSE,FALSE,FALSE,FALSE,FALSE,FALSE,FALSE,FALSE,FALSE,FALSE,FALSE,FALSE,FALSE,TRUE,TRUE,TRUE,TRUE,TRUE,TRUE,TRUE,TRUE,TRUE,FALSE,TRUE,TRUE,TRUE,TRUE,TRUE
"29","a67690654fca1914946ee270222b7247",-4.48713189934203,0.563511685378255,-0.0128405399157196,-0.772301424721292,-0.0413750611353519,0.114699371920229,-0.0506550953513903,0.156400355646577,-0.0456439341839271,0.323658965706204,0.215025923606101,-0.83383128370724,-0.281020582862733,-0.217409937611443,0.736760341820291,0.229630415813581,1.40542561263234,0.519863848399128,0.0503407117824179,0.302922502779925,0.205793233166541,0.218821530375833,0.347078037736998,31.8930690971875,0.0585615223733974,0.927177818096481,0.119820246375196,0.286862161051582,0.364864549025673,0.224375273434966,0.240633615757406,0.26824292463791,-3.19272102273539,1.08396013131811,-0.255072673013025,-2.54950166340852,-0.20105161136114,0.524168584888466,-0.145947279412058,0.0049038979337479,-0.779418504404553,0.349079711991691,1.79457086853908,-2.90673151401555,-0.770205227153926,-0.968956758394583,3.06175153251678,0.856053952302935,0.00960966399785767,0.303824529124222,0.803836213316943,0.0288886324167915,0.844688674841064,0.611581329271757,0.886863081805322,0.996183721225085,0.453783861015147,0.734268161338293,0.102958414526812,0.0156520949727805,0.458986897979426,0.355417876764957,0.0120085523220764,0.412010600047721,0.0192193279957153,1,1,1,1,1,1,1,1,1,1,0.59477960896566,1,1,0.420299331272675,1,TRUE,FALSE,FALSE,FALSE,FALSE,FALSE,FALSE,FALSE,FALSE,FALSE,FALSE,FALSE,FALSE,FALSE,FALSE,FALSE,FALSE,TRUE,TRUE,TRUE,TRUE,TRUE,TRUE,TRUE,TRUE,TRUE,FALSE,TRUE,TRUE,TRUE,TRUE,TRUE
"30","95c08da59378a0eb674c2b7dab943428",-18.4460494599091,0.0813240437907376,0.0288720875241313,-0.62828711840082,0.13722568231113,0.000278358611571289,-0.105388159289771,9.4767360422467,-0.066363489634822,0.0405282311519769,0.00977074291696271,-0.0366109871343395,-0.293310455330395,0.13395406131718,0.259244263682723,0.595537124069048,1.40520809926529,0.46508219448973,0.0444142867584315,0.2870901639544,0.183091977027946,0.191574103610956,0.30305128282828,27.7577384744979,0.0516193096278752,0.809850364348212,0.103261476934226,0.262515077705674,0.310092234690743,0.19771366129425,0.221982991984025,0.230798586167006,-13.1269165538923,0.174859508177825,0.650063068245722,-2.18846619384917,0.749490417541261,0.0014530075115819,-0.347756849290382,0.341408794918698,-1.28563303370847,0.0500440981891699,0.0946213748539191,-0.139462416613597,-0.945881329865985,0.67751545563572,1.16785642614178,2.5803326353053,1.76808445050728e-08,0.864105642849364,0.527900542404834,0.049142788305312,0.468000838430383,0.998864543919906,0.73404654832734,0.738699706309593,0.222827442696231,0.960910584190218,0.92617721045471,0.891398062754969,0.362866773190351,0.510930540557062,0.26554509081946,0.0240829941348456,2.65212667576092e-07,1,1,1,1,1,1,1,1,1,1,1,1,1,1,0.815206807881364,TRUE,FALSE,FALSE,FALSE,FALSE,FALSE,FALSE,FALSE,FALSE,FALSE,FALSE,FALSE,FALSE,FALSE,FALSE,FALSE,FALSE,TRUE,TRUE,TRUE,TRUE,TRUE,TRUE,TRUE,TRUE,TRUE,TRUE,TRUE,TRUE,TRUE,TRUE,TRUE
"31","6a49b0df18b1abfe220ecc00d5cbf296",82.6929002526696,0.287712380656105,-0.0561233036307559,-0.536505543381708,-1.66833972585804,0.593557301975425,0.159331063210226,-11.4421601219817,-0.628143185783957,0.982535882127464,0.248117358017148,0.636137555768841,-1.24536857784467,0.00297438793463116,0.1992663073355,0.23546440546715,1.40501139897215,0.48553893542146,0.0500208285609124,0.30318081656194,0.214946136999531,0.241447222778155,0.384917028411608,35.4096433379142,0.0578533105243067,1.00138171466019,0.102399292718568,0.278723487616408,0.312941699216508,0.236026179647673,0.204796219960904,0.24840841853527,58.8556792586625,0.592562943291795,-1.12199868025801,-1.7695893475902,-7.76166415059454,2.45833145291878,0.413936125059778,-0.323136836279008,-10.8575149821382,0.981180171100765,2.42303781041799,2.28232489916431,-3.97955459743017,0.0126019407638219,0.972997975126394,0.947892212572972,7.71443873106126e-12,0.569839614894871,0.29440730654856,0.114757934477538,5.42537388647338e-05,0.0394211955208028,0.689795827565297,0.754876189740623,4.57786412020233e-06,0.355241301748997,0.0416522081950464,0.0518827071934542,0.00406422744413075,0.99025397389218,0.359051501522624,0.370933880660842,1.92860968276532e-10,1,1,1,0.00195313459913042,1,1,1,0.000164803108327284,1,1,1,0.158504870321099,1,1,1,TRUE,FALSE,FALSE,FALSE,TRUE,FALSE,FALSE,FALSE,TRUE,FALSE,FALSE,FALSE,FALSE,FALSE,FALSE,FALSE,FALSE,TRUE,TRUE,TRUE,FALSE,TRUE,TRUE,TRUE,FALSE,FALSE,FALSE,TRUE,TRUE,TRUE,TRUE,TRUE
"32","c4228a5878f56464e576996e95eefc5e",-90.8531301910366,1.13841013014987,-0.0538019246642099,-0.468791338168685,1.52288201030558,-0.590147774075245,-0.122548330357567,5.8713446452082,0.506763904156862,2.31558420214597,0.11887805737963,-1.51553726041273,0.879091779452623,-0.0818056908588301,0.847205562300794,0.203759000286184,1.40493696789422,0.50504659265588,0.0534147108004382,0.312752207919566,0.22989266464992,0.262870574513094,0.41977251699277,38.6420072874871,0.0607930073429418,1.08205951310976,0.101351332777333,0.289575107802776,0.32245184726116,0.255149955020651,0.204287914791162,0.252825230790057,-64.6670507412238,2.2540695189395,-1.0072491989186,-1.49892255369545,6.62431753803291,-2.24501268416351,-0.291939861226497,0.151942020028277,8.33589135174933,2.13997860015217,1.17293038110118,-5.23365862456981,2.72627304485754,-0.320618088497053,4.14711542367481,0.805928267718593,9.19540594592123e-10,0.0650762352305371,0.352694196176593,0.184551480623304,0.000570319632101023,0.0658913741822107,0.780163780945582,0.884213021884918,0.000161836177565491,0.0761526230622761,0.285276720824869,0.00195028571323461,0.0343554919768569,0.759372453798352,0.00603048290925914,0.451035631761837,1.65517307026582e-08,1,1,1,0.0182502282272327,1,1,1,0.00501692150453021,1,1,0.0760611428161499,1,1,0.223127867642588,1,TRUE,FALSE,FALSE,FALSE,TRUE,FALSE,FALSE,FALSE,TRUE,FALSE,FALSE,TRUE,FALSE,FALSE,FALSE,FALSE,FALSE,TRUE,TRUE,TRUE,FALSE,TRUE,TRUE,TRUE,FALSE,TRUE,TRUE,FALSE,TRUE,TRUE,TRUE,FALSE
"33","f55e6f0203460ecfb665c9dbc579b714",29.296643103748,0.0380876320604047,0.0193226506807703,-0.67824467339326,-0.557944348054223,0.0798032659393531,0.0964291813124512,-5.82899295050299,-0.321123011953076,0.544451956682388,0.147626289324282,0.0169787314404691,0.191383536718896,0.150595013724395,0.778477506091492,0.877669229567595,1.40532608528324,0.542499329711009,0.055539392841594,0.319084703207396,0.227702969690429,0.253005294912144,0.403217204798817,37.0962619797448,0.0630860927712012,1.05846041617877,0.119079859154124,0.292604995438135,0.345022201039287,0.251945217455133,0.243309101176359,0.267055523108849,20.8468649451158,0.070207703446738,0.347908928998938,-2.12559444741674,-2.45031651898422,0.315421327316746,0.239149471215059,-0.157131544781674,-5.09023459604188,0.514381027727005,1.23972509182438,0.0580261161127677,0.554699193682043,0.597729201790517,3.19954125155073,3.28646724602609,1.46857783668798e-07,0.945991969903896,0.738135906110738,0.0711314423617131,0.0440867965903632,0.761637314878932,0.817840691425913,0.879577401393271,0.00141480297614386,0.622822534902449,0.255023003286068,0.95534951654678,0.596370362782606,0.568845229015855,0.0150754152227322,0.0133674114569771,1.76229340402557e-06,1,1,1,0.881735931807263,1,1,1,0.0381996803558843,1,1,1,1,1,0.512564117572894,0.481226812451176,TRUE,FALSE,FALSE,FALSE,FALSE,FALSE,FALSE,FALSE,TRUE,FALSE,FALSE,FALSE,FALSE,FALSE,FALSE,FALSE,TRUE,TRUE,TRUE,TRUE,FALSE,FALSE,TRUE,TRUE,TRUE,TRUE,FALSE,TRUE,TRUE,TRUE,TRUE,TRUE
"34","b73c9d186b67a61bce0ba79c990aef39",68.654058915352,-0.954089927494959,-0.0327073385555225,0.183179413389253,-1.24448582272656,0.554956850308162,-0.164069408553556,9.32479362731129,-0.63185423484752,0.166208661632558,0.24623186231514,0.817553570144126,0.155194105593648,0.335408135963087,-0.00983929573246761,-0.0652147115538152,1.40507604840191,0.559600754252011,0.0563720939404852,0.331093335961257,0.240396785500821,0.274456764590837,0.43713079908509,40.2302926415344,0.0644444149288249,1.13342631636346,0.127081670571632,0.311241523772135,0.342430156987422,0.276661316896507,0.227546978744359,0.274918492825538,48.8614541493585,-1.70494753669559,-0.580204428631892,0.55325611691166,-5.17679893320498,2.02201920996736,-0.375332529524233,0.231785379002792,-9.80463916920289,0.14664267031123,1.93758754671349,2.62674967091689,0.453213896109473,1.21234200619581,-0.0432407223631904,-0.237214713654058,6.78460992619835e-08,0.14892389551629,0.586940620647336,0.60391418813317,0.00353474833047506,0.0991146902935233,0.722808537847993,0.825892194683225,0.00018789712749236,0.889143286986934,0.110411561294625,0.0467159247735748,0.669384894043923,0.279535902614347,0.967183335976191,0.821903241611961,8.81999290405786e-07,1,1,1,0.0989729532533016,1,1,1,0.0056369138247708,1,1,1,1,1,1,1,TRUE,FALSE,FALSE,FALSE,TRUE,FALSE,FALSE,FALSE,TRUE,FALSE,FALSE,FALSE,FALSE,FALSE,FALSE,FALSE,FALSE,TRUE,TRUE,TRUE,FALSE,TRUE,TRUE,TRUE,FALSE,FALSE,FALSE,FALSE,TRUE,TRUE,TRUE,TRUE
"35","6960eba3db7d4d863d042ab497d7481a",-28.5702581808632,-0.494006991990279,-0.0902624501333723,0.159384354715833,0.208768515915186,-0.000844474371230154,-0.0316308885962695,1.35166079353635,0.0959797287553815,0.373787712071104,0.563796851689066,-0.0206082505036168,0.79825018903352,-0.176192626075935,0.438921012660608,-1.09886496607896,1.40509822077367,0.530594925602402,0.0538512516152321,0.328099912671721,0.233000620115957,0.264211739811525,0.421302368012036,38.7057023816536,0.0617035548463252,1.09022422050043,0.110012270157715,0.301199490780825,0.346375590940827,0.259890982088933,0.220291703129148,0.265861745430267,-20.3332818720188,-0.931043566670783,-1.67614396000113,0.485779936416211,0.8959998295768,-0.00319620305983586,-0.0750788293584094,0.034921489867525,1.55549755592562,0.342853979064537,5.12485426289993,-0.0684206020740348,2.30457979693462,-0.677948209898421,1.99245367131819,-4.13321955853623,9.19666709674449e-07,0.387759085880642,0.144726043524246,0.64435309091418,0.40476457785088,0.997553421543942,0.94259265350221,0.973275139690303,0.170828024527755,0.743400994927276,0.00216790083753633,0.947674010435368,0.0607181215145846,0.523074327216559,0.0933979088525796,0.00612489117902608,9.19666709674449e-06,1,1,1,1,1,1,1,1,1,0.0845481326639168,1,1,1,1,0.226620973623965,TRUE,FALSE,FALSE,FALSE,FALSE,FALSE,FALSE,FALSE,FALSE,FALSE,TRUE,FALSE,FALSE,FALSE,FALSE,FALSE,FALSE,TRUE,TRUE,TRUE,FALSE,FALSE,TRUE,TRUE,FALSE,TRUE,FALSE,TRUE,TRUE,TRUE,TRUE,TRUE
"36","6545176af2fa076f03140433793c0d00",29.7813455335939,-0.192080351125233,-0.0186030072564669,-0.206977702875993,-0.964822101599749,0.481973830586042,-0.0741960801436465,9.91150811441288,-0.3240234011718,0.576201355968164,0.0109109119188622,-0.277217308726996,-0.00154020884319479,-0.125923401305575,-0.0924377339321431,-0.164750507463743,1.4058195355717,0.569578412130709,0.0429403407538367,0.359829989323846,0.178550738849278,0.157351423979551,0.228651131636075,21.145553801288,0.055338949175531,0.752388468786971,0.176984163493081,0.342288485903348,0.378054969230184,0.193624187977486,0.380159504632676,0.346452816105129,21.1843304065928,-0.337232498694409,-0.433229148392464,-0.575209707409112,-5.40362984671934,3.06304079363576,-0.324494699032315,0.468727762230996,-5.85525034355138,0.765829594514038,0.0616490860171721,-0.809893759631967,-0.00407403411818935,-0.650349538561871,-0.243155130427318,-0.4755351949968,1.36874971675424e-12,0.740614183176801,0.671013501042053,0.573677308542904,7.31833803917167e-05,0.00789072327415313,0.750044687641069,0.646003780504103,3.16414830675811e-05,0.45566050137573,0.951656236091484,0.430662643060338,0.996803089089582,0.525303070873901,0.81117904241209,0.641256565238885,4.24312412193814e-11,1,1,1,0.00256141831371009,0.276175314595359,1,1,0.00110745190736534,1,1,1,1,1,1,1,TRUE,FALSE,FALSE,FALSE,TRUE,FALSE,FALSE,FALSE,TRUE,FALSE,FALSE,FALSE,FALSE,FALSE,FALSE,FALSE,FALSE,TRUE,TRUE,TRUE,FALSE,TRUE,TRUE,TRUE,FALSE,TRUE,TRUE,TRUE,TRUE,TRUE,TRUE,TRUE
"37","719ab97ff4cf3c7b809b054134f4dc70",-28.5130344637169,1.03905440197961,-0.000622496342634604,-0.555856236438646,0.156963365373612,-0.108055387400916,0.0669861712772627,-5.77489264275125,0.0819766903723814,-0.118635177881901,0.281125033184515,-0.318456356640108,-0.138829866007996,-0.0530710938516665,0.745964695238544,-0.244262529318459,1.40592319283723,0.5582576539984,0.0448364094281787,0.27918893065057,0.174282441836168,0.155630311699489,0.224615162921817,20.387598834692,0.0579851705722812,0.70350107195914,0.142066926971839,0.277235863232972,0.361022931179785,0.195443040989346,0.25332054094481,0.287292292602572,-20.2806487644436,1.86124524139993,-0.0138837242003455,-1.99096803423897,0.900626383931222,-0.694308108882819,0.298226399348555,-0.283255163571522,1.41375268130312,-0.168635390350609,1.97882110338208,-1.14868384243815,-0.384545839108652,-0.271542509689866,2.94474617990439,-0.850223050210269,2.57807669808338e-12,0.0824228333893079,0.98910572712135,0.0650227005750925,0.382019507795048,0.49810236398659,0.769621627729705,0.780853100193403,0.177852306245436,0.868336340528596,0.0664980866598552,0.268674842779613,0.705970993187085,0.789675407070692,0.0100400419929133,0.408567842329838,7.21861475463347e-11,1,1,1,1,1,1,1,1,1,1,1,1,1,0.36144151174488,1,TRUE,FALSE,FALSE,FALSE,FALSE,FALSE,FALSE,FALSE,FALSE,FALSE,FALSE,FALSE,FALSE,FALSE,FALSE,FALSE,FALSE,TRUE,TRUE,FALSE,FALSE,FALSE,TRUE,TRUE,FALSE,TRUE,TRUE,TRUE,TRUE,TRUE,TRUE,TRUE
"38","3fae853851bfe19cdb50e15749f373b6",-20.6766327206097,0.175824488750938,0.00360479193028537,-0.498447831588369,-0.0110451237881805,0.0460983852800313,-0.0138832166520696,0.610717047894679,0.0140380017919321,-0.0894214315926382,-0.0161048729802531,-0.541041384204536,0.0121506900886399,-0.0677581185448636,0.460692800895457,0.0952373471737897,1.40516346819008,0.372985810294218,0.0287205230231128,0.217363820437961,0.100662189428179,0.0604106595378836,0.061409040828938,5.01755922132965,0.0392658455069783,0.315547636623297,0.110900803233244,0.216418488176459,0.237426025011258,0.123646562109803,0.20062364436911,0.19072474897726,-14.7147525456538,0.471397259354837,0.12551275362863,-2.29314993904716,-0.109724652830654,0.76308362849644,-0.226077731628196,0.121715962075449,0.357511766541161,-0.283384887776516,-0.145218722594656,-2.49997765331118,0.0511767405787287,-0.547998402775581,2.29630362036426,0.499344462029648,1.77662098946136e-11,0.643020285684516,0.901508858712633,0.0340973658019442,0.913841803054071,0.455298913368411,0.823688230823006,0.904472507905325,0.724866306033505,0.780115372590677,0.886151945521438,0.0223090564740733,0.959748335193275,0.590424912017647,0.0338805940562465,0.623585015823303,4.26389037470725e-10,1,1,1,1,1,1,1,1,1,1,0.780816976592566,1,1,0.982537227631147,1,TRUE,FALSE,FALSE,FALSE,FALSE,FALSE,FALSE,FALSE,FALSE,FALSE,FALSE,FALSE,FALSE,FALSE,FALSE,FALSE,FALSE,TRUE,TRUE,FALSE,TRUE,TRUE,TRUE,TRUE,TRUE,TRUE,TRUE,FALSE,TRUE,TRUE,FALSE,TRUE
"39","a99fb503372ef5103fa41e0c743bbad2",-25.2514627010623,-0.407741227175102,-0.0138689082384437,-0.00624769971310276,0.104243500411152,0.0671367295848509,-0.0641119032936106,0.405243828662779,0.0934393105685736,0.307730386588861,-0.0475168909759463,-0.761308359509499,0.35865914054969,-0.231458727238789,0.0549860840801474,-0.453616755338811,1.40532264784018,0.502322719775045,0.0442814786487095,0.300102037957231,0.175661822971915,0.179924221981932,0.279675165583628,25.5808360392487,0.0538791270286489,0.780449458634508,0.114447141713122,0.277754103331994,0.319172572978024,0.199865763762745,0.254714768433009,0.232723428741479,-17.9684449972188,-0.81171169673094,-0.313198851114876,-0.0208185847574722,0.593432873731584,0.373138918403065,-0.229237026318806,0.0158416960274877,1.73423950463951,0.394298930166822,-0.415186349476987,-2.74094369939703,1.12371541578037,-1.15807091160218,0.215873168322428,-1.94916669022916,1.46082536849889e-10,0.431569242612219,0.759097815597184,0.983706520325314,0.563074612646517,0.71505867839408,0.822251778837361,0.987601231895756,0.106507755597995,0.69975250859426,0.684776185932816,0.0168264528096701,0.281456786123091,0.267668656819288,0.832436853446713,0.0731853221109291,3.06773327384767e-09,1,1,1,1,1,1,1,1,1,1,0.622578753957795,1,1,1,1,TRUE,FALSE,FALSE,FALSE,FALSE,FALSE,FALSE,FALSE,FALSE,FALSE,FALSE,FALSE,FALSE,FALSE,FALSE,FALSE,FALSE,TRUE,TRUE,TRUE,TRUE,TRUE,FALSE,TRUE,TRUE,TRUE,TRUE,TRUE,TRUE,TRUE,TRUE,TRUE
