"","taxon","lfc_(Intercept)","lfc_UC_case_control","lfc_F1_SDC_AGE_CALC","lfc_PM_BIOIMPED_WEIGHT","lfc_PM_WAIST_AVG","lfc_PM_WAIST_HIP_RATIO","lfc_PM_STANDING_HEIGHT_AVG","lfc_A_SLE_LIGHT_EXP","lfc_NUT_VEG_DAY_QTY","lfc_REFINED_GRAIN_SERVINGS_DAY_QTY","lfc_PM_BIOIMPED_FFM","se_(Intercept)","se_UC_case_control","se_F1_SDC_AGE_CALC","se_PM_BIOIMPED_WEIGHT","se_PM_WAIST_AVG","se_PM_WAIST_HIP_RATIO","se_PM_STANDING_HEIGHT_AVG","se_A_SLE_LIGHT_EXP","se_NUT_VEG_DAY_QTY","se_REFINED_GRAIN_SERVINGS_DAY_QTY","se_PM_BIOIMPED_FFM","W_(Intercept)","W_UC_case_control","W_F1_SDC_AGE_CALC","W_PM_BIOIMPED_WEIGHT","W_PM_WAIST_AVG","W_PM_WAIST_HIP_RATIO","W_PM_STANDING_HEIGHT_AVG","W_A_SLE_LIGHT_EXP","W_NUT_VEG_DAY_QTY","W_REFINED_GRAIN_SERVINGS_DAY_QTY","W_PM_BIOIMPED_FFM","p_(Intercept)","p_UC_case_control","p_F1_SDC_AGE_CALC","p_PM_BIOIMPED_WEIGHT","p_PM_WAIST_AVG","p_PM_WAIST_HIP_RATIO","p_PM_STANDING_HEIGHT_AVG","p_A_SLE_LIGHT_EXP","p_NUT_VEG_DAY_QTY","p_REFINED_GRAIN_SERVINGS_DAY_QTY","p_PM_BIOIMPED_FFM","q_(Intercept)","q_UC_case_control","q_F1_SDC_AGE_CALC","q_PM_BIOIMPED_WEIGHT","q_PM_WAIST_AVG","q_PM_WAIST_HIP_RATIO","q_PM_STANDING_HEIGHT_AVG","q_A_SLE_LIGHT_EXP","q_NUT_VEG_DAY_QTY","q_REFINED_GRAIN_SERVINGS_DAY_QTY","q_PM_BIOIMPED_FFM","diff_(Intercept)","diff_UC_case_control","diff_F1_SDC_AGE_CALC","diff_PM_BIOIMPED_WEIGHT","diff_PM_WAIST_AVG","diff_PM_WAIST_HIP_RATIO","diff_PM_STANDING_HEIGHT_AVG","diff_A_SLE_LIGHT_EXP","diff_NUT_VEG_DAY_QTY","diff_REFINED_GRAIN_SERVINGS_DAY_QTY","diff_PM_BIOIMPED_FFM","passed_ss_(Intercept)","passed_ss_UC_case_control","passed_ss_F1_SDC_AGE_CALC","passed_ss_PM_BIOIMPED_WEIGHT","passed_ss_PM_WAIST_AVG","passed_ss_PM_WAIST_HIP_RATIO","passed_ss_PM_STANDING_HEIGHT_AVG","passed_ss_A_SLE_LIGHT_EXP","passed_ss_NUT_VEG_DAY_QTY","passed_ss_REFINED_GRAIN_SERVINGS_DAY_QTY","passed_ss_PM_BIOIMPED_FFM"
"1","7e464b9b7f9ca86103a675a09263efec",12.2899769091408,-2.54851274034739,0.11673069091593,-0.103018908468881,0.0258798034554604,5.51982028408637,-0.710486088928615,-1.89516969614727,0.98464122685909,0.107455600951907,0.104697178329607,17.0573193390828,0.786766568197416,0.0832776505201046,0.191841920025768,0.323544274070482,20.1374324116532,0.137180868048617,0.853937022534085,0.402174319249379,0.712838238839361,0.179239475569866,0.720510454475762,-3.23922347919074,1.40170490145791,-0.536998944000582,0.0799884452593425,0.274107451796691,-5.17919225206256,-2.21933192511468,2.44829463178264,0.150743317483734,0.58411897265788,0.479155004600205,0.00392869041809599,0.175611060506327,0.596912669415231,0.937003824012159,0.786680234437032,3.93061447623776e-05,0.0376111507873806,0.0232242782282091,0.881616796684684,0.565362803276886,1,0.192505830486703,1,1,1,1,0.00216183796193077,1,1,1,1,FALSE,FALSE,FALSE,FALSE,FALSE,FALSE,TRUE,FALSE,FALSE,FALSE,FALSE,TRUE,TRUE,TRUE,TRUE,TRUE,TRUE,TRUE,TRUE,TRUE,TRUE,TRUE
"2","41f01f3e3cbf6beb908ae1ebb553208e",-203.609919494886,6.40355840970959,-0.415786308627232,0.631667527112606,-1.65711243363607,254.688901766004,-0.0426799322670244,NA,NA,NA,NA,42.8330000171627,0.161681786202355,0.0949150259164972,0.315120767090245,0.649285345263655,54.498834831143,0.287719683633863,NA,NA,NA,NA,-4.75357596743869,39.6059355856888,-4.38061628927991,2.00452522677348,-2.55220981918692,4.67329076952052,-0.14833859028337,NA,NA,NA,NA,1,1,1,1,1,1,1,1,1,1,1,1,1,1,1,1,1,1,1,1,1,1,FALSE,FALSE,FALSE,FALSE,FALSE,FALSE,FALSE,FALSE,FALSE,FALSE,FALSE,TRUE,TRUE,TRUE,TRUE,TRUE,TRUE,FALSE,TRUE,TRUE,TRUE,TRUE
"3","bc6f21affc11d8c4a5d6454f728e4add",-97.1366670570589,11.4272250662317,0.55088220296192,1.04392205839798,-1.24106114961024,NA,NA,NA,NA,NA,NA,44.2436068571808,0.16296783564371,0.0969444514951231,0.324261931050046,0.669942613442611,NA,NA,NA,NA,NA,NA,-2.19549611700099,70.1195117496346,5.68245211011001,3.21937902182191,-1.85248874262952,NA,NA,NA,NA,NA,NA,1,1,1,1,1,1,1,1,1,1,1,1,1,1,1,1,1,1,1,1,1,1,FALSE,FALSE,FALSE,FALSE,FALSE,FALSE,FALSE,FALSE,FALSE,FALSE,FALSE,TRUE,FALSE,TRUE,TRUE,TRUE,TRUE,FALSE,FALSE,TRUE,TRUE,TRUE
"4","c2ba82ad21732bcd0ef11c61560cf91c",-28.0302866339369,-3.09719091988317,0.00605900021571748,0.433809419476787,-0.597147782206427,69.6381577095338,-0.37370918291305,-1.91875626117343,1.79897749371702,0.100183309602831,-0.836296468889313,31.5641593233925,0.676677540196653,0.0851246602040493,0.246628846494516,0.486041444917591,39.5263078233998,0.22022110952964,0.96680044324937,0.201051807482021,0.85614547294044,0.153850281268285,-0.88804160271626,-4.57705588836756,0.0711779665398212,1.75895652776543,-1.22859436875321,1.76181792695314,-1.69697257320716,-1.98464561592936,8.94783049328164,0.117016690234605,-5.43578121531655,0.395376084611482,0.00101520358252455,0.944659511363702,0.109087892034772,0.247352677469647,0.108583374549388,0.120553781876775,0.0752885568159397,4.35996636897359e-06,0.90916364547394,0.000286546720148112,1,0.053805789873801,1,1,1,1,1,1,0.000239798150293548,1,0.0157600696081462,FALSE,TRUE,FALSE,FALSE,FALSE,FALSE,FALSE,FALSE,TRUE,FALSE,TRUE,TRUE,TRUE,TRUE,TRUE,TRUE,TRUE,FALSE,FALSE,FALSE,TRUE,FALSE
"5","250a576e3788b3f444938c7b08afb2e3",2.76757828076057,-1.62415189276597,0.0534438220555026,0.114566808924274,-0.159284303159778,19.8480143411931,-0.610475555600326,-1.73369093915333,0.565624408436145,-0.231208672167306,-0.175554164647347,15.1270221768227,1.0634761754721,0.0988068423248035,0.198526292194349,0.312485119383479,17.5472797263894,0.148230234529383,1.0824268636584,0.534965033945507,0.744895087004225,0.233642674845054,0.182955921423914,-1.52721041639223,0.540891913940727,0.577086327750069,-0.509734042613101,1.13111631265236,-4.11842804903147,-1.60167028125464,1.05731098771917,-0.310390921085502,-0.751378851332576,0.856435781466626,0.140344856331223,0.593782527463248,0.569487275388096,0.615094341280061,0.269662970156071,0.000419069017584225,0.122875251248751,0.301348940008785,0.759058933727401,0.460044496774779,1,1,1,1,1,1,0.0209534508792113,1,1,1,1,FALSE,FALSE,FALSE,FALSE,FALSE,FALSE,TRUE,FALSE,FALSE,FALSE,FALSE,TRUE,TRUE,TRUE,TRUE,TRUE,TRUE,TRUE,TRUE,TRUE,TRUE,TRUE
"6","eedb6e6a512baecd8df273d5495ca5c0",-87.7137419659551,5.98579411401707,-0.341093295884096,0.00236815409264783,0.0446501051496827,0.412617518404444,NA,NA,NA,NA,NA,43.5443383007028,0.162329279888825,0.0959356458456296,0.319725591813213,0.65969774607646,55.4424714088548,NA,NA,NA,NA,NA,-2.01435468740466,36.8743957843993,-3.55543857423913,0.00740683308839204,0.0676826704581582,0.00744226416895522,NA,NA,NA,NA,NA,1,1,1,1,1,1,1,1,1,1,1,1,1,1,1,1,1,1,1,1,1,1,FALSE,FALSE,FALSE,FALSE,FALSE,FALSE,FALSE,FALSE,FALSE,FALSE,FALSE,TRUE,TRUE,TRUE,TRUE,TRUE,TRUE,FALSE,TRUE,TRUE,TRUE,FALSE
"7","ed32eeb458a2b9bdee12e2db96fcb98b",10.8763776498805,-0.0820651222882229,0.144262474920543,0.203444760979592,-0.0861672225644958,-15.8087749978857,-0.620428524376223,-1.77947549257449,0.392621549197886,-1.11702430595812,-0.0484255999659479,27.4865419187271,0.906742734630517,0.0984513660340813,0.24365991299948,0.450395116253228,34.0937416922908,0.196696945599149,1.0191595832349,0.409673972317351,0.845201202747685,0.175400047311422,0.395698290532145,-0.0905054092566434,1.465317148272,0.83495376188543,-0.191314735562207,-0.46368553913988,-3.15423568213713,-1.74602243048757,0.958375624834044,-1.32160756791018,-0.276086584400793,0.698291949093764,0.92916773553824,0.164930250369639,0.417764858949537,0.851025865625014,0.650000087478082,0.00703218097186767,0.102702280022739,0.354132586949603,0.207489681354851,0.786515233247998,1,1,1,1,1,1,0.232061972071633,1,1,1,1,FALSE,FALSE,FALSE,FALSE,FALSE,FALSE,FALSE,FALSE,FALSE,FALSE,FALSE,TRUE,TRUE,TRUE,TRUE,TRUE,TRUE,FALSE,TRUE,TRUE,TRUE,TRUE
"8","645dd8b575c7e7c0952933bbe90b4bb9",-201.440514013149,3.51591317956673,-0.361388516083634,0.0966242466385374,-0.785623730369109,200.130392578112,NA,NA,NA,NA,NA,43.5443383007028,0.162329279888825,0.0959356458456296,0.319725591813213,0.65969774607646,55.4424714088548,NA,NA,NA,NA,NA,-4.62610116204012,21.6591435751744,-3.76698893198828,0.30220992348647,-1.19088436339459,3.60969465271977,NA,NA,NA,NA,NA,1,1,1,1,1,1,1,1,1,1,1,1,1,1,1,1,1,1,1,1,1,1,FALSE,FALSE,FALSE,FALSE,FALSE,FALSE,FALSE,FALSE,FALSE,FALSE,FALSE,TRUE,TRUE,TRUE,TRUE,TRUE,TRUE,FALSE,TRUE,TRUE,TRUE,TRUE
"9","0f898170dbe4592000abdcde0dd2ba2e",16.1121042490989,-0.792718107154195,0.0540865996189623,0.0229061896291762,-0.0967981085854259,5.39626181615283,-0.678309491214685,-1.31950010192157,0.871843382768001,-0.634668725485473,0.0296250108185184,16.187704448913,0.969785657572674,0.0961129236896794,0.207500751880696,0.31856835397988,18.9706609771243,0.145715516449202,0.998108037694325,0.431167973775147,0.720543133883879,0.19660206453006,0.995329776371158,-0.817415787668308,0.562740134652361,0.110390875317629,-0.303853497612445,0.284453020517307,-4.65502581841482,-1.32200127850856,2.02205042070835,-0.880819892161729,0.150685146106331,0.330398130966541,0.422455511013416,0.579301938998594,0.913100245701608,0.764094722271913,0.778723504590387,0.000121847150974572,0.19974948530804,0.0554975106435049,0.387936865450967,0.881597175981553,1,1,1,1,1,1,0.00633605185067775,1,1,1,1,FALSE,FALSE,FALSE,FALSE,FALSE,FALSE,TRUE,FALSE,FALSE,FALSE,FALSE,TRUE,TRUE,TRUE,TRUE,TRUE,TRUE,TRUE,TRUE,TRUE,TRUE,TRUE
"10","b5c3abd1c966bb0457d8dfe34c35b160",17.5575102204857,-0.542157791201042,0.0252897661183319,-0.0444598880784797,-0.0576495452245877,2.57559592492559,-0.672140495163145,-0.821647866273903,0.263478145522817,-0.641685157564903,0.101430152281268,30.6775003392727,0.711602859929123,0.0888763156328332,0.244335273367692,0.473846407165098,38.3459388450901,0.216115078265268,0.954231933300777,0.249494874373189,0.872634327262011,0.165067568977366,0.572325320717507,-0.761882535512915,0.284550118198073,-0.181962626458659,-0.121662936244447,0.0671673716304217,-3.11010458205112,-0.861056769952926,1.05604632634141,-0.735342557034472,0.614476561990055,0.57861086376583,0.462153297591344,0.781274289126369,0.858921920554408,0.905360067279207,0.947653762118275,0.00992361486653163,0.407584105571475,0.313589112601245,0.47751692542776,0.551398420610403,1,1,1,1,1,1,0.307632060862481,1,1,1,1,FALSE,FALSE,FALSE,FALSE,FALSE,FALSE,FALSE,FALSE,FALSE,FALSE,FALSE,TRUE,FALSE,TRUE,TRUE,TRUE,TRUE,FALSE,FALSE,TRUE,TRUE,TRUE
"11","ca39c1dfb5e738c293917a0ab7391c33",-437.199733976941,6.64688888862321,0.529361649703108,1.66795456210815,-4.90773834558405,311.208452076084,0.660909008926225,16.9061453630784,-8.8266432467372,6.74202622070612,3.6808615484368,39.0836704799344,0.231220800874509,0.0898573816600115,0.291573374544693,0.594850570170017,49.5226886713374,0.263679023114249,0.964169675165862,0.105769290936656,0.984341393918139,0.125647772007271,-11.1862506414642,28.7469330764523,5.89113147883637,5.72053111746829,-8.25037176005623,6.28415904761253,2.50649066095736,17.5344089308452,-83.4518523152755,6.84927634087367,29.2950801246503,0.0567600368499096,0.0221367325794861,0.107043757136699,0.110173596713228,0.0767879856927209,0.100463144354696,0.241669213609454,0.0362675990996399,0.00762822257765532,0.0922949055161521,0.0217228515332892,1,0.974016233497389,1,1,1,1,1,1,0.366154683727455,1,1,FALSE,FALSE,FALSE,FALSE,FALSE,FALSE,FALSE,FALSE,FALSE,FALSE,FALSE,TRUE,TRUE,TRUE,TRUE,TRUE,TRUE,FALSE,TRUE,TRUE,TRUE,TRUE
"12","7d669e880492b330a9c9c649f65c2ba6",-29.7743232875645,-0.595264605620606,0.0418421859890391,0.194334350699288,-0.267250454555251,43.8391289210739,-0.414197656387569,-1.0980740638114,1.40736906937041,-1.12773295740976,-0.508276441800951,35.0135748588393,0.446720905798227,0.0884337781870289,0.269990620976325,0.536550100495774,44.1151484906807,0.238014925705772,0.940669564735931,0.141373249255428,0.914939732518479,0.13679787842711,-0.850365134311554,-1.33252014377288,0.473147103367527,0.719781857593967,-0.498090400706869,0.99374320207343,-1.74021715301834,-1.16733240340316,9.95498849168861,-1.23257622040912,-3.71552868834715,0.427746536724508,0.231060519041218,0.652830701094906,0.498725099415687,0.636147795390153,0.358718736816052,0.132470602460147,0.287363679287958,5.94288209069983e-05,0.263836749774824,0.0099045963930719,1,1,1,1,1,1,1,1,0.00309029868716391,1,0.515039012439739,FALSE,FALSE,FALSE,FALSE,FALSE,FALSE,FALSE,FALSE,TRUE,FALSE,FALSE,TRUE,FALSE,TRUE,TRUE,TRUE,TRUE,FALSE,FALSE,FALSE,TRUE,TRUE
"13","494975433cf1f940b003816db0232f8b",-39.9288185123836,11.9791845516249,1.565467333222,-1.81408608265495,NA,NA,NA,NA,NA,NA,NA,44.9314012746427,0.163597883432879,0.0979418622637085,0.328732776869936,NA,NA,NA,NA,NA,NA,NA,-0.888661768377067,73.2233467833323,15.9836386305069,-5.51842167954155,NA,NA,NA,NA,NA,NA,NA,1,1,1,1,1,1,1,1,1,1,1,1,1,1,1,1,1,1,1,1,1,1,FALSE,FALSE,FALSE,FALSE,FALSE,FALSE,FALSE,FALSE,FALSE,FALSE,FALSE,TRUE,TRUE,TRUE,TRUE,TRUE,TRUE,FALSE,FALSE,TRUE,TRUE,TRUE
"14","632a77028290d1ecbd9bfe2958610b8c",-17.9197611134312,-1.39622365033988,0.0164648112012632,-0.0314916160217465,-0.0886372786678259,23.1559889899147,-0.511377869787204,-1.17788051311207,0.275544218571815,-0.12260018179949,-0.0526699571765702,12.9135029813022,0.867558931436393,0.0839911570412474,0.182926779945953,0.282560574253687,14.6034050583107,0.128084032164808,0.864989491266688,0.408843222998352,0.649582668030665,0.187249462961048,-1.38767622847013,-1.60937038366742,0.196030293917459,-0.17215421400328,-0.3136930157434,1.58565683122902,-3.99251851416738,-1.36172811924823,0.673960587021704,-0.188736842642641,-0.281282286975245,0.178534320987796,0.121176553323603,0.846308128659773,0.864822126964829,0.756581546458602,0.126471455460997,0.000573089966077372,0.186474201982876,0.507053850752119,0.851954552247816,0.78100896725468,1,1,1,1,1,1,0.0269352284056365,1,1,1,1,FALSE,FALSE,FALSE,FALSE,FALSE,FALSE,TRUE,FALSE,FALSE,FALSE,FALSE,TRUE,TRUE,TRUE,TRUE,TRUE,TRUE,TRUE,TRUE,TRUE,TRUE,TRUE
"15","5b239eddc0c4c102c7f721bae475cf22",6.51984879211656,-1.68495045143437,-0.00428554482255968,0.138497292304535,-0.28368365253734,30.7152920720317,-0.601400489993564,-2.38868442654219,-0.203079212453293,-0.235158638518309,-0.185713814410003,19.4862873856149,0.920601558634422,0.0942772811768099,0.213803497702435,0.352485669317627,23.3969019089094,0.160006921242212,0.934565502904055,0.439839641643745,0.741806241358046,0.241412590856859,0.334586505017349,-1.83027112612513,-0.0454568138693188,0.647778421741683,-0.804809038297983,1.31279312926193,-3.75859047424072,-2.55593045016067,-0.461711935955468,-0.317008169259668,-0.769279737029617,0.741420445325081,0.0821542294995778,0.9641940161227,0.52449549737701,0.430393915128401,0.204117927855086,0.00123635348628363,0.0188349112978204,0.649270486453281,0.754522788056998,0.450717542427091,1,1,1,1,1,1,0.0482177859650617,1,1,1,1,FALSE,FALSE,FALSE,FALSE,FALSE,FALSE,TRUE,FALSE,FALSE,FALSE,FALSE,TRUE,TRUE,TRUE,TRUE,TRUE,TRUE,TRUE,FALSE,TRUE,TRUE,TRUE
"16","51c79d7c5c2260b32f6ad5b82272898e",-60.0072834032504,5.69785748235185,-0.14273383942551,-0.0855131485350005,-0.144931886316659,17.6575384008485,-0.162836189917886,NA,NA,NA,NA,42.8330000171627,0.161681786202355,0.0949150259164972,0.315120767090245,0.649285345263655,54.498834831143,0.287719683633863,NA,NA,NA,NA,-1.40095915250405,35.241183414566,-1.50380656853091,-0.271366274348117,-0.223217553536198,0.323998457133219,-0.565954292251701,NA,NA,NA,NA,1,1,1,1,1,1,1,1,1,1,1,1,1,1,1,1,1,1,1,1,1,1,FALSE,FALSE,FALSE,FALSE,FALSE,FALSE,FALSE,FALSE,FALSE,FALSE,FALSE,TRUE,FALSE,TRUE,TRUE,TRUE,TRUE,FALSE,TRUE,TRUE,TRUE,TRUE
"17","20f887a0f58476d52027e0798805c1d2",38.6460838673401,-0.62110303933914,-0.0493859985102541,-0.353673600517708,0.583290519096021,-61.9949749221382,-0.607872978364216,1.22094296432975,0.205644340066147,-2.11167748183459,0.085743942239907,36.6532819684996,0.42151286506421,0.0897017336309057,0.281543820936459,0.562820549091232,46.2946111952623,0.249519219094981,0.959601231351986,0.191628669942236,0.979359191155644,0.145642076507584,1.05436898940054,-1.47350909264543,-0.550557904638297,-1.25619379370974,1.03637033160541,-1.33914020058738,-2.43617698295547,1.27234409923543,1.0731397349266,-2.15618283966152,0.588730566715326,0.351188683336076,0.214614812800468,0.611237929714018,0.277409711275487,0.358568799236342,0.251557201161509,0.0715026491846037,0.272182849188911,0.343636547558546,0.097304517664538,0.587681426200356,1,1,1,1,1,1,1,1,1,1,1,FALSE,FALSE,FALSE,FALSE,FALSE,FALSE,FALSE,FALSE,FALSE,FALSE,FALSE,TRUE,TRUE,TRUE,TRUE,TRUE,TRUE,FALSE,TRUE,TRUE,TRUE,TRUE
"18","3a4c1eb8dbc9f93fbbfbd8702754c0df",29.8105764551302,-0.861574387186341,0.2056538035285,-0.175904858680461,0.482752509998212,-36.2538601927667,-0.798392571928361,-0.171584338469365,1.31389109239847,-0.230975566443484,-0.0170374617354334,35.3189159363869,0.597952001957056,0.0931392502518431,0.271442743695,0.538993136799791,44.5209686678641,0.241644411274195,1.0329260870023,0.243096591058342,0.921524200816065,0.160467288309845,0.844039961725389,-1.44087549563588,2.20802511263966,-0.648036695643309,0.895656135557678,-0.814309779807988,-3.3039976704548,-0.166114827216077,5.40481084773063,-0.250645144467113,-0.106174049021978,0.431006730804471,0.199696841994533,0.0693315845547153,0.540951144186449,0.404934122986596,0.446574307612463,0.016326335692931,0.87352286723764,0.00165634634901948,0.810450782005189,0.918905119101231,1,1,1,1,1,1,0.473463735095,1,0.0828173174509741,1,1,FALSE,FALSE,FALSE,FALSE,FALSE,FALSE,FALSE,FALSE,TRUE,FALSE,FALSE,TRUE,TRUE,TRUE,TRUE,TRUE,TRUE,FALSE,TRUE,FALSE,TRUE,TRUE
"19","969732ae717bf5a9282f4781499aadb4",19.1023563168108,-2.59348047962354,0.00373993458532411,0.0043822743265759,0.00671464381427832,8.06534423537344,-0.657756919346562,-1.97412050523531,0.391198953013826,-0.278961065036832,-0.172722449947538,18.3247967466774,1.02369220224619,0.104166735078553,0.221469108363646,0.350864080879372,21.8388817545305,0.163177879739681,1.11752272556134,0.479701007482065,0.766245678424331,0.275181909078437,1.04243209793169,-2.53345729696183,0.0359033484394397,0.0197872938531018,0.0191374500275132,0.36931122783795,-4.03091963442526,-1.76651486370776,0.815505798220472,-0.364062170778533,-0.627666442630522,0.309064208317036,0.0193260598274772,0.971698526031312,0.984399857977655,0.984912122947745,0.71559347011637,0.000603442656230255,0.0918430636789506,0.423936301574982,0.719451471824865,0.536988611410109,1,0.869672692236473,1,1,1,1,0.0271549195303615,1,1,1,1,FALSE,FALSE,FALSE,FALSE,FALSE,FALSE,TRUE,FALSE,FALSE,FALSE,FALSE,TRUE,FALSE,TRUE,TRUE,TRUE,TRUE,TRUE,TRUE,TRUE,TRUE,TRUE
"20","81b95cf5e2e0e3f7579b7dfa4b2ebed0",2.45122310769065,-1.48421615974527,0.0504437376910474,0.101523260388528,-0.0965042601097588,7.3555126537738,-0.565930999842281,-1.51323593757961,0.273684155984562,-0.131124405465331,-0.176952310367492,14.3722994731932,1.04785342929393,0.0989107705002618,0.199908323861744,0.318942604195594,16.5418701061551,0.143037114112359,1.02610869617198,0.55132168924553,0.712247825154361,0.255165966660105,0.170551908709013,-1.41643489275535,0.509992364187618,0.507849090159654,-0.302575632230609,0.444660283666288,-3.95653256397307,-1.47473259238998,0.496414636542038,-0.184099411517211,-0.693479278148416,0.866067551326997,0.170050308297748,0.614916182187395,0.616395086559194,0.76493280467219,0.660721512667036,0.000626628797611837,0.153842407724874,0.624313064804323,0.855548979033799,0.494953265725444,1,1,1,1,1,1,0.0275716670949208,1,1,1,1,FALSE,FALSE,FALSE,FALSE,FALSE,FALSE,TRUE,FALSE,FALSE,FALSE,FALSE,TRUE,TRUE,TRUE,TRUE,TRUE,TRUE,TRUE,TRUE,TRUE,TRUE,TRUE
"21","26de4690cd2c89c490c37a8d1418d67a",13.3424757437864,1.65434827965958,-0.197275943107046,-0.121999304755091,-0.0291733804099633,7.98447268655633,-0.499036809385547,-0.449523960203028,0.642197191710425,0.322834830234172,-0.166513452465756,31.5678732829839,0.520442724542034,0.0852970448044566,0.247048816923966,0.486446767486753,39.5318964395357,0.220172951004847,0.920509324460599,0.2134541981391,0.849236656167578,0.161376041830047,0.422659950012484,3.17873264750762,-2.31281099549581,-0.493826711150123,-0.0599724005993271,0.201975452879389,-2.26656729224908,-0.488342647117063,3.00859480539207,0.380147074304419,-1.0318350269188,0.681487777342037,0.00984060523262436,0.0432996620890972,0.632094604965868,0.953359225546729,0.843985573301347,0.0468430064454933,0.635838135612313,0.0131491395448963,0.71178572047961,0.326458948647874,1,0.472349051165969,1,1,1,1,1,1,0.591711279520334,1,1,FALSE,FALSE,FALSE,FALSE,FALSE,FALSE,FALSE,FALSE,FALSE,FALSE,FALSE,TRUE,FALSE,TRUE,TRUE,TRUE,TRUE,FALSE,TRUE,TRUE,TRUE,TRUE
"22","c5bd025300b4ef0c652dd11cef56ac29",-61.4349854607196,-1.80329492990063,-0.0370038391947213,-0.168458953074927,0.190492349352193,16.2579879781499,-0.100800777126126,-2.08551863032652,0.462870480812339,-0.618943761646553,-0.557287487225923,32.2742064032973,0.602378907036844,0.0891547416791901,0.266706676984828,0.504125278315447,40.4717933933086,0.222818481472302,0.97059190263702,0.257535037945187,0.908117343887589,0.175907954428897,-1.90353202470822,-2.99362230123761,-0.415051835693429,-0.631626305645548,0.377867084921292,0.401711577743868,-0.452389660229583,-2.14870804574027,1.79731070577998,-0.681568043835499,-3.16806303066404,0.0893817910020141,0.0151118619891442,0.687823490041633,0.543338884054729,0.714287017957308,0.697268269410047,0.6616952691104,0.0601629820164203,0.105840144406822,0.512667097792225,0.0114014268460709,1,0.695145651500632,1,1,1,1,1,1,1,1,0.581472769149616,FALSE,FALSE,FALSE,FALSE,FALSE,FALSE,FALSE,FALSE,FALSE,FALSE,FALSE,TRUE,TRUE,TRUE,TRUE,TRUE,TRUE,FALSE,TRUE,TRUE,TRUE,TRUE
"23","95251fbafeb9956f566a3da93d145d63",-10.9989747679387,-0.773256185819003,-0.017740135518481,-0.154855838512528,0.148478991928037,10.0548799009959,-0.488812722406349,-0.984433649225954,0.485101161195841,-0.506167772441536,-0.196625119757932,15.5711320014359,0.978408789081153,0.0869281099973205,0.179704718023701,0.287598174819745,18.1457632536676,0.130483007630561,0.984611005381294,0.364235093028503,0.638956290266571,0.173798357475782,-0.706369631117662,-0.790320154978562,-0.204078237971904,-0.861723833495034,0.516272372107707,0.554117220666569,-3.74617914840172,-0.999819871853585,1.33183531867392,-0.792179027191929,-1.13134049489122,0.487372466672006,0.437777517384141,0.840168419729462,0.398135061826271,0.610814751892533,0.585087734034156,0.00111785062955221,0.32826849688748,0.196548990486535,0.43671555122348,0.270093972952873,1,1,1,1,1,1,0.0458318758116405,1,1,1,1,FALSE,FALSE,FALSE,FALSE,FALSE,FALSE,TRUE,FALSE,FALSE,FALSE,FALSE,TRUE,TRUE,TRUE,TRUE,TRUE,TRUE,TRUE,TRUE,TRUE,TRUE,TRUE
"24","cb3f42ad378ddeda014d895db355586b",-6.55321916520355,-1.55355403043036,-0.00361483590160154,0.011536348593366,-0.092228612953701,23.9454949033536,-0.529708877904152,-1.16806561277217,0.573145041649537,-0.167857758104321,-0.231384539663475,12.9514164953923,0.893413978601902,0.0926481307122513,0.194263541380763,0.301057503009898,14.6538578450754,0.1330233567363,0.967560560811681,0.47562855155361,0.662820241237764,0.210260194242827,-0.505984744412704,-1.73889604107326,-0.039016824989471,0.0593850421513443,-0.306348827156349,1.63407446397474,-3.98207420787182,-1.20722739235288,1.20502656911028,-0.25324778523791,-1.10046763961538,0.617682876349102,0.0954228917357758,0.969213670460497,0.953158398087452,0.762095094450219,0.115858398453405,0.000588143821218771,0.239613738325701,0.240445852863932,0.802326646626887,0.282513108839928,1,1,1,1,1,1,0.0270546157760635,1,1,1,1,FALSE,FALSE,FALSE,FALSE,FALSE,FALSE,TRUE,FALSE,FALSE,FALSE,FALSE,TRUE,TRUE,TRUE,TRUE,TRUE,TRUE,TRUE,TRUE,TRUE,TRUE,TRUE
"25","1e2270e7a0c8c2e951edc6813b58451a",-37.3000090090756,-0.962426029335302,-0.0657470247288188,-0.137307017781336,0.0600573470761296,32.8178193125917,-0.355178252092007,-1.23639953180855,0.224775610065325,-0.238882333181152,-0.327131225405797,17.2753865613358,0.783298287104402,0.0773858813810869,0.17062294308932,0.302690239397704,20.4303251567494,0.141113271096792,0.899892446090088,0.316564240413653,0.631336182101632,0.166110900624378,-2.15914178687944,-1.22868394477547,-0.849599740358935,-0.804739475801075,0.198411905172867,1.60632878139729,-2.51697270803385,-1.37394144953715,0.710047381762424,-0.378375800331838,-1.96935435408619,0.0425591225246234,0.23278215778291,0.405129765548647,0.42998726211869,0.844631047880996,0.123134926432606,0.0200292720130041,0.183948811035881,0.48548549403092,0.708949468036494,0.0622470151245189,1,1,1,1,1,1,0.560819616364115,1,1,1,1,FALSE,FALSE,FALSE,FALSE,FALSE,FALSE,FALSE,FALSE,FALSE,FALSE,FALSE,TRUE,FALSE,TRUE,TRUE,TRUE,TRUE,FALSE,TRUE,TRUE,TRUE,TRUE
"26","820d3c5095323f85949bc959fd15d1b7",54.2696514261765,-0.938264934107192,0.242664615072058,0.135579766841573,0.0151975466075228,-25.8840899105947,-1.01137260057363,-1.24445367312905,1.40156701782049,-1.33010135124766,0.312000689052196,34.1483150761986,0.382955229218566,0.0861442847069911,0.260631906975041,0.523108496035217,42.9646276979278,0.23274158954985,0.909778610021435,0.130157330433582,0.893586638208909,0.125552535347036,1.58923365047673,-2.45006429608431,2.81695548227548,0.520196350535689,0.0290523796166745,-0.602451162676851,-4.34547431995177,-1.36786429074182,10.7682526458676,-1.48849735926411,2.4850210168182,0.156031871481516,0.0441031055274295,0.0258861303350101,0.618968767090275,0.977633760183195,0.565870423344342,0.00337343917538267,0.213645686119139,1.3107289511495e-05,0.180224956182007,0.0419008973751538,1,1,1,1,1,1,0.121443810313776,1,0.000707793633620731,1,1,FALSE,FALSE,FALSE,FALSE,FALSE,FALSE,FALSE,FALSE,TRUE,FALSE,FALSE,TRUE,FALSE,TRUE,TRUE,TRUE,TRUE,FALSE,FALSE,FALSE,TRUE,TRUE
"27","92fb114641e27921122496428e2ef0dd",-109.91999176745,-0.571199936930958,0.580625984304282,-0.489915550734068,1.18921913633828,-100.749442126824,NA,NA,NA,NA,NA,43.5443383007028,0.162329279888825,0.0959356458456296,0.319725591813213,0.65969774607646,55.4424714088548,NA,NA,NA,NA,NA,-2.52432339213377,-3.51877330646792,6.05224449354904,-1.53230008256668,1.80267272915686,-1.81718887283825,NA,NA,NA,NA,NA,1,1,1,1,1,1,1,1,1,1,1,1,1,1,1,1,1,1,1,1,1,1,FALSE,FALSE,FALSE,FALSE,FALSE,FALSE,FALSE,FALSE,FALSE,FALSE,FALSE,TRUE,TRUE,TRUE,TRUE,TRUE,TRUE,FALSE,TRUE,TRUE,TRUE,TRUE
"28","5431c93e93b57f0b74748eb702ea1e72",-11.908422959012,-1.19924804546568,-0.00349165309615465,-0.0562065183756334,0.0666486788979,11.024490357348,-0.482403236935087,-1.5205322436121,0.35008086199446,-0.417066085303561,-0.225654923518067,12.8605545388995,0.795809021664061,0.0825633126837953,0.189118382842398,0.282207034789129,14.5343648628428,0.120114216698837,0.874880848003078,0.374434516123421,0.613528293520547,0.181246535294564,-0.925964966984311,-1.50695457429977,-0.042290612896398,-0.297202828888787,0.23616944541337,0.758512013519919,-4.01620432779093,-1.7379878038052,0.934958843054593,-0.679782969600885,-1.2450164807362,0.3640789134371,0.145435252437673,0.966632023713204,0.768979339149481,0.815391678612035,0.455847540582421,0.000540350961311673,0.0955858326499205,0.359522756090568,0.50342700482386,0.225662087969487,1,1,1,1,1,1,0.0259368461429603,1,1,1,1,FALSE,FALSE,FALSE,FALSE,FALSE,FALSE,TRUE,FALSE,FALSE,FALSE,FALSE,TRUE,TRUE,TRUE,TRUE,TRUE,TRUE,TRUE,FALSE,TRUE,TRUE,TRUE
"29","7c821085a5548386a8d91fe359fa3ff3",0.526064573783564,-1.11046039252569,0.0453030861453832,0.0578148030446806,-0.107027096030688,12.2461761483855,-0.574355687163814,-1.47615793751018,0.727543591291419,-0.705609881705051,-0.125734061016341,16.1406353629508,0.932014361127765,0.104355045575222,0.217394144128728,0.342095415227862,18.9096390932925,0.147891401372476,1.11820837350822,0.491809778790331,0.750609624505773,0.233082905968907,0.0325925567336149,-1.1914627486877,0.434124539888467,0.265944619973048,-0.312857440545935,0.647615540834379,-3.8836313797396,-1.32010989407899,1.47931908365243,-0.94004907300469,-0.539439220107862,0.97429339973054,0.246167576544694,0.668425841972851,0.792758299333551,0.757335465546562,0.523934965373436,0.000800704238560575,0.200369679607202,0.153232599677512,0.357400180733904,0.595001923452762,1,1,1,1,1,1,0.0336295780195442,1,1,1,1,FALSE,FALSE,FALSE,FALSE,FALSE,FALSE,TRUE,FALSE,FALSE,FALSE,FALSE,TRUE,TRUE,TRUE,TRUE,TRUE,TRUE,TRUE,TRUE,TRUE,TRUE,TRUE
"30","3a8a7409bdc33da14a01ec3e3313b9a7",-119.072564876963,-1.43365804166353,0.387860135495415,-0.0179191927966538,NA,NA,NA,NA,NA,NA,NA,44.9314012746427,0.163597883432879,0.0979418622637085,0.328732776869936,NA,NA,NA,NA,NA,NA,NA,-2.6500968476174,-8.76330433854132,3.96010578654407,-0.0545099060923382,NA,NA,NA,NA,NA,NA,NA,1,1,1,1,1,1,1,1,1,1,1,1,1,1,1,1,1,1,1,1,1,1,FALSE,FALSE,FALSE,FALSE,FALSE,FALSE,FALSE,FALSE,FALSE,FALSE,FALSE,TRUE,TRUE,TRUE,TRUE,TRUE,TRUE,FALSE,TRUE,TRUE,TRUE,TRUE
"31","564e9f4d70915c0026898422d57b1431",-17.8990735858243,-13.4119159915096,-0.737335484077904,-3.09583769363552,2.33335624783935,NA,NA,NA,NA,NA,NA,44.2436068571808,0.16296783564371,0.0969444514951231,0.324261931050046,0.669942613442611,NA,NA,NA,NA,NA,NA,-0.404557287646164,-82.2979328315529,-7.60575229119736,-9.54733626488432,3.48291958299087,NA,NA,NA,NA,NA,NA,1,1,1,1,1,1,1,1,1,1,1,1,1,1,1,1,1,1,1,1,1,1,FALSE,FALSE,FALSE,FALSE,FALSE,FALSE,FALSE,FALSE,FALSE,FALSE,FALSE,TRUE,TRUE,TRUE,TRUE,TRUE,TRUE,FALSE,TRUE,TRUE,TRUE,TRUE
"32","386a607b118090dd71bfc8b4b4081447",5.9679762472986,-1.7502118496872,0.00960100707290157,-0.0612599118103351,0.035702491678374,9.11225262109975,-0.615112796408288,-1.17630260742961,0.576150808620485,-0.424779335151026,-0.0786685644396699,13.2924517594503,0.991457056065457,0.09507441534261,0.198857197160675,0.294500567368663,15.1047182367015,0.129680012734759,1.02387442149081,0.447090908058361,0.659540343720188,0.191339547898493,0.448974828368713,-1.76529264578823,0.100984129519003,-0.308059817220685,0.121230638016669,0.603271936510457,-4.74331227639844,-1.14887390752165,1.28866590269663,-0.644053603688632,-0.411146390297756,0.657651689164298,0.0907898343834489,0.920438219454095,0.760809428992388,0.904561271714923,0.552231116615038,8.82649095713577e-05,0.262416037508642,0.210326498795434,0.525911924358115,0.684770941255085,1,1,1,1,1,1,0.00476630511685332,1,1,1,1,FALSE,FALSE,FALSE,FALSE,FALSE,FALSE,TRUE,FALSE,FALSE,FALSE,FALSE,TRUE,TRUE,TRUE,TRUE,TRUE,TRUE,TRUE,TRUE,TRUE,TRUE,TRUE
"33","afce1dc2c06acb90ad5d3da0fffbcd02",-13.8336655825784,2.87983418316698,0.068623969252975,-0.164467136357352,0.222693478705429,-25.2581095681054,-0.578613510083818,-0.589371182236855,0.884420083896444,-3.28576306989766,0.441301704001218,37.468128892982,0.242252154547387,0.0881313350289207,0.281528431087714,0.571495619674071,47.3770581860148,0.253444457401972,0.940592281490842,0.0839545829737558,0.955673820858356,0.123685884336767,-0.36921154034915,11.8877546767232,0.77865573272498,-0.584193701935952,0.389667866277667,-0.53312954698317,-2.28299926546082,-0.626595809719701,10.5345063076892,-3.43816373137279,3.5679229393684,0.736490107382924,0.00128002101994968,0.492956855316507,0.600116157825269,0.722798494173161,0.630910842510623,0.10664053834853,0.575364284405609,0.00182690661399411,0.0412912337278651,0.0376075493394829,1,0.0665610930373834,1,1,1,1,1,1,0.0895184240857116,1,1,FALSE,TRUE,FALSE,FALSE,FALSE,FALSE,FALSE,FALSE,TRUE,FALSE,FALSE,TRUE,FALSE,TRUE,TRUE,TRUE,TRUE,FALSE,FALSE,FALSE,TRUE,TRUE
"34","1c6bf8efe709f63c28e0225da6870395",6.73276088386206,-1.29451308380784,0.0188505839550707,-0.032553998394501,-0.0100300085776,9.00049426525513,-0.601299293277324,-0.904796758837489,0.645184216993182,-0.252866741742393,-0.113604406496967,13.3339261206219,1.02762798070323,0.0959241656361944,0.20496928361639,0.302870793150295,15.16030787242,0.128089069975741,0.982939479078774,0.448945394049674,0.660172677106046,0.190252320882761,0.504934617377949,-1.25970984453145,0.196515485227822,-0.158823789692447,-0.0331164602346545,0.593688092682409,-4.69438409843404,-0.920500985152696,1.43711067213175,-0.383031213668018,-0.597124944231158,0.618408800070923,0.220407321962142,0.845932799429252,0.875194064237414,0.973867435132803,0.558514970091755,9.97027333600681e-05,0.366865599967515,0.164152205813587,0.70521387069825,0.556257267409529,1,1,1,1,1,1,0.00528424486808361,1,1,1,1,FALSE,FALSE,FALSE,FALSE,FALSE,FALSE,TRUE,FALSE,FALSE,FALSE,FALSE,TRUE,TRUE,TRUE,TRUE,TRUE,TRUE,TRUE,TRUE,TRUE,TRUE,TRUE
"35","f2d099ef5556f02539ded15181a3d994",8.77233286471659,-1.17571851100833,0.0591011637298956,-0.0692417719579609,0.079491047576016,-2.80853205555154,-0.653617325711986,-0.744546268530809,0.527461161057624,-0.891218864062142,0.0609375074884122,16.5630504490824,1.02287519057748,0.0989035021330522,0.196023250672262,0.321790823743546,19.4739043519282,0.148144019153709,1.11280960102932,0.524744161820216,0.714757683468129,0.214504628165511,0.529632684008554,-1.14942519071614,0.597563912857083,-0.353232444215143,0.247027080049266,-0.144220286019503,-4.41203991525177,-0.669068875611898,1.00517775982106,-1.24688252351174,0.284084814437631,0.601671114906817,0.262723651079633,0.556232435983715,0.727276429494409,0.807177890250777,0.886639508762148,0.000220506026857323,0.51041234221109,0.325739754874916,0.225552806790156,0.779001979539417,1,1,1,1,1,1,0.0112458073697235,1,1,1,1,FALSE,FALSE,FALSE,FALSE,FALSE,FALSE,TRUE,FALSE,FALSE,FALSE,FALSE,TRUE,TRUE,TRUE,TRUE,TRUE,TRUE,TRUE,TRUE,TRUE,TRUE,TRUE
"36","304a3df568087b761af6bca76a3816aa",6.6357070449731,1.4751930518406,1.5648485103087,-2.65504279710276,2.04939278009471,-177.857165015139,NA,NA,NA,NA,NA,43.5443383007028,0.162329279888825,0.0959356458456296,0.319725591813213,0.65969774607646,55.4424714088548,NA,NA,NA,NA,NA,0.152389663132532,9.08765844862316,16.311439783568,-8.30412974465262,3.10656325913411,-3.20795881741184,NA,NA,NA,NA,NA,1,1,1,1,1,1,1,1,1,1,1,1,1,1,1,1,1,1,1,1,1,1,FALSE,FALSE,FALSE,FALSE,FALSE,FALSE,FALSE,FALSE,FALSE,FALSE,FALSE,TRUE,TRUE,TRUE,TRUE,TRUE,TRUE,FALSE,TRUE,TRUE,TRUE,TRUE
"37","2ddd18d49a8163e0fc79e28ea6273254",-6.24412731100217,-0.772790795245524,-0.0655408241477628,0.0251557902739724,-0.0688658300448817,19.3761692266088,-0.539791599567911,-1.48770124640509,0.696822427813296,-1.3232044827191,-0.12110682584274,30.9885680616235,0.689293718633774,0.0871965071913915,0.248679939811028,0.481697180483942,38.7598569109546,0.219900146229149,0.969883308901677,0.310760315911748,0.896862412284491,0.167367824355773,-0.201497768421735,-1.12113424851346,-0.751645063074652,0.101157295972841,-0.142964984714453,0.499903012313045,-2.45471232659125,-1.53389715314289,2.2423147105153,-1.47537065283919,-0.723596822202236,0.843987134079712,0.286109688328263,0.46804207588844,0.921245890472747,0.888903019718915,0.626992326877552,0.0319773596025384,0.15329943839909,0.0465122438547207,0.16815324543704,0.484417135302391,1,1,1,1,1,1,0.831411349665999,1,1,1,1,FALSE,FALSE,FALSE,FALSE,FALSE,FALSE,FALSE,FALSE,FALSE,FALSE,FALSE,TRUE,FALSE,TRUE,TRUE,TRUE,TRUE,FALSE,TRUE,TRUE,TRUE,TRUE
"38","42604f7f8bfc866837a5370b4b667382",-11.2047462145588,1.10997007969089,0.0624136010168817,0.427172835892841,-0.719244546036207,45.1006116252862,-0.489168496961731,-1.63798615378337,0.695440492226323,-0.0482470392790629,-0.261214194809926,32.3558072837868,0.524371545822358,0.0929408618440266,0.257066794194711,0.506131045889705,40.5809908732083,0.225735699105144,1.01128197749187,0.28696811369436,0.864670957143105,0.178395131568249,-0.346297841258729,2.11676260570195,0.671541018434112,1.66171923227582,-1.42106387639565,1.11137285351654,-2.16699661994483,-1.61971259276847,2.42340684919096,-0.0557981494353325,-1.46424508625109,0.737077042518317,0.0633699734855283,0.518739366788221,0.130934783269925,0.189006466330848,0.295214135002203,0.0583984180620207,0.139746183179618,0.0383955047540418,0.95672169180306,0.177162363438116,1,1,1,1,1,1,1,1,1,1,1,FALSE,FALSE,FALSE,FALSE,FALSE,FALSE,FALSE,FALSE,FALSE,FALSE,FALSE,TRUE,FALSE,TRUE,TRUE,TRUE,TRUE,FALSE,FALSE,TRUE,TRUE,TRUE
"39","de4edf45ab75f6490e1ada65b0e0306f",-341.118583885456,-11.537326556789,1.1866824925101,0.126308433506595,1.70143572369046,NA,NA,NA,NA,NA,NA,44.2436068571808,0.16296783564371,0.0969444514951231,0.324261931050046,0.669942613442611,NA,NA,NA,NA,NA,NA,-7.71000847617586,-70.7951143317171,12.2408500353401,0.389525940025014,2.53967383108735,NA,NA,NA,NA,NA,NA,1,1,1,1,1,1,1,1,1,1,1,1,1,1,1,1,1,1,1,1,1,1,FALSE,FALSE,FALSE,FALSE,FALSE,FALSE,FALSE,FALSE,FALSE,FALSE,FALSE,TRUE,TRUE,TRUE,TRUE,TRUE,TRUE,FALSE,TRUE,TRUE,TRUE,TRUE
"40","e1a9800482df461df81429b3b8f859a1",-22.0944747331935,-0.281379584741143,-0.0631106810025264,-0.0138999045002821,-0.216502362115666,21.5907783013603,-0.439637012717789,-1.69639458696111,1.28154255191709,-0.499593793262112,0.0403088176566173,34.3266890665093,0.696720496953785,0.102901214303259,0.283980415608909,0.543566037055369,43.2026451040801,0.241648191555669,1.03373812145441,0.367113411074279,0.985397013301353,0.223174692385739,-0.643652951509089,-0.403862934952246,-0.613313277494796,-0.0489467010268225,-0.398300017581145,0.49975593506707,-1.81932672405913,-1.64102933978518,3.49086280494883,-0.506997470581257,0.18061554034517,0.540306918554529,0.698366712674202,0.559062267623633,0.962329066850168,0.702277940308259,0.632570461881118,0.11167865844593,0.14479651877447,0.0101168786374748,0.627733868666621,0.861787267372484,1,1,1,1,1,1,1,1,0.475493295961316,1,1,FALSE,FALSE,FALSE,FALSE,FALSE,FALSE,FALSE,FALSE,FALSE,FALSE,FALSE,TRUE,TRUE,TRUE,TRUE,TRUE,TRUE,FALSE,TRUE,TRUE,TRUE,TRUE
"41","c38ee4acf990375c9b9df651cf77bf7c",-13.1908269733555,-0.614861073228591,0.0182654561406186,-0.0474177747492195,-0.0884461315582385,25.4546980066137,-0.55017069634349,-1.22364079893448,0.58454212911721,-0.0235700505677843,-0.0554914516854822,24.1958070011429,0.905887783875671,0.0959880569150788,0.238228453763995,0.414779176874815,29.7008766862782,0.1839571978098,1.01223778533922,0.412611579152213,0.79135418667432,0.187779284205036,-0.545169953320112,-0.678738674008852,0.190288841420951,-0.199043288070848,-0.21323667264264,0.857035240928554,-2.99075384325179,-1.20884718655747,1.41668862109556,-0.0297844517217226,-0.295514235877537,0.592717919440894,0.506439206306678,0.851336593066037,0.844590051042915,0.833678628521705,0.40334572782508,0.00821501167751706,0.243267117177017,0.174638555706773,0.976585835098362,0.771180089276581,1,1,1,1,1,1,0.262880373680546,1,1,1,1,FALSE,FALSE,FALSE,FALSE,FALSE,FALSE,FALSE,FALSE,FALSE,FALSE,FALSE,TRUE,TRUE,TRUE,TRUE,TRUE,TRUE,FALSE,TRUE,FALSE,TRUE,TRUE
"42","321b7763c5946d79f50284281735d5b0",-2.52670422098141,-0.358062317663182,-0.0140225522132612,0.669441418866672,-0.778645310577444,41.8904791465219,-0.411959209917379,-2.55871377314952,2.15373789297265,-2.10937802211533,-0.728576258217442,35.8480358691008,0.342047948799592,0.0881358464809953,0.2778033168929,0.552452938103561,45.2245372720913,0.244094009846935,0.953926866823327,0.136594357957881,0.931208016922251,0.126912807058805,-0.0704837562149201,-1.04681907586288,-0.159101577543536,2.40976755192868,-1.40943283467791,0.926277672991762,-1.6877071673152,-2.68229553243457,15.767400097424,-2.26520603751573,-5.74076230052855,0.946540895217928,0.343125943844721,0.879815790056983,0.0608815474847668,0.217763805297602,0.396810814766605,0.152270918474181,0.0436998209467459,1.86623644355442e-05,0.0728749202655503,0.00224752427953962,1,1,1,1,1,1,1,1,0.000989105315083843,1,0.12136631109514,FALSE,FALSE,FALSE,FALSE,FALSE,FALSE,FALSE,FALSE,TRUE,FALSE,FALSE,TRUE,TRUE,TRUE,TRUE,TRUE,TRUE,FALSE,TRUE,FALSE,TRUE,TRUE
"43","01491b7ad3b35c7e644dd24ae831bee2",-8.69993603481136,-2.0660850913138,-0.0371688091719617,0.496118776689078,-0.740482648951147,74.56908100506,-0.48453315994001,-2.33022495254115,1.36265821761002,1.86136632324816,-0.735700461352902,35.2782160015858,0.557062080435533,0.0921275962104511,0.278436446067335,0.545290507485788,44.4673179024774,0.244295513138454,1.03517899239418,0.237619931604434,0.933439222122259,0.170300805689314,-0.246609296638478,-3.70889558610497,-0.403449245403683,1.78180257540387,-1.35795991088373,1.67694128007899,-1.9833895175365,-2.25103578189098,5.73461244774044,1.99409482603075,-4.32000575907472,0.813431219372334,0.00998264071557556,0.70060217794548,0.125064188754853,0.223320090325705,0.144566993084049,0.0945785673945034,0.0653481096645936,0.00122129099360183,0.0931857346437881,0.00498268516132294,1,0.472349051165969,1,1,1,1,1,1,0.0622858406736935,1,0.264082313550116,FALSE,FALSE,FALSE,FALSE,FALSE,FALSE,FALSE,FALSE,TRUE,FALSE,FALSE,TRUE,TRUE,TRUE,TRUE,TRUE,TRUE,FALSE,TRUE,FALSE,TRUE,TRUE
"44","a67690654fca1914946ee270222b7247",-7.96432222788259,-0.578261778633853,0.0327511538640843,-0.0582087961001664,-0.0533358698847635,19.3133633336608,-0.536334979372387,-0.749418400689315,0.260379902403014,-0.0985417749659775,-0.126895946956433,17.8658158192432,0.866004852350107,0.090219832477854,0.203670757868605,0.340165250274343,21.2229919287714,0.152716572015036,0.974810876663145,0.447932532356209,0.669986086181422,0.206342762871171,-0.44578553302359,-0.667735032967315,0.363015015264228,-0.285798495126722,-0.156793998921842,0.910020764201405,-3.51196318968959,-0.768783380069202,0.581292680469907,-0.147080330470167,-0.614976484712769,0.660314233151421,0.511575017258062,0.720222042333953,0.777832605353202,0.876904858558419,0.373138792245563,0.00207301031436168,0.450582128068526,0.567230748329145,0.884471527443338,0.545177186943312,1,1,1,1,1,1,0.0787743919457438,1,1,1,1,FALSE,FALSE,FALSE,FALSE,FALSE,FALSE,TRUE,FALSE,FALSE,FALSE,FALSE,TRUE,TRUE,TRUE,TRUE,TRUE,TRUE,TRUE,TRUE,TRUE,TRUE,TRUE
"45","95c08da59378a0eb674c2b7dab943428",-15.3605952558091,-1.02491363755537,-0.0391811846246317,-0.21870986083836,0.114434076886921,15.6943296376039,-0.452259446542653,-1.21345805593719,0.37590080769024,-0.0952877073268872,-0.157824854014808,22.3015529544303,0.804847848031348,0.0843047832028854,0.198645248490906,0.368715704220988,27.167127395784,0.169330902680683,0.946180611414498,0.362171186402411,0.74812171979278,0.172881882683484,-0.68876796549532,-1.27342533133723,-0.464756365369441,-1.10100726042975,0.310358565086601,0.577695588089283,-2.67086184141771,-1.28248036505749,1.03790920372272,-0.127369256640859,-0.912905687773873,0.499751574610342,0.219067075507525,0.647678518609477,0.28539948863559,0.759853139266456,0.570626318792107,0.0155856198265779,0.215944711440239,0.313054865906771,0.900060273544637,0.373358144491132,1,1,1,1,1,1,0.467568594797338,1,1,1,1,FALSE,FALSE,FALSE,FALSE,FALSE,FALSE,FALSE,FALSE,FALSE,FALSE,FALSE,TRUE,TRUE,TRUE,TRUE,TRUE,TRUE,FALSE,TRUE,TRUE,TRUE,TRUE
"46","6a49b0df18b1abfe220ecc00d5cbf296",7.32186616902071,-1.64861658086195,0.0604171793850337,-0.16531295119138,0.245265054640756,-5.58702508102896,-0.670065487124434,-0.881405123278943,0.488321622286454,-1.11114315099949,0.0436392985616178,22.4747734116557,0.847589488348849,0.0896532959046618,0.213850244677299,0.377297223651807,27.3993132801364,0.17446010799261,0.966120784147329,0.389951644291101,0.711562525065042,0.193327766929155,0.325781534474715,-1.94506492060625,0.673898028793966,-0.773031386711006,0.650057936464175,-0.203911135432703,-3.84079486614108,-0.91231359240123,1.25226199051983,-1.56155378039045,0.22572700887612,0.74834642646591,0.0675586422176957,0.50893837492794,0.449536691885707,0.523865405807863,0.840710611105298,0.00119742733164972,0.373661315666922,0.226501671955176,0.135802748576149,0.823956885685789,1,1,1,1,1,1,0.0478970932659889,1,1,1,1,FALSE,FALSE,FALSE,FALSE,FALSE,FALSE,TRUE,FALSE,FALSE,FALSE,FALSE,TRUE,FALSE,TRUE,FALSE,FALSE,TRUE,TRUE,TRUE,TRUE,TRUE,TRUE
"47","5c4a1032c65d0d99d6d6bee379b63a2c",-43.8907807215922,-2.78765415299295,-0.0152902003478384,0.0614637872729938,-0.320556339732064,44.1460557051203,-0.372264283144141,-1.7785980457151,0.673296817602233,-0.244479133816659,-0.0768846806182668,28.3138472013098,0.766555271537184,0.0984690893327575,0.263372026186262,0.46634174363552,35.197463430918,0.208018418481465,0.941014867404758,0.387259966596126,0.868239648313495,0.234381373509372,-1.55015248932903,-3.63659902488548,-0.155279189149075,0.233372496551799,-0.687385043494203,1.25423969235072,-1.78957366305191,-1.89008495755261,1.73861714527393,-0.281580246066331,-0.328032383576729,0.145099819375583,0.00301348634230819,0.878986322094697,0.819106673298994,0.503919529898577,0.231838724514932,0.0968317122202779,0.0812485805818531,0.10571211450458,0.782697707066853,0.748110457558359,1,0.150674317115409,1,1,1,1,1,1,1,1,1,FALSE,FALSE,FALSE,FALSE,FALSE,FALSE,FALSE,FALSE,FALSE,FALSE,FALSE,TRUE,TRUE,TRUE,TRUE,TRUE,TRUE,FALSE,TRUE,TRUE,TRUE,TRUE
"48","c4228a5878f56464e576996e95eefc5e",-70.5423030752228,0.732317567573042,-0.0657912298831378,0.102359963919752,-0.459325657035123,76.1100156415465,-0.193344995209275,-2.81597255623831,0.492119791588578,0.451353004199696,-0.421564184254219,38.3048840086946,0.229286372820882,0.0889003736052561,0.286394821981734,0.583285317232004,48.4885092295686,0.258908358936115,0.961366944245472,0.0965462135855029,0.967051461892579,0.127300111214151,-1.84160074885518,3.19389922115051,-0.740055718722514,0.357408570488332,-0.78748023216985,1.56965055950069,-0.746770000025308,-2.92913395149906,5.09724590237554,0.466731112030347,-3.31157750164916,0.206876264141694,0.0856264955762208,0.536348392524445,0.7549777108584,0.51350470378747,0.257065587506939,0.533055788808771,0.0994662866054885,0.0363998414457516,0.686597938914043,0.0803495696606211,1,1,1,1,1,1,1,1,1,1,1,FALSE,FALSE,FALSE,FALSE,FALSE,FALSE,FALSE,FALSE,FALSE,FALSE,FALSE,TRUE,FALSE,TRUE,TRUE,TRUE,TRUE,FALSE,TRUE,TRUE,TRUE,TRUE
"49","f55e6f0203460ecfb665c9dbc579b714",5.05765562408085,-3.1013935693329,0.110501847405625,-0.0416990539436426,-0.0890686383985418,26.0425856804066,-0.667759795681846,-2.29933084979262,0.997145631810748,-0.0551679514976251,-0.0991425040776104,21.8870569223389,0.619411885534112,0.0807287229205585,0.204657201928011,0.373155183223231,26.6117125328806,0.165321715117302,0.854394989046315,0.353377413846431,0.742230473939582,0.166092657233292,0.231079749188151,-5.00699718840332,1.36880460148446,-0.203750728294969,-0.238690610242063,0.978613670511778,-4.03915356919714,-2.69118016756999,2.82175824696052,-0.0743272520256502,-0.596910819111985,0.819859123607503,9.14462751235083e-05,0.187901528605938,0.840834098579575,0.814041875632426,0.340741457500588,0.0007697076485039,0.0149285722137078,0.0112970338799531,0.941569786988938,0.558001066685681,1,0.00493809885666945,1,1,1,1,0.0330974288856677,0.821071471753927,0.519663558477844,1,1,FALSE,TRUE,FALSE,FALSE,FALSE,FALSE,TRUE,FALSE,FALSE,FALSE,FALSE,TRUE,FALSE,TRUE,TRUE,TRUE,FALSE,TRUE,TRUE,TRUE,TRUE,TRUE
"50","b73c9d186b67a61bce0ba79c990aef39",-11.00872228248,-2.61770013656313,0.125348391073952,0.360282841747142,-0.728056570118774,68.426956945515,-0.49402198074058,-2.35133141685254,0.48130544484434,0.585843947453775,-0.523569724887381,29.3932999762119,0.640934196947822,0.0908665709094538,0.251001823245787,0.474101469466485,36.6357923940871,0.211339823299484,0.913531670653242,0.33663804913142,0.87443048327096,0.217808217971777,-0.374531688901533,-4.08419483470975,1.37947751102943,1.43537938126586,-1.53565558642556,1.86776243869531,-2.33757165605516,-2.57389151617608,1.42974166493118,0.669972008823759,-2.40381069990309,0.714543530842826,0.00151460267158941,0.192912365781708,0.176727950438781,0.150559278091838,0.0864007021025807,0.0375508281506186,0.0243703484912076,0.178306799261065,0.51556136395399,0.0332865084354494,1,0.07724473625106,1,1,1,1,0.938770703765466,1,1,1,1,FALSE,TRUE,FALSE,FALSE,FALSE,FALSE,FALSE,FALSE,FALSE,FALSE,FALSE,TRUE,TRUE,TRUE,TRUE,TRUE,TRUE,FALSE,FALSE,TRUE,TRUE,TRUE
"51","6960eba3db7d4d863d042ab497d7481a",-22.9510380887759,-2.53772601606113,-0.0183306208298564,0.0187674580087406,0.143377137564784,1.83074058642204,-0.528590952936225,-0.923502602113652,0.395479681398411,-1.84326845006175,0.0298009210651757,30.2477590041809,0.370505965742328,0.0825002441611357,0.247047873137903,0.474254878860225,37.7739111339989,0.209813593566633,0.904739532200812,0.194261173380974,0.818605076162268,0.129604017298579,-0.758768214385852,-6.84935264396259,-0.222188685818358,0.0759668875929346,0.302320848884806,0.0484657408105738,-2.51933606374439,-1.02073864271985,2.03581433446209,-2.25171881257229,0.229938251038323,0.463939703165461,2.76655078212027e-05,0.828238398799116,0.940809487307816,0.768047168969449,0.962213852312262,0.0285091656851879,0.329303161949082,0.0665818304010019,0.0457518139972743,0.822359697660973,1,0.00152160293016615,1,1,1,1,0.769747473500074,1,1,1,1,FALSE,TRUE,FALSE,FALSE,FALSE,FALSE,FALSE,FALSE,FALSE,FALSE,FALSE,TRUE,FALSE,TRUE,FALSE,FALSE,TRUE,FALSE,TRUE,TRUE,TRUE,TRUE
"52","6545176af2fa076f03140433793c0d00",-18.9321734998632,-0.759567790055133,-0.0130246736961907,-0.0937606945354721,0.063554079286711,12.5532613470405,-0.457470214265427,-1.36759297823334,0.00379942372530205,-0.138399785778533,-0.146542987217838,17.4424412635521,0.801892678346981,0.085554862438797,0.197015740732465,0.32941822457687,20.6551553038751,0.148180359396188,0.907053078273333,0.389756030924136,0.689840974771765,0.18007449795382,-1.08540847085574,-0.947218762018009,-0.152237679132593,-0.475904586034033,0.192928243020995,0.607754391693458,-3.08725269752042,-1.50773202912964,0.00974821022343997,-0.200625638139751,-0.813790897006521,0.290044230336651,0.354300549881133,0.88045264475203,0.639055886355897,0.848868844860619,0.549866990583705,0.00558456271291011,0.146520602703851,0.992314192227171,0.842921623919119,0.424896530560566,1,1,1,1,1,1,0.189875132238944,1,1,1,1,FALSE,FALSE,FALSE,FALSE,FALSE,FALSE,FALSE,FALSE,FALSE,FALSE,FALSE,TRUE,TRUE,TRUE,TRUE,TRUE,TRUE,FALSE,FALSE,TRUE,TRUE,TRUE
"53","719ab97ff4cf3c7b809b054134f4dc70",-23.7463064984732,-1.40089094465976,-0.0190051312158269,-0.113615850179073,-0.00196287303257586,24.8645991595368,-0.452595709277919,-1.03907013919539,0.305414796004789,-0.108201071609017,-0.14040110826918,15.3313459332593,0.864907553007689,0.0891478467413607,0.205991514783214,0.318015790985252,17.8243416524202,0.136639435468419,0.87514334890907,0.383663351166406,0.67831130493699,0.179130772551429,-1.54887291708412,-1.61970020933244,-0.213186654647591,-0.551555972092551,-0.00617225020963468,1.39497994621084,-3.31233591332076,-1.18731421599749,0.796048919127338,-0.15951535942493,-0.78379111678799,0.135678707971847,0.119544034355465,0.833144553228149,0.586811795600113,0.995130916387036,0.176947276790009,0.0031679641341013,0.247765864253933,0.434509794375218,0.874718288858495,0.441520100583769,1,1,1,1,1,1,0.117214672961748,1,1,1,1,FALSE,FALSE,FALSE,FALSE,FALSE,FALSE,FALSE,FALSE,FALSE,FALSE,FALSE,TRUE,TRUE,TRUE,TRUE,TRUE,TRUE,FALSE,TRUE,TRUE,TRUE,TRUE
"54","3fae853851bfe19cdb50e15749f373b6",-14.6941464582904,-1.17985544876112,0.00894942390789899,0.00535251040082281,-0.102876709870979,21.8435786938664,-0.509702019421924,-1.00286324744884,0.488652020212639,-0.14070059537606,-0.117899072391806,12.8629477506953,0.929394628139826,0.0873554573305675,0.185954228557728,0.286610831304752,14.5367761519198,0.124041647680224,0.892613725397143,0.426744045785509,0.647241874435597,0.177237192440377,-1.14236229075066,-1.26948813027098,0.102448366494527,0.028784020897708,-0.35894215652161,1.50264257119909,-4.10912003310309,-1.12351313778269,1.14507050546698,-0.217384877174013,-0.665205032693504,0.265056629998317,0.216962515497793,0.919288773695948,0.977285151680195,0.722912468704666,0.146538118426981,0.000428889337980843,0.272810232715968,0.263956032036583,0.829825321444461,0.51253526258064,1,1,1,1,1,1,0.0210155775610613,1,1,1,1,FALSE,FALSE,FALSE,FALSE,FALSE,FALSE,TRUE,FALSE,FALSE,FALSE,FALSE,TRUE,TRUE,TRUE,TRUE,TRUE,TRUE,TRUE,TRUE,TRUE,TRUE,TRUE
"55","a99fb503372ef5103fa41e0c743bbad2",-9.71775865196387,0.0437154735502025,0.05898278146207,-0.143168005858537,0.192077245725974,2.74119252768409,-0.588618653496442,-0.94950680255347,0.739073893550765,-1.21501817411621,0.00307971965784343,24.0060328301554,0.875929824996973,0.092647419289629,0.216655522244595,0.384203867598283,29.4459891379244,0.174455465658636,1.08898406010025,0.344696189442666,0.764498805985875,0.17292869884945,-0.404804855542679,0.0499075066319994,0.636637068947182,-0.660809400911124,0.499935742257562,0.0930922209759842,-3.3740338903925,-0.871919835508022,2.14413131385573,-1.58930029007613,0.0178091877076148,0.690669034646761,0.960777789260352,0.532840808547378,0.517590170929649,0.623529509060883,0.926918615062521,0.0036047093557841,0.395399914195021,0.0467727100948192,0.130416174946327,0.985998426314267,1,1,1,1,1,1,0.126164827452444,1,1,1,1,FALSE,FALSE,FALSE,FALSE,FALSE,FALSE,FALSE,FALSE,FALSE,FALSE,FALSE,TRUE,TRUE,TRUE,TRUE,TRUE,TRUE,FALSE,TRUE,TRUE,TRUE,TRUE
