,100062535,100343135,101249635,101670535,101783232,102497135,102510535,100306735,101019535,101672435,101890235,101899235,101938235,101947835,102341635,100166235-2,100477535-2,100835235-2,101233635-2,101296535-2,102193835-2,102196135-2,102401635-2,100046235,100063035,100076135,100090035,100090235,100099635,100182835,100194535,100243935,100254335,100291735,100492135,100515135,100604235,100604635,100609535,100610835,100681935,100685035,100749835,100837235,101334035,101357635,101558635,101593235,101594035,101643835,101905035,101986035,102030035,102140135,102166535,102177635,102190035,102233135,102253535,102497835,102524135,102536035,102566235,102615535,100002935,100003935,100016535,100046635,100068635,100074735,100083435,100341835,100344835,100396135,100431135,100432235,100476535,100570035,100582435,100589235,100597835,100598035,100638935,100766835,100797835,100804035,100831735,100887835,100995935,101020535,101023935,101038735,101096535,101119235,101159335,101242635,101304735,101576835,101637635,101867135,101907035,102208735,100053635,100055235,100124135,100128835,100138335,100228235,100236935,100386035,100528735,100637835,100638035,100712235,100713435,100735535,101234735,101391135,101399135,101402335,101692735,101779732,101920335,101974135,101977935,102010035,102027535,102063535,102081235,102082235,102125035,102209535,102271835,102272535,102273235,102287135,102291735,102292535,102334735,102336435,102404235,102551035,100008335,100022335,100058435,100059035,100064135,100070435,100127235,100220235,100220835,100234435,100468035,100578435,100579935,100792935,101286435,102389135,102499235,102588735,102268735,102161735,101997735,102119135,101581135,102226935,101008735,100886035-2,101998235,100102535,100220135,101506535,100153535,100060235,102148235,102560335,100230735-2,102394535,102151035-2,101564635,101645235,101882235,100733235,100706535-2,100607035,100115135,100303935,102343635,100164635,102157635,100163935,101561635-2,101887635,102026535,100994135,101166435,102181435,101972835,102155335-2,101024835,100364935,102223635,100367935,100524035,100272235,102249935,100030035,100299535,100118535,100723535,100572435,101884435-2,101981335,100883835,101914535,100713735,101901035,100017835,102302935,100391335,100335635,100691935,101913135,100802435,100336235,101517835,100242635,101904035,101986235,100139435,100147535,101121335,100602835,100382135,100565435,102066435,101402135-2,101350435,100715135-2,102010235,100146935,100066235,101564935,102125535-2,102097035,101536335,100123435,100080835,100467835,102366735,101559335,100146735,101041235-2,102281335,100182935,101513135,101262435,101669135,100117235,100076935,100496735,102042935,100186835-2,100113735,102238935,101987635,102089235,100072435,101025735,100744235,102137335,100854535,100092535,101354835,101989335,102149035,101237535,100147835,100432735,100494835,101558435,102033235,101505835,100260835,101281235,101883835,102208035,100073835-2,102140635,101635835,102192035,101043135,101012535,101699835,102273535,100166135,101949035,100604935,101399835-2,100566335,100306835,100245135,102066935,100588735,100079835,100085435,100756235,100974035-2,102213135,101043635,101910435,100023935,101355135,101170835,102015435,102226135,100306235,100048635,100732135,100569235
7e464b9b7f9ca86103a675a09263efec,3,231,16,212,0,0,0,0,10,217,20,27,36,0,17,49,16,16,58,7,27,18,48,58,69,120,6,77,18,31,12,5,21,43,99,71,141,62,25,0,62,30,50,49,80,30,94,17,34,37,0,18,0,20,5,52,34,21,143,58,39,123,7,16,9,29,98,39,93,86,71,26,21,130,65,151,33,13,136,15,50,60,29,16,66,29,0,40,3,4,51,67,71,153,73,29,74,34,99,60,50,26,68,26,29,42,0,1256,13,28,20,37,246,0,66,0,27,167,182,0,158,46,80,4,9,54,60,11,8,33,33,94,5,106,49,40,32,40,0,4,58,95,16,18,0,10,61,73,61,68,187,13,151,16,36,25,7,188,851,103,191,5,363,97,22,46,7,90,52,35,57,9,201,6,127,104,36,49,22,85,190,23,16,29,120,67,21,68,30,58,4,8,9,4,21,14,33,17,128,31,37,0,66,9,117,0,57,41,132,51,33,34,93,193,0,78,28,80,11,12,126,15,97,168,5,28,50,65,74,25,13,12,39,77,40,18,12,28,169,257,35,33,28,0,137,73,97,41,0,76,25,6,22,7,121,25,41,115,50,89,6,15,42,56,114,62,12,4,59,0,22,53,9,16,0,97,10,12,87,135,12,47,54,0,5,55,105,31,20,12,19,7,95,0,76,5,21,20,38,26,41,11,33,62,51,101,61,22,88,8,34,16,47,14,0,15,181,87,140,77
41f01f3e3cbf6beb908ae1ebb553208e,0,0,0,0,0,0,0,0,0,0,0,0,0,0,0,0,0,0,0,0,0,0,0,0,0,0,0,0,12,0,0,0,0,0,0,0,5,0,0,0,0,0,4,0,0,0,0,0,0,0,0,0,0,0,0,0,0,0,0,4,13,11,0,0,0,0,0,0,0,0,0,94,65,0,56,18,0,0,0,0,0,0,0,0,18,5,0,0,0,0,0,0,0,0,0,0,5,4,0,9,0,0,31,0,0,42,0,0,0,0,8,20,0,61,0,0,7,0,0,0,18,57,79,0,0,15,0,0,0,0,0,13,0,0,0,3,0,0,0,0,6,0,0,0,0,0,0,0,0,0,0,0,0,0,0,0,0,0,18,0,0,0,0,0,0,0,0,0,0,4,0,9,0,6,0,5,0,0,0,0,0,0,0,0,0,0,0,0,0,0,21,0,0,0,0,0,0,48,0,0,23,0,10,38,0,0,0,0,0,48,0,0,0,0,0,8,0,0,0,28,0,0,0,22,0,0,0,0,0,0,0,0,0,0,0,0,0,0,0,41,13,0,0,0,0,0,33,0,75,13,0,0,0,0,0,65,10,20,0,0,0,0,0,0,0,0,0,4,0,17,0,0,0,0,0,0,0,0,0,0,0,0,0,0,0,0,0,0,0,0,0,0,0,0,0,0,0,0,0,0,0,0,0,0,0,0,19,0,0,0,0,0,0,0,66,0,0,3,0,0
bc6f21affc11d8c4a5d6454f728e4add,0,0,0,0,0,0,0,0,4,0,2,0,0,4,0,0,5,0,0,0,0,0,6,0,0,0,0,0,0,0,0,0,0,0,0,0,0,0,0,0,0,0,0,13,19,4,0,0,0,0,0,35,0,0,0,0,0,0,0,0,0,0,0,12,0,0,0,34,0,0,0,0,0,0,93,0,0,0,0,0,0,0,0,0,0,0,0,0,0,0,0,0,0,0,19,0,0,0,0,7,0,0,0,0,0,0,0,12,6,0,16,0,0,0,22,46,0,0,26,0,0,0,0,0,0,0,0,0,0,0,0,16,0,0,0,0,0,0,0,0,0,0,0,0,0,0,0,0,13,32,0,0,0,0,0,34,0,0,0,0,0,0,11,0,0,0,0,0,0,0,0,0,0,0,0,17,4,0,0,19,0,0,0,0,0,0,16,9,0,0,4,0,0,0,13,0,0,0,0,0,0,0,0,0,0,0,0,2,0,0,0,0,2,55,0,0,0,0,0,10,0,0,64,0,0,0,0,0,0,0,0,0,0,0,4,25,0,0,0,0,32,0,0,5,12,0,0,0,0,0,4,0,0,0,0,0,31,0,9,0,0,0,0,38,19,5,34,25,0,0,0,0,36,0,0,0,0,0,0,0,0,0,0,0,8,0,0,0,0,0,51,0,0,25,4,0,0,0,496,0,0,11,0,0,0,60,0,0,0,20,0,0,0,0,0,0,0,25,0,0
c2ba82ad21732bcd0ef11c61560cf91c,2,4,24,111,0,0,0,197,0,0,35,7,37,121,41,33,0,7,49,0,63,0,79,0,0,0,19,18,27,10,27,259,49,24,20,6,1,20,42,0,72,18,7,0,16,22,42,76,3,28,0,79,8,0,21,468,296,0,0,124,15,26,8,30,0,40,246,104,3,299,61,7,275,71,0,284,239,19,27,54,12,24,20,13,9,26,471,38,0,0,158,121,43,46,1,0,46,50,0,103,20,132,21,71,29,28,15,66,2,33,16,425,82,46,0,29,0,32,106,0,157,0,0,125,139,152,0,0,28,53,0,72,0,218,12,23,11,4,8,0,0,23,38,99,160,70,6,0,85,8,355,0,33,36,44,29,19,0,103,1516,0,0,19,15,0,116,12,113,20,70,13,31,7,0,12,16,18,0,0,30,26,8,74,0,109,11,215,20,0,60,14,80,16,0,180,86,0,34,45,51,24,0,0,16,93,50,1,0,0,61,176,19,79,67,106,62,27,257,0,0,0,58,214,24,19,12,13,118,7,108,0,0,1,168,3,86,0,0,32,109,0,194,0,58,1,21,0,0,13,164,50,0,11,166,20,80,26,10,19,0,39,0,32,271,1,34,38,38,76,0,94,61,43,20,6,0,22,10,0,59,0,82,0,13,10,0,53,0,0,16,192,7,36,154,80,0,0,88,47,0,43,34,501,23,16,264,21,0,0,31,40,13,0,0,23,186,12,0,0,0
250a576e3788b3f444938c7b08afb2e3,1373,1016,11,1089,1158,19,1478,1717,257,606,6380,10359,28,3102,1579,905,172,524,0,1013,1186,558,983,2087,916,1074,456,47,3951,607,413,1903,2632,480,3015,9472,749,8625,13521,1416,691,0,3785,278,1056,2889,793,7882,5247,112,4,5190,292,7142,673,1976,5624,6541,1581,2373,640,640,10,3204,1737,1433,455,7810,3542,2792,7475,640,393,13077,365,3401,13059,2800,1210,607,39,26,8,1931,343,1241,5735,837,8670,570,1886,512,620,6855,1790,1232,121,2499,12691,382,14431,3429,719,1177,7835,8550,9599,0,1608,221,2389,3606,199,0,4521,3809,661,649,12549,2470,892,930,1052,1807,3381,1792,1607,440,559,3554,43,1115,4478,3874,9049,1701,14842,2896,0,74,2,7320,17407,3588,2023,1050,12023,72,267,2499,8035,225,13191,41,0,12506,35,12451,914,1046,0,437,22,84,1052,1788,0,9195,530,2879,86,5329,1209,179,3679,4095,244,1191,622,6215,2407,650,29,540,6060,1856,2187,4091,488,13809,154,1496,0,1082,3258,66,2148,987,4519,3334,1378,1562,657,444,2202,1289,2242,2885,2073,5344,4720,1376,2089,4970,418,1427,35,5024,302,13255,917,223,9354,637,471,1260,13,1540,2083,1842,7280,1353,154,28782,1501,885,365,9985,2694,5308,5097,3460,2635,3054,1838,3635,7261,2962,299,2687,2689,0,137,1015,188,11222,5114,1277,13907,9934,785,4284,6628,5670,1542,649,3045,7304,5548,191,430,1530,1449,1164,0,877,2306,12935,0,2310,11430,204,5782,3170,6894,1964,1919,665,2362,230,1508,811,161,1027,8475,5834,955,265,8961,6034,725,13389,2508,169,16,8861,676,7,52,5143,637,3304,934,6,745,3918,760,18,2031,822
eedb6e6a512baecd8df273d5495ca5c0,0,0,6,0,0,0,0,0,0,0,0,10,0,18,0,0,0,0,0,0,0,0,0,12,0,0,0,10,3,0,0,19,0,0,15,0,0,0,63,0,0,0,0,0,31,0,0,0,0,0,0,0,6,51,0,0,0,0,0,0,0,0,0,0,0,0,0,0,0,0,10,0,17,3,0,26,0,0,9,0,0,0,0,0,0,0,0,0,9,0,0,0,0,0,0,0,0,1,0,0,21,34,0,2,27,0,0,0,0,0,0,0,0,0,0,0,0,0,0,0,0,0,0,0,0,0,0,0,0,0,0,0,0,0,187,0,16,0,0,0,0,0,0,0,0,0,0,0,0,0,0,0,0,0,0,0,0,0,0,0,0,0,5,0,0,0,8,0,0,0,0,0,0,0,0,1,0,0,0,0,0,0,0,12,0,0,0,42,0,0,0,0,0,0,0,0,13,0,0,0,0,0,0,0,0,0,0,12,0,0,0,0,0,0,5,0,0,31,0,11,0,0,24,0,0,10,0,0,0,0,0,0,0,0,0,0,0,0,0,0,0,0,0,0,0,0,0,0,0,35,0,0,0,0,13,0,0,0,0,0,0,22,0,0,0,0,0,62,0,0,0,0,0,0,0,0,0,0,0,0,0,16,0,0,24,9,0,0,0,0,0,0,0,134,0,0,0,0,50,61,6,1,0,0,0,3,10,20,0,38,0,0,0,0,7,0,16,0,0,0
ed32eeb458a2b9bdee12e2db96fcb98b,12,17,0,153,0,0,249,31,48,36,339,504,161,77,0,0,43,57,0,433,18,307,879,826,61,0,0,0,411,338,0,177,140,355,114,372,0,383,0,183,160,0,143,81,32,204,79,309,47,0,0,16,0,216,27,0,366,187,29,56,34,115,0,33,60,28,156,1783,118,314,56,216,110,112,128,0,0,0,12,55,23,0,0,18,360,136,0,115,121,0,101,15,39,166,167,5,412,537,0,0,428,935,185,84,2479,0,0,165,194,195,32,1623,57,0,9,157,78,0,829,75,70,0,0,0,176,42,76,0,67,502,17,158,688,163,335,0,201,388,37,52,0,523,608,98,23,132,0,0,31,285,23,6,634,0,0,1036,0,1182,176,34,0,101,48,5,6,786,0,476,22,81,0,108,157,10,18,290,292,286,6,61,94,162,2,96,309,442,83,131,22,203,411,980,0,0,101,0,381,286,619,162,406,11,27,36,0,500,44,0,0,502,662,276,87,326,6,0,0,279,0,423,46,85,190,13,71,378,0,386,455,60,178,8,35,742,22,130,45,93,7,429,176,37,14,39,85,65,741,0,26,27,83,0,91,480,6,4587,582,23,81,66,248,24,102,692,458,45,200,782,209,11,46,102,181,62,0,22,190,66,33,299,74,69,0,778,349,57,138,0,91,8,479,71,50,1078,109,0,7,29,616,20,64,328,11,11,2,715,47,0,527,3104,40,129,66,0,0,542,147,92,0,53
645dd8b575c7e7c0952933bbe90b4bb9,0,0,0,0,0,0,0,0,0,0,0,0,0,0,0,0,0,0,0,0,0,0,0,0,0,0,0,0,13,0,0,0,0,0,0,0,5,0,0,0,0,0,0,0,0,0,0,0,0,0,5,0,0,0,0,0,0,0,0,0,0,0,0,0,16,0,0,0,0,0,0,45,42,0,19,18,0,0,0,0,0,0,12,0,6,5,8,0,0,0,0,0,0,0,0,0,3,0,13,20,0,0,9,0,0,0,54,0,0,0,12,194,0,0,19,46,18,0,0,0,0,36,0,20,16,45,0,0,21,0,22,0,0,6,0,5,0,0,19,0,0,0,0,0,0,0,0,0,0,0,0,0,0,0,0,0,0,0,0,0,0,0,0,0,0,0,0,0,0,0,0,0,0,4,0,0,0,0,0,0,0,0,0,0,0,0,10,0,0,0,0,0,0,0,0,0,0,60,0,0,17,0,8,38,0,0,0,0,0,33,0,0,0,9,0,5,0,0,0,52,0,0,0,20,0,0,0,0,0,0,20,0,0,0,0,0,0,0,0,53,11,0,384,0,0,0,0,0,43,13,0,0,0,58,0,48,0,0,0,0,0,0,0,0,0,0,0,5,0,49,0,0,0,0,0,13,16,0,0,0,0,0,0,0,0,0,0,0,0,0,0,0,0,27,4,0,0,0,0,0,0,0,0,0,0,0,0,0,0,0,0,6,0,0,43,0,0,0,0,0
0f898170dbe4592000abdcde0dd2ba2e,141,2915,1276,6220,564,52,388,1944,584,590,2455,2500,4783,3718,1106,1117,312,745,435,515,2191,8862,346,4478,254,892,4205,402,1082,3807,1356,1286,2061,1359,6508,2134,2654,3058,3369,1341,997,2368,2815,2190,1631,1407,1362,3303,1429,1609,4,3307,218,4274,800,4451,2555,1119,1340,391,3214,1479,328,2478,4582,1420,4315,2094,5069,3384,3606,1189,1089,3830,6777,4460,8418,5179,7552,83,379,1874,191,3273,1679,989,13,1303,1474,2200,5607,2814,1305,3748,617,1989,1302,2888,3478,933,17228,1000,1144,2636,2039,10867,3247,4083,2104,544,762,506,920,1034,12978,2463,655,1172,8625,2446,2438,673,678,7671,2626,8994,1760,1323,605,3274,51,3319,1361,3055,3370,1728,8108,2233,478,0,0,8122,4802,2050,599,1373,3773,211,829,726,3544,100,3270,329,1229,4382,0,7694,3144,4385,0,646,1503,562,248,3664,0,1341,5845,1221,3120,4320,1180,395,1010,3527,675,1020,222,2624,1910,1147,6131,765,3753,1007,2294,3359,546,3019,541,1918,178,440,428,919,2452,389,3034,4137,4295,2400,1645,1228,6356,2801,5316,1892,6845,6479,3740,714,694,10525,1123,2777,112,5324,93,3254,1224,444,2014,929,1207,1051,912,4713,3459,2359,1924,529,295,3351,1177,1961,87,1645,1478,4431,1100,3351,1574,2591,1965,3301,5416,1566,499,7872,2441,0,31,2728,1583,3282,2921,1724,6161,2817,1511,1030,3439,4251,4681,930,3444,2897,3727,1535,1131,1112,2140,4178,0,1176,2404,1877,1079,5115,2973,1644,1407,5344,5107,1493,1643,472,1399,513,1740,496,3047,18028,2012,3894,1558,1191,2044,1109,1744,4787,5797,1562,285,3615,835,215,377,2353,1529,1117,4218,9,944,1532,903,604,1251,1637
b5c3abd1c966bb0457d8dfe34c35b160,16,0,0,77,0,0,0,0,0,40,144,128,29,44,0,7,0,16,0,26,103,0,0,1109,18,13,74,0,306,69,0,0,35,176,329,258,0,44,0,0,23,0,55,136,462,363,97,199,89,65,0,71,40,515,61,0,258,318,22,0,0,193,0,276,0,56,73,194,134,63,54,0,0,0,113,81,44,0,67,0,11,0,33,156,0,117,0,0,52,30,149,107,45,228,0,2,0,115,235,0,450,194,53,0,487,0,0,134,37,0,65,17,6,0,203,144,12,0,233,89,180,0,15,0,189,0,13,24,12,135,0,0,99,0,0,0,768,318,0,0,0,331,0,143,27,91,0,0,0,0,0,0,0,0,23,430,14,110,0,388,0,0,0,15,14,558,0,160,48,162,0,123,0,10,0,65,61,65,0,96,82,237,0,0,187,0,0,569,63,215,0,0,0,30,63,0,0,25,406,159,64,0,0,55,0,39,58,25,0,52,110,0,60,886,35,48,17,590,0,58,30,4,226,3,123,224,0,67,14,528,35,0,4,0,37,55,0,0,0,227,0,423,9,83,66,55,134,0,32,484,476,0,15,0,0,305,70,0,0,332,83,134,0,236,158,42,132,79,0,19,0,124,124,206,0,139,215,30,0,33,15,176,0,42,449,427,116,0,0,34,57,38,136,289,139,51,0,0,0,10,99,274,74,0,0,74,167,0,0,400,1,38,24,0,0,0,117,0,0,42
ca39c1dfb5e738c293917a0ab7391c33,0,0,0,0,0,0,0,0,0,0,0,0,0,0,0,0,0,0,0,0,0,0,0,5,3,0,0,0,17,0,0,0,0,17,0,4,40,0,0,0,14,0,8,0,0,0,0,0,0,0,0,0,0,0,0,0,0,0,0,5,32,19,0,0,46,0,0,0,0,0,0,235,268,3,114,102,0,0,0,0,0,0,15,0,94,10,0,0,0,0,0,0,0,0,0,0,9,12,0,37,0,0,27,0,28,24,111,11,0,47,70,442,0,110,150,31,52,0,22,94,41,42,30,17,64,106,0,5,11,11,91,22,70,17,0,66,18,14,51,108,4,17,14,0,0,0,0,0,0,0,0,0,0,0,0,0,0,0,0,0,0,0,0,0,0,0,0,0,0,17,0,18,7,7,0,116,0,0,0,0,0,0,0,0,0,0,0,0,0,3,52,0,0,45,0,0,0,66,0,0,77,0,22,186,0,0,0,0,0,41,0,0,0,15,0,17,0,0,56,176,0,0,0,53,0,0,0,0,0,0,80,0,0,0,0,0,0,0,0,236,67,0,698,0,0,0,44,0,231,61,0,0,0,43,0,235,31,26,0,0,0,0,0,0,84,0,0,9,0,85,0,0,0,0,0,0,45,0,51,0,0,0,0,0,0,0,0,0,0,0,0,0,0,47,19,0,0,0,0,0,0,0,0,0,0,0,58,0,18,0,0,0,0,0,162,0,0,0,0,0
7d669e880492b330a9c9c649f65c2ba6,7,0,0,8,9,0,10,18,7,0,11,20,10,19,0,6,0,0,0,0,0,14,0,0,0,0,0,0,14,10,0,47,0,15,3,0,7,7,0,0,0,0,0,0,0,0,15,9,6,0,0,0,0,13,0,0,10,24,3,8,0,57,0,4,0,0,17,27,5,124,30,29,18,10,0,21,0,0,0,0,0,0,0,0,26,32,20,4,0,0,0,17,0,10,4,0,0,16,26,11,0,0,4,5,111,104,0,3,0,0,13,80,0,0,34,0,13,0,23,0,31,13,0,0,12,0,3,0,0,23,0,10,0,6,11,11,0,12,0,0,0,5,89,27,15,0,0,0,4,42,7,0,36,4,7,17,8,54,0,0,0,0,0,0,0,20,0,66,5,5,6,0,0,0,0,0,0,0,0,21,0,16,2,22,20,3,3,30,4,0,0,31,0,0,10,9,16,8,38,24,0,0,0,19,0,12,2,0,0,45,13,0,0,34,14,8,0,87,0,0,0,9,13,11,0,25,0,9,0,0,0,0,0,14,3,11,5,0,0,10,0,20,0,16,22,28,53,0,0,17,0,0,0,78,4,0,37,4,18,0,0,11,9,15,59,0,6,6,44,0,29,12,24,7,0,0,4,14,0,19,6,21,0,12,9,8,10,0,8,0,52,9,6,105,7,0,0,0,26,0,7,11,4,3,0,36,3,0,17,0,11,14,0,0,0,21,0,0,0,0
494975433cf1f940b003816db0232f8b,0,0,0,0,0,0,0,0,0,0,0,0,0,0,0,0,0,0,0,15,0,0,0,0,0,0,0,0,0,0,0,0,0,0,0,0,0,0,0,0,0,0,0,0,0,0,0,12,0,0,0,0,0,0,0,0,0,0,0,0,0,0,0,0,0,0,0,17,0,0,0,0,0,0,0,0,0,0,0,0,0,0,0,0,0,0,0,0,0,0,0,8,0,21,0,17,0,0,0,0,2,0,0,0,0,0,0,0,0,0,95,0,0,0,22,0,0,0,11,0,0,0,0,0,0,0,0,20,0,0,0,0,0,0,0,0,0,0,0,0,0,0,11,0,7,0,0,20,0,0,4,0,0,0,6,0,14,44,0,0,0,0,0,0,0,0,0,0,0,0,0,0,0,0,0,0,0,0,0,0,0,0,0,0,0,0,0,0,0,0,0,0,0,0,0,12,0,0,0,0,0,0,0,0,0,0,0,0,0,5,28,0,0,0,0,0,0,0,0,15,0,0,0,0,0,0,0,0,0,0,0,7532,0,0,0,0,0,0,0,10,0,0,0,0,0,0,0,0,0,0,0,0,0,0,0,0,0,0,0,0,0,0,0,0,0,0,0,0,0,0,0,5,0,0,0,0,0,0,0,0,0,0,0,0,20,0,0,0,0,0,0,0,0,0,6,0,0,0,0,8,0,0,0,0,0,0,0,0,0,21,0,15,0,0,0,0,0,0,0,0
b67b924653e2ba692fd3ea7c8f75c2ee,0,0,0,0,0,0,3,0,0,0,0,0,0,0,0,0,0,0,0,0,10,0,0,0,0,0,0,4,0,0,0,0,0,0,15,0,0,0,0,0,0,0,0,0,0,0,0,0,0,0,17,0,0,0,0,0,0,0,0,4,0,0,0,0,0,0,0,0,0,62,5,0,0,21,0,0,0,0,0,0,17,0,10,0,4,0,0,0,0,0,3,0,0,0,0,0,0,0,6,0,0,0,0,0,0,0,0,0,0,0,0,0,0,0,0,0,20,2,20,0,0,0,0,0,0,0,0,0,0,4,0,0,0,0,7,0,0,0,0,0,0,0,0,0,0,3,0,11,0,0,0,0,0,0,0,33,0,0,0,0,0,0,0,0,0,0,0,0,0,0,0,0,0,0,0,0,0,0,0,14,0,0,0,0,12,0,0,3,0,0,0,0,6,0,0,0,0,0,6,0,0,0,0,0,0,0,0,0,0,0,13,0,13,0,0,0,0,0,0,52,0,0,0,0,0,0,0,0,0,0,0,0,0,0,0,0,0,0,0,0,0,0,0,0,0,0,0,0,0,5,9,0,0,0,12,0,0,0,0,0,0,4,0,0,33,0,0,10,0,0,0,0,10,0,0,0,0,0,0,0,0,0,0,0,0,0,0,0,0,0,42,0,6,26,0,0,0,0,0,0,0,0,0,0,0,0,0,0,0,0,0,0,0,4,0,0,0,46,0,0
632a77028290d1ecbd9bfe2958610b8c,1016,17485,9369,30964,200,3244,74,1848,1547,13129,1683,1668,8892,2090,2809,4085,44302,709,16511,510,4056,382,7924,4899,7982,9862,1961,1998,1943,3083,1462,291,2010,7011,2595,2616,16281,7696,4246,349,5801,12261,10155,6053,2410,3878,4203,313,1019,3247,84,1316,3897,644,202,2421,3799,5237,20189,728,4276,3128,2371,7598,813,5267,3430,3149,5992,6873,5629,406,7676,9315,2591,1909,4095,5514,15104,4959,13259,1138,2147,3801,12626,3282,8,10900,694,1566,3488,5092,8725,3114,5964,5452,6279,5154,6908,6070,2631,1431,8356,4524,739,3500,1861,14656,3456,2739,2063,1223,5403,2103,6204,2134,3504,5570,5823,161,10824,5282,3157,361,2331,6800,4064,8322,190,2161,1092,3200,138,3757,3506,5347,875,886,208,621,3561,6456,4025,1318,1997,3104,7743,4547,20824,10826,20957,2932,7070,12680,5092,2015,148,2282,22998,8527,14128,2069,25803,8713,1438,7674,1270,2392,5225,3786,2130,4314,16342,587,4222,21129,5881,1152,8114,2746,11628,1591,5192,10188,3576,4601,226,4516,4971,1310,1188,3420,2061,795,431,4692,2033,1065,5065,1788,2334,2102,6891,1430,6176,296,6746,2698,4299,3740,5405,5792,5867,12384,1387,2718,2876,3435,472,1472,5239,3340,6028,12906,1317,2245,13874,7243,3103,2093,2374,1181,12923,1837,12781,1757,2273,5795,17184,7344,5823,1518,2249,1133,6146,9289,4983,2014,563,6994,1570,1774,12809,3777,5492,3428,5702,10719,3992,5181,604,2862,3954,5275,7719,10763,3605,2981,4411,477,1866,11325,7465,2897,2317,5343,864,664,9938,25349,1518,10954,6138,553,958,2554,8756,2777,1055,4474,5392,515,4942,4147,17849,3429,4328,10062,8862,3976,6183,2868,1867,12046,9319,1785,8275,18177,8549,391,2565,1338,1781,5611,323,788,9456,19820,3492,7317
5b239eddc0c4c102c7f721bae475cf22,0,34,632,5405,85,44,0,18,197,901,244,384,73,357,0,39,53,67,51,195,499,0,19,72,547,532,73,23,33,71,53,0,268,571,36,118,155,864,86,7,148,118,241,557,137,37,353,11,10,645,0,540,9,123,10,48,152,314,600,12,77,71,41,236,30,126,33,193,378,782,849,0,364,280,35,78,130,28,1399,18,445,0,0,376,26,127,0,31,127,23,131,126,1204,95,354,344,59,775,345,0,211,61,6,249,48,375,5,2274,179,64,306,19,410,6,181,115,142,317,1065,11,780,13,134,45,818,108,135,341,0,91,70,41,0,0,234,2111,149,491,0,35,3,684,1003,9,70,0,168,75,199,616,866,111,362,245,172,305,0,465,1255,122,876,0,1506,627,78,46,4,13,786,188,389,632,0,28,210,1502,33,23,646,245,2084,343,109,0,470,168,133,906,644,132,0,92,69,146,0,4,123,129,47,163,304,280,141,59,610,62,319,74,314,66,155,100,211,430,0,145,112,163,90,253,418,122,74,750,53,132,578,229,171,489,356,446,33,534,167,341,51,44,821,471,343,0,326,11,587,105,582,118,0,1027,677,5,6,147,34,484,303,310,969,676,29,354,185,143,326,188,161,94,1137,22,50,750,513,25,0,217,18,19,101,431,578,90,0,43,150,293,988,33,49,0,98,21,637,43,1315,145,381,642,70,464,109,400,6356,351,227,247,25,52,565,28,141,39,246,0,18,8,1815,154,539,146
51c79d7c5c2260b32f6ad5b82272898e,0,0,0,0,0,0,0,0,0,0,0,0,0,7,0,0,0,0,0,0,0,0,16,0,4,0,5,0,0,0,0,0,3,0,50,0,0,19,0,0,0,0,0,0,0,0,0,0,0,0,0,0,0,0,0,0,0,0,0,0,0,0,0,0,0,0,0,0,0,197,0,0,0,16,0,0,0,0,0,0,0,0,0,0,0,0,0,0,0,0,0,0,0,0,0,0,0,16,0,0,0,0,0,0,0,0,0,0,0,0,0,0,0,0,22,6,6,0,181,0,0,0,0,0,0,0,0,0,0,18,0,0,0,0,14,0,0,0,0,0,0,12,0,0,0,0,0,0,0,6,0,0,18,0,0,11,0,0,0,0,0,0,0,0,0,0,0,2,5,18,0,5,0,0,0,77,0,0,20,0,38,4,0,0,72,2,0,2,6,2,0,0,0,0,0,0,0,8,30,0,2,0,0,0,68,0,0,0,7,0,0,0,22,0,0,0,0,3,0,17,0,0,0,18,0,0,0,0,6,0,0,0,0,19,0,0,0,8,7,0,0,0,0,0,3,0,6,0,0,0,0,0,0,0,0,0,0,0,0,0,0,6,46,0,127,2,3,0,10,0,0,0,0,0,0,0,4,0,0,4,0,0,5,0,12,0,6,0,0,0,0,0,7,0,0,0,0,0,58,12,0,0,25,0,0,0,0,0,0,0,0,8,2,0,0,0,24,0,0,0
20f887a0f58476d52027e0798805c1d2,0,0,0,0,0,0,3,0,0,0,0,29,0,0,13,3,0,0,387,0,0,61,56,0,2,0,13,6,142,178,0,67,29,0,34,34,0,0,0,0,0,7,0,19,0,19,135,44,0,0,0,10,0,0,0,0,3,4,9,47,16,0,0,0,0,0,159,8,0,65,21,0,22,12,89,0,0,0,9,5,84,0,107,0,0,7,0,60,95,3,0,9,7,31,86,5,0,0,38,0,12,21,38,5,44,0,0,0,10,0,0,25,0,0,17,0,0,0,23,31,0,0,0,0,4,41,0,6,0,0,5,0,0,13,0,0,0,0,0,0,0,0,0,0,27,0,0,0,10,19,0,0,0,28,0,56,0,0,0,0,62,6,4,0,2,27,20,0,45,5,42,0,16,13,10,200,201,0,19,7,11,92,35,68,0,0,0,0,11,0,11,0,67,0,0,0,7,0,99,40,26,4,0,0,0,0,3,37,0,0,0,63,13,20,145,0,0,4,0,0,0,0,49,10,11,22,0,76,27,2,0,0,153,9,15,0,0,0,0,0,2335,0,0,0,0,37,3,0,0,14,14,17,16,15,4,0,8,0,0,0,0,0,16,3,0,3,25,0,39,6,0,39,0,5,0,28,190,0,0,0,13,28,0,0,17,18,0,15,7,7,0,4,0,0,8,0,3,0,81,16,4,0,0,0,20,29,11,0,7,3,0,10,2,163,0,42,19,88,0,32
3a4c1eb8dbc9f93fbbfbd8702754c0df,0,0,0,11,11,0,0,41,0,110,0,12,0,10,0,4,0,0,91,10,0,18,12,0,9,0,0,44,41,13,45,0,10,0,11,9,4,65,0,0,0,15,14,9,0,18,130,26,0,11,17,0,0,136,0,0,0,12,0,11,6,53,0,15,0,13,0,27,6,90,32,0,10,42,23,0,0,3,0,3,12,0,168,11,0,31,0,0,56,0,3,13,0,42,0,0,0,26,21,0,8,50,0,15,25,0,0,17,0,0,42,0,0,0,0,0,76,0,80,15,7,70,0,0,12,13,0,0,0,29,0,14,0,0,265,0,9,4,0,13,22,40,0,0,0,3,0,0,18,24,26,0,0,11,14,86,0,0,7,0,5,13,49,0,0,0,13,48,18,20,13,100,0,8,0,149,0,0,0,11,0,133,12,36,60,0,18,11,48,6,5,8,74,9,27,0,31,0,27,19,15,6,0,0,114,10,33,0,154,64,12,18,50,0,0,0,8,0,4,98,0,6,0,43,0,49,6,22,64,13,0,6,22,0,0,0,45,0,7,0,354,29,96,0,20,8,0,0,0,7,0,19,0,0,5,8,0,0,10,84,5,125,31,15,57,0,0,108,0,0,14,21,10,0,0,8,6,0,0,62,64,4,8,0,0,0,10,94,5,5,43,10,17,35,0,6,3,0,30,0,15,0,37,11,0,30,0,102,9,7,37,0,0,5,0,22,76,25,0,12
969732ae717bf5a9282f4781499aadb4,50,37,5,665,108,0,334,18,69,347,190,2756,0,1812,4,3,44,579,82,124,97,0,673,891,138,0,202,194,145,661,169,126,1032,243,824,1055,477,3273,1233,69,118,264,952,286,925,496,94,1133,117,34,0,1743,77,2759,182,50,273,1380,613,7,366,760,16,1903,510,159,159,920,526,2452,3068,379,155,7965,261,4757,1254,0,1109,67,45,54,628,324,88,534,0,112,757,111,56,331,683,996,80,2632,19,2488,191,11,769,2165,380,484,1232,3254,4,37,362,171,585,904,3699,0,4049,167,453,58,1243,414,290,99,346,1232,1207,3154,284,5,186,3642,3,663,95,656,7717,384,1544,230,2,0,0,6049,3417,226,117,521,67,11,53,518,1308,57,1169,291,108,2598,54,1832,426,382,0,826,151,0,60,1387,17,772,1564,466,1116,2750,689,83,261,1436,408,551,498,1178,389,146,66,2128,1060,64,800,1540,799,1757,9,2201,131,150,558,41,794,205,694,584,400,633,720,174,1957,290,766,3090,2503,571,625,89,634,982,0,1009,71,318,28,1818,86,70,839,373,207,1891,0,220,1388,988,1474,744,130,240,268,498,45,954,2496,667,816,7283,371,897,634,410,2720,307,314,957,364,24,98,222,128,1204,224,170,3023,815,145,707,3909,565,2200,209,3016,4346,1485,148,66,237,2493,25,827,104,720,630,81,950,678,73,156,699,1173,1026,275,453,223,14,252,57,1368,1414,2520,1452,316,80,7416,517,629,3456,3917,244,0,2103,390,186,188,1063,177,677,503,0,342,309,363,159,1286,293
81b95cf5e2e0e3f7579b7dfa4b2ebed0,239,5,52,593,19,24,85,328,31,129,122,450,49,686,89,115,134,89,222,103,53,200,358,1763,79,23,21,18,218,82,92,158,363,89,530,217,392,1123,1708,118,120,54,79,653,359,283,59,290,64,93,0,578,0,1302,19,300,862,948,105,230,119,805,8,388,0,77,304,691,164,1969,1185,227,294,1290,417,3076,543,8,137,76,49,24,90,148,165,117,0,57,221,79,130,90,171,277,14,453,3,363,86,88,492,320,39,90,576,217,35,254,128,36,96,395,924,0,1229,159,274,159,1278,95,210,11,219,796,163,283,111,21,55,692,0,99,214,252,4567,714,292,86,0,6,0,4186,173,178,226,187,971,192,71,151,413,23,383,129,104,924,128,460,362,694,2650,17,422,157,18,789,33,756,1177,143,34,99,48,8,51,201,61,154,94,288,59,88,26,571,1291,108,246,1622,63,393,51,947,51,2,251,35,281,62,665,225,18,113,74,13,1202,120,475,220,68,405,562,178,169,267,1379,471,54,525,16,1149,25,174,689,132,21,222,0,525,285,489,306,52,23,1822,153,227,250,273,158,482,369,328,310,150,278,83,622,4,57,568,121,0,190,649,137,1811,528,54,1432,316,40,171,1880,699,794,98,265,1100,549,45,205,80,290,167,33,77,108,96,0,488,761,187,27,71,887,228,27,473,57,20,438,90,154,2937,202,202,10,90,2700,1593,72,431,891,37,0,752,107,27,163,610,67,235,180,0,56,289,157,64,63,119
26de4690cd2c89c490c37a8d1418d67a,11,17,0,12,5,0,5,0,9,29,28,188,38,313,0,0,158,16,0,31,9,0,68,131,21,34,0,25,64,118,0,0,60,26,127,67,69,258,29,18,35,58,83,11,36,69,0,133,0,0,0,89,9,184,27,95,0,112,65,12,34,0,0,137,118,25,46,52,7,16,440,8,19,0,97,275,196,60,183,37,0,0,19,79,38,16,0,0,14,0,23,9,43,145,37,149,0,258,48,14,97,155,19,107,50,43,7,0,68,0,21,35,59,0,199,33,29,0,127,15,39,0,0,40,65,0,17,0,21,163,10,61,12,15,471,143,41,0,0,0,5,0,107,0,63,64,487,21,7,29,178,0,177,48,31,198,0,268,56,30,19,0,354,31,0,122,0,38,46,49,79,115,31,0,73,136,11,35,49,86,97,14,61,153,147,0,11,82,45,112,8,63,11,19,17,0,51,25,48,126,0,81,50,24,290,34,261,108,116,101,101,0,18,182,0,135,33,146,0,159,16,22,35,77,19,13,0,40,106,134,67,43,9,101,50,0,18,53,138,134,38,136,109,75,163,0,0,65,0,79,53,0,31,22,20,144,86,9,209,233,0,59,876,78,91,48,55,78,58,19,16,19,123,48,0,5,0,0,28,238,198,12,17,25,141,48,111,84,0,0,48,20,113,457,23,116,11,0,509,140,83,298,0,105,0,413,45,62,48,47,73,120,0,0,0,50,32,0,37,18
c5bd025300b4ef0c652dd11cef56ac29,24,7,0,0,0,0,0,0,11,0,7,16,0,66,0,0,10,0,298,0,39,19,107,10,0,0,0,137,5,65,290,0,29,5,41,16,2,180,0,0,0,34,3,44,0,4,62,47,0,12,53,31,0,115,0,0,9,0,18,9,0,76,0,127,0,28,65,9,0,318,14,9,0,67,0,0,0,0,0,0,35,0,413,0,0,0,0,36,4,17,19,39,0,0,26,0,0,16,0,24,0,294,0,89,35,0,0,2,4,0,51,10,0,0,195,0,223,7,536,16,12,10,6,0,12,15,0,0,0,12,7,27,3,16,221,0,0,7,0,0,93,57,0,0,115,74,0,8,5,0,16,0,17,0,7,50,18,6,0,0,12,11,28,67,2,0,18,3,46,55,0,96,3,8,0,135,26,4,151,14,125,0,6,71,153,13,102,53,16,13,2,25,108,6,14,0,2,0,109,17,11,0,0,8,0,0,0,48,9,25,3,21,71,25,20,155,0,0,7,93,10,14,40,39,0,148,0,161,58,15,8,0,46,130,23,0,0,0,6,0,1340,21,3,9,0,3,3,0,0,139,12,4,0,9,40,0,0,0,0,19,15,105,225,13,13,6,12,214,19,0,0,12,40,0,12,15,393,0,0,10,26,19,13,0,105,5,27,33,0,22,31,8,28,74,4,0,0,5,502,78,0,65,74,0,0,13,0,0,9,0,9,0,6,67,2,4,84,61,6,14
95251fbafeb9956f566a3da93d145d63,82,157,219,107,33,0,0,122,26,30,201,102,449,75,45,894,641,80,1594,181,323,525,154,42,27,53,18,138,113,30,185,35,25,16,30,0,53,117,124,22,112,42,88,76,36,39,127,69,12,119,213,0,0,0,21,142,210,227,39,242,51,51,13,39,79,48,366,232,101,134,252,235,192,265,232,216,129,167,40,146,66,268,59,89,121,56,626,296,44,51,90,145,69,69,90,82,195,85,111,374,564,193,66,156,184,120,340,48,28,71,30,119,23,36,128,93,30,127,147,17,48,75,103,102,26,243,116,29,24,175,96,120,11,629,114,250,38,15,0,45,525,54,81,58,109,31,42,202,99,119,68,0,60,58,43,0,198,76,130,502,73,26,79,13,9,274,53,150,88,80,169,86,1015,9,36,69,184,54,165,118,26,10,47,116,59,27,315,99,0,35,150,135,48,6,56,322,91,30,274,534,150,305,24,18,12,103,28,118,496,65,134,215,26,112,634,54,119,424,7,62,158,23,224,54,16,482,69,266,121,295,68,6,42,97,76,440,210,0,97,86,65,185,34,62,109,115,126,132,37,182,217,0,78,385,95,177,116,132,82,15,61,16,582,64,127,88,50,67,43,25,169,97,72,93,90,46,46,35,32,21,47,88,104,204,55,26,87,241,100,194,204,34,27,190,364,49,30,71,553,15,106,375,121,46,78,105,121,340,18,86,50,8,46,40,18,108,19,254,112,60
cb3f42ad378ddeda014d895db355586b,20,172,197,1136,15,44,28,29,52,289,161,638,76,140,189,1007,321,14,1199,158,272,264,104,65,378,379,103,299,310,352,26,16,98,243,172,114,352,407,106,241,446,57,239,59,411,45,220,84,11,60,0,82,69,49,34,199,369,153,308,64,62,147,79,59,168,95,131,210,101,279,271,75,519,362,11,100,26,376,361,87,300,51,39,350,406,460,12,116,11,92,111,207,127,96,347,262,778,142,123,267,368,44,353,941,200,175,78,2440,228,199,77,168,230,47,905,76,111,167,508,55,769,75,272,61,69,258,363,531,15,302,48,535,0,838,1368,188,122,41,0,128,11,582,14,28,148,61,347,176,1000,924,455,49,342,154,67,156,17,181,566,169,53,258,483,154,20,47,125,521,531,437,155,943,2235,23,508,266,287,357,1530,74,677,120,349,1082,102,430,108,298,167,117,108,157,257,49,0,271,104,64,413,70,257,392,230,26,379,12,52,159,1265,92,148,1415,136,300,0,288,353,409,29,191,411,97,364,561,190,208,573,183,733,452,70,13,298,151,231,373,526,133,195,676,144,111,119,79,636,143,570,121,67,316,44,49,918,128,222,114,222,379,223,0,75,134,397,136,527,419,257,307,259,45,0,304,369,57,39,680,137,12,74,1318,184,71,667,97,166,135,483,958,221,484,373,44,221,300,854,212,189,267,746,299,412,91,69,755,386,331,806,1546,311,61,175,17,138,264,46,47,448,501,60,356
1e2270e7a0c8c2e951edc6813b58451a,7,229,209,607,9,23,0,14,13,170,99,74,85,91,281,127,171,0,1211,16,116,6,23,101,94,34,14,133,157,14,59,12,0,31,29,40,282,52,0,27,12,25,173,56,69,29,70,21,5,69,9,0,11,20,24,53,131,30,114,158,5,25,16,7,14,26,82,75,109,50,396,30,228,437,9,265,53,84,59,104,122,73,44,181,201,171,61,42,0,41,50,71,59,139,104,38,147,28,149,41,151,54,1017,89,50,32,17,161,104,52,96,12,803,54,94,0,116,170,46,0,156,235,27,0,249,25,113,121,0,119,19,147,28,791,203,169,932,17,0,14,119,178,0,53,35,19,190,33,173,143,83,0,68,16,62,27,41,0,108,733,19,0,277,32,0,101,20,123,88,96,64,270,16,0,119,91,272,258,416,34,10,81,46,215,19,73,61,242,36,5,46,123,65,37,30,196,26,0,156,25,260,1094,122,32,28,19,29,49,0,83,65,563,58,55,35,77,143,145,16,37,82,6,104,306,0,9,430,159,28,46,33,0,214,21,128,181,293,0,77,253,246,15,21,16,57,70,31,110,31,239,47,26,712,64,27,23,122,323,32,19,66,26,44,73,93,116,0,49,54,0,92,38,81,103,21,95,59,14,192,134,0,57,240,0,13,83,282,298,0,307,128,12,332,216,305,48,172,73,137,36,75,12,0,557,115,60,324,1542,31,0,26,3,40,78,0,43,194,0,15,46
820d3c5095323f85949bc959fd15d1b7,0,14,47,22,0,0,4,56,19,0,35,13,9,35,32,7,0,6,33,16,5,0,71,0,28,5,0,6,64,86,7,77,5,41,40,50,27,18,0,0,27,0,58,58,13,18,46,10,7,7,0,20,0,35,3,55,219,54,0,102,9,8,4,0,0,4,54,19,9,61,40,51,70,97,15,23,8,6,19,37,0,7,39,13,12,13,0,53,0,7,66,26,0,20,21,22,32,13,73,71,77,40,0,23,36,85,44,18,5,25,9,77,2,0,32,19,27,0,36,5,25,0,0,23,9,12,10,0,2,5,31,18,0,55,0,5,23,27,0,0,0,42,9,20,25,70,0,86,20,8,25,0,0,0,43,0,24,0,30,414,5,23,7,0,7,103,5,116,0,30,0,21,9,0,0,0,18,4,26,0,0,10,4,6,25,24,50,44,0,9,0,139,13,0,61,12,40,0,13,57,30,9,3,7,5,13,0,9,0,88,83,4,29,20,172,30,31,74,0,4,14,20,198,40,3,0,7,90,8,46,27,0,0,19,17,76,19,0,0,40,77,68,0,0,44,16,50,0,7,83,41,0,42,88,8,81,14,0,5,38,0,41,26,58,21,5,0,83,19,0,7,40,16,23,11,13,0,32,0,20,0,22,6,7,19,7,6,0,22,28,46,19,4,141,3,14,7,0,102,0,18,14,10,0,0,44,12,0,11,24,3,4,11,2,0,111,8,18,0,71
92fb114641e27921122496428e2ef0dd,0,0,0,0,0,0,0,5,0,0,0,0,0,0,0,0,0,0,0,6,0,11,0,0,0,0,0,3,0,0,0,0,0,0,0,0,0,0,0,0,0,0,0,0,0,0,0,0,0,0,0,0,0,0,0,0,0,0,0,10,0,0,5,0,8,0,0,0,0,5,0,0,0,0,0,0,4,0,0,0,0,0,0,0,0,0,0,0,0,0,0,5,0,8,12,0,0,0,12,0,0,0,0,4,0,15,38,0,0,5,0,15,0,0,0,0,7,0,4,0,0,0,19,0,0,29,0,5,0,7,0,0,32,8,0,9,0,0,9,0,0,0,0,0,0,0,0,0,0,0,0,0,4,0,0,0,0,0,0,0,0,0,0,0,0,0,0,0,0,0,0,0,0,0,0,0,0,0,0,0,0,0,0,0,29,0,0,0,0,0,0,0,0,3,0,0,0,14,22,0,0,0,0,13,0,0,0,5,0,0,0,0,0,0,0,3,0,0,0,0,0,0,0,0,0,12,0,0,0,0,0,0,0,0,0,10,0,0,0,3,0,5,0,0,0,0,5,0,6,0,0,0,0,17,0,0,0,0,0,0,0,0,0,0,0,0,0,0,0,0,0,0,0,0,0,0,0,6,0,0,0,0,4,0,0,0,0,0,0,0,0,0,0,0,0,0,0,0,0,0,0,0,0,0,0,0,0,0,0,0,0,0,0,0,0,0,0,4,0,0
5431c93e93b57f0b74748eb702ea1e72,15,799,509,1557,112,203,35,65,93,567,513,285,100,521,41,269,185,8,60,29,169,14,541,517,216,660,127,50,185,408,185,145,49,201,108,66,286,986,240,14,397,61,210,219,371,142,368,35,159,253,0,51,109,28,0,384,352,66,153,30,54,117,476,99,37,151,643,508,311,472,706,24,929,2052,468,313,185,61,93,562,1360,354,19,118,3637,852,26,474,25,35,887,302,272,228,76,89,83,189,198,98,18,421,321,327,158,164,0,2352,82,830,78,430,2173,67,148,123,334,336,963,38,413,1198,637,136,129,46,60,526,0,90,20,84,10,1306,854,1319,168,148,0,83,0,345,0,166,129,249,968,32,1369,300,1152,906,332,314,115,193,31,412,66,1404,1361,336,323,31,26,372,22,322,209,811,16,326,5050,23,410,895,1104,421,1654,83,445,586,229,455,327,985,21,172,138,38,44,150,31,51,85,763,66,143,1545,59,815,98,1524,63,299,64,82,151,298,596,69,3304,317,635,187,252,460,371,193,236,1645,176,276,1231,67,9,242,433,280,117,82,9,189,351,223,1062,2139,0,1453,1336,643,115,116,142,596,67,245,23,107,232,44,73,202,445,287,382,437,1750,59,87,189,183,480,135,297,356,71,124,169,59,152,1554,161,12,0,481,85,18,1929,262,28,95,85,5,43,106,529,970,4,1170,380,153,195,196,205,32,64,205,603,139,208,35,45,249,521,748,438,3008,1005,11,586,59,159,351,29,302,663,34,455,17
7c821085a5548386a8d91fe359fa3ff3,77,82,27,3385,188,32,253,103,139,1321,430,1878,293,2428,89,318,5,263,342,66,484,369,2144,1251,222,618,479,108,384,2006,521,163,2315,362,1485,395,1026,3479,218,223,618,684,556,2188,311,414,1074,682,22,52,690,2064,79,1480,124,131,221,338,765,109,488,531,142,2032,323,796,691,329,709,5782,3032,258,627,2674,698,995,735,731,2544,111,219,185,2509,790,353,451,0,503,414,311,231,417,452,2312,321,1839,41,1797,989,100,1345,1476,295,1144,755,1407,23,348,313,48,657,602,1856,22,3050,375,2285,227,2175,618,1308,264,728,694,956,2785,188,509,207,2037,9,1143,175,431,7134,1706,521,191,41,0,451,5622,2183,548,1049,232,3302,396,221,1621,1907,58,2103,446,1384,2110,70,3852,672,308,5117,217,247,340,85,560,245,1760,3383,256,468,2156,980,50,1548,3868,1701,1540,246,1356,671,562,299,488,1664,171,1177,979,588,937,62,590,589,282,388,81,1217,279,951,819,828,679,1585,170,4960,271,1458,1727,2370,1003,751,830,1659,1267,909,1445,629,912,331,3616,153,237,781,1889,360,1097,63,835,2731,1253,1094,416,218,2572,109,677,255,475,2823,918,6210,2782,1012,464,512,1119,2927,190,374,3236,362,59,0,383,508,1440,235,114,2531,1378,539,2225,1054,397,5758,480,2029,2156,1716,405,421,398,1798,953,433,299,1826,78,86,1879,2988,315,792,607,2149,1541,1259,1495,186,162,1319,276,2017,2108,1022,1556,157,63,1508,3249,1928,789,2987,2975,45,1629,165,329,542,889,827,521,1164,229,390,519,816,592,498,332
3a8a7409bdc33da14a01ec3e3313b9a7,0,0,0,0,0,0,0,7,0,0,0,0,0,0,0,0,0,0,0,0,0,3,0,0,0,6,0,0,0,0,0,0,5,0,0,0,0,4,0,0,0,0,0,0,6,0,0,0,0,0,6,0,0,0,0,0,0,0,0,3,0,0,0,0,0,0,0,0,0,10,5,0,8,0,0,0,0,0,0,0,0,0,9,0,0,0,4,0,0,0,0,7,0,0,10,0,0,0,5,0,0,8,0,0,9,0,7,0,0,8,0,0,0,0,0,0,0,2,0,0,0,0,0,0,0,0,0,0,0,0,0,0,0,0,0,0,0,0,0,0,0,0,0,0,0,0,0,0,0,0,0,0,0,0,0,0,0,0,0,0,0,0,0,0,0,0,0,0,0,0,0,0,0,0,0,0,0,0,0,0,0,0,0,0,23,0,0,4,0,0,10,0,0,0,0,0,0,0,0,0,0,0,0,0,0,0,0,0,0,0,0,0,19,0,0,0,0,0,0,0,0,0,0,0,0,9,0,0,0,0,0,0,0,0,0,32,0,0,0,0,0,0,0,0,0,0,8,0,0,0,0,0,0,8,0,0,0,0,0,0,0,0,0,0,0,0,0,0,0,0,0,0,0,0,0,0,0,7,0,0,0,0,0,0,14,0,0,3,0,0,0,0,0,0,0,7,0,0,0,0,0,0,0,0,20,0,0,0,0,0,0,0,4,0,0,0,0,0,0,0
564e9f4d70915c0026898422d57b1431,0,0,0,0,0,0,0,0,0,0,0,0,0,94,0,0,0,0,0,0,0,0,0,0,0,0,0,0,0,0,0,0,0,0,2,33,0,47,0,0,0,0,0,0,0,0,0,0,0,0,0,0,0,21,0,0,0,0,0,0,0,0,0,38,6,0,16,9,0,60,3,0,0,0,0,0,0,0,0,0,8,0,0,5,0,0,0,0,0,0,0,0,0,0,0,4,0,26,0,0,0,0,0,0,0,0,0,0,0,0,10,0,0,0,29,0,4,0,0,0,90,0,0,0,26,0,0,0,0,0,0,0,0,0,0,0,0,3,0,0,0,0,0,0,5,0,0,0,0,0,0,0,170,0,0,112,0,0,0,0,0,0,0,0,0,0,0,0,27,9,0,0,0,0,0,278,0,73,0,0,65,3,0,1565,0,34,0,0,19,0,0,0,0,0,0,0,0,0,7,0,3,0,0,0,16,2,4,0,20,0,0,0,0,0,0,0,0,14,0,23,0,0,0,8,0,0,0,0,0,0,0,13,4,0,0,0,0,0,0,0,0,0,9,0,0,0,0,0,0,0,4,0,0,0,0,37,0,0,0,0,5,0,170,0,0,0,113,5,86,0,0,0,0,0,0,0,0,0,0,0,0,0,8,4,0,0,0,0,0,0,0,52,111,0,53,0,0,0,0,0,0,0,0,229,0,0,0,0,0,0,0,0,0,0,0,2,4,0,0,0
386a607b118090dd71bfc8b4b4081447,57,849,419,603,69,74,34,369,140,464,397,497,210,666,122,1006,1679,408,2660,171,1340,574,116,286,112,243,65,802,245,782,214,236,299,83,158,322,214,110,209,237,208,141,280,351,490,179,291,351,61,441,0,500,31,130,63,516,314,860,108,267,108,289,17,134,320,496,187,1426,283,463,774,552,685,851,650,592,579,171,306,192,140,644,97,456,182,670,15,280,151,173,307,548,260,379,187,369,257,353,357,792,975,341,64,1041,544,507,576,197,519,214,161,860,1311,0,533,198,207,306,440,92,348,168,146,473,224,580,328,148,141,390,408,452,290,1327,427,794,981,258,124,90,102,199,417,463,496,241,201,1098,157,936,392,52,211,315,329,79,100,215,624,1188,16,180,446,231,27,978,415,1697,347,199,1801,736,1229,13,234,115,2254,134,687,263,212,120,162,789,209,129,477,482,104,235,242,2772,79,76,123,686,63,98,761,1361,814,697,265,84,130,259,207,664,2260,381,1190,223,110,421,375,229,115,299,6,279,177,155,782,242,203,552,200,810,353,263,373,93,275,346,911,735,299,45,355,338,270,456,118,359,608,372,983,836,111,646,277,24,269,543,238,366,828,367,1305,119,129,522,760,185,543,281,393,309,87,60,449,153,288,239,71,75,516,248,636,360,460,126,761,326,215,263,395,697,841,157,569,86,192,337,820,160,583,171,1723,108,567,682,379,151,505,671,653,2191,25,468,146,167,300,34,49,518,239,511,225,316
afce1dc2c06acb90ad5d3da0fffbcd02,0,0,0,3,0,9,8,0,0,13,0,8,0,0,0,0,260,47,0,65,12,0,5,55,0,8,0,0,36,19,0,13,8,0,0,4,0,0,0,66,17,0,0,8,10,9,0,10,0,0,0,5,0,0,0,41,12,117,22,0,0,17,0,7,177,0,0,266,10,5,0,0,15,48,0,12,7,0,0,22,0,35,0,85,0,80,51,0,16,0,8,0,30,27,9,7,0,46,0,0,46,95,22,33,28,25,0,0,83,0,9,769,21,0,0,3,8,13,10,14,0,0,0,0,0,0,7,0,5,41,0,0,61,0,14,8,434,15,0,0,0,233,16,17,0,11,0,0,0,16,14,0,5,0,0,9,0,0,25,67,0,0,0,0,0,259,0,87,0,7,11,27,18,0,0,6,115,7,0,0,12,0,0,97,18,0,0,34,5,18,0,361,0,0,28,0,34,17,17,19,10,6,0,6,0,6,0,12,0,6,19,10,6,5,7,10,0,0,0,0,0,3,24,17,0,54,0,0,14,0,0,0,0,0,0,19,0,0,0,131,20,14,11,7,13,0,30,0,0,12,55,0,91,138,0,5,0,23,11,0,0,33,29,63,3,0,26,31,0,13,0,0,0,0,0,0,15,7,0,0,18,0,0,37,28,0,16,0,0,0,51,0,0,0,5,0,0,0,541,0,13,103,90,0,0,0,0,0,0,48,0,24,9,0,0,26,39,0,0,17
1c6bf8efe709f63c28e0225da6870395,564,4993,3497,3604,581,1341,180,1272,916,1744,1931,3520,2100,3849,3320,12970,9828,3421,13567,4775,13785,11329,5085,1831,1644,2638,1638,4080,6458,2489,3468,1398,1916,2711,1198,1510,1892,2345,1512,978,3190,2287,1333,3279,2904,908,1607,2559,339,3360,2788,2987,567,1618,579,7129,4636,3812,1357,3076,985,3714,765,882,3691,2545,2401,4877,1386,2909,4252,3595,4966,10534,8604,14220,3244,3339,2985,3753,3180,4751,2688,5675,3843,5356,5402,4222,1223,1812,2708,3436,3292,3862,8409,3030,9216,2724,1379,5087,7343,3736,1239,8434,2833,4838,4265,1955,3480,4260,2245,4867,1411,439,3485,1970,3077,6408,6354,809,4638,2044,1979,2278,2457,3504,2961,1559,544,5074,5270,4208,1437,11112,3897,5392,10310,4655,1300,747,23715,7504,2916,2833,1940,1876,1103,5876,7268,2732,3695,324,1229,6947,1149,1245,3420,1964,15817,9121,639,969,6546,1671,151,13956,1228,6988,3085,1183,3602,3636,10875,330,1394,2535,7133,2741,6613,1730,2231,1626,2095,3588,1506,1970,6420,2588,773,1412,2337,14998,1161,349,969,3948,634,482,7750,3256,11696,2797,1535,1426,1436,1622,834,2140,7031,3960,3286,4276,954,6098,5012,1008,2227,4778,216,1719,1450,481,2961,3492,740,2645,2015,5953,1278,3182,2877,355,1438,871,1778,4986,4058,1040,13018,4259,1473,3351,1137,2557,3438,2486,10606,1882,915,4687,4468,628,9107,5863,4196,4775,5181,3124,2611,729,1385,6422,8394,3379,2389,2812,2827,2592,1332,1099,6178,1144,2394,3327,955,1416,3437,595,2984,4180,4646,1365,5347,3315,1845,951,2520,6069,4153,4202,7846,517,2329,6922,5544,1760,983,3856,11468,903,5047,2384,1724,2340,5584,4524,5186,5756,3320,2040,1187,1480,1629,1793,704,3077,1999,3650,1456,4219
f2d099ef5556f02539ded15181a3d994,90,510,180,690,156,44,12,175,71,67,48,530,44,335,50,1773,0,305,1679,293,947,2377,491,131,105,452,65,220,190,1011,1491,87,301,57,217,117,291,305,74,120,80,372,201,455,665,132,138,338,0,276,0,496,48,329,83,1926,117,525,150,136,84,424,13,192,331,476,129,1108,157,814,129,276,202,1853,394,1403,414,48,188,51,44,415,37,102,115,286,13,152,66,81,290,84,299,922,77,475,90,554,166,797,282,333,130,866,1055,870,474,20,941,160,152,504,352,5,581,138,474,15,377,63,209,118,248,636,316,987,224,235,106,919,102,304,32,1091,1356,123,564,556,0,31,202,408,524,937,192,280,0,213,68,345,301,42,177,540,70,187,4,253,264,623,510,200,1121,76,10,1515,236,972,658,90,852,327,1185,56,275,238,765,110,604,314,75,131,95,829,183,163,480,563,65,304,109,4646,119,49,237,521,67,127,596,333,307,168,444,40,163,113,136,320,556,339,409,197,138,163,396,159,52,104,3,361,109,83,342,305,41,1044,8,134,315,258,143,73,32,13,306,1153,522,54,1687,297,134,716,76,199,380,802,1404,369,547,408,146,7,212,179,203,254,458,115,239,319,191,1267,976,165,1038,137,465,861,122,125,201,19,609,152,18,55,325,74,174,687,715,253,300,518,210,395,179,1033,498,107,422,36,248,432,574,125,106,158,1252,70,315,468,444,1525,30,1006,215,481,31,399,108,178,171,9,381,270,113,454,253,142
304a3df568087b761af6bca76a3816aa,0,0,0,0,0,0,0,0,0,0,0,22,0,11,0,0,0,0,0,0,0,0,0,0,0,0,0,0,0,0,0,0,5,0,11,0,0,33,0,0,0,8,0,0,0,0,0,0,0,0,0,7,0,5,0,0,0,0,2,0,0,0,0,4,0,0,0,0,4,32,4,0,0,0,0,0,0,0,4,0,0,0,0,0,0,0,0,0,0,0,0,0,0,0,0,0,0,5,0,0,0,0,0,10,10,0,0,0,0,0,0,0,0,0,3,0,0,0,40,0,0,0,0,0,0,0,0,0,0,7,0,0,0,0,10,0,0,0,0,0,0,0,0,0,0,0,0,0,0,0,0,0,2,0,0,8,0,50,0,0,0,0,0,0,0,0,0,0,0,0,0,27,0,0,5,10,0,0,16,0,8,0,0,25,0,0,0,0,0,5,0,3,0,0,0,0,0,0,14,0,0,0,3,0,31,0,4,0,0,0,0,0,26,0,0,0,0,9,4,0,0,0,0,8,9,0,0,0,30,7,0,0,0,18,0,0,0,0,0,0,0,0,0,0,0,0,0,0,0,0,0,0,0,0,0,0,0,0,4,3,2,8,18,0,54,0,0,17,0,0,0,0,0,0,0,0,16,0,0,9,17,0,0,0,19,0,0,0,0,0,0,0,8,0,0,0,0,0,0,11,0,0,0,0,0,0,0,0,0,0,13,0,0,0,0,0,0,0,0,0
2ddd18d49a8163e0fc79e28ea6273254,0,2,0,0,0,0,5,0,15,28,9,36,0,37,0,2,0,54,32,4,14,11,39,14,5,0,0,35,0,12,14,14,109,6,18,10,5,38,0,0,3,9,3,45,0,15,10,64,0,4,107,32,0,62,4,0,6,2,0,3,0,34,11,18,23,0,23,84,3,325,10,9,34,11,23,0,0,3,43,4,0,0,459,7,65,27,0,0,11,0,34,17,0,192,0,5,0,166,33,0,7,63,0,13,19,2,0,0,19,0,56,46,2,0,322,3,4,0,29,7,16,0,23,0,16,20,0,0,11,32,0,62,0,0,42,14,3,8,0,0,52,26,12,2,0,8,0,37,4,59,25,0,27,0,5,43,3,0,0,0,17,0,0,5,0,0,55,86,197,7,50,30,0,0,2,93,101,0,100,6,64,57,0,571,65,0,144,71,23,7,11,15,72,0,5,0,0,0,99,27,6,0,10,0,155,0,28,79,258,9,0,4,15,38,42,0,10,7,29,9,0,12,11,10,0,58,14,29,83,26,25,42,0,0,0,12,0,0,0,60,88,3,0,90,8,17,301,0,23,49,0,9,7,27,0,0,2,0,58,14,12,15,204,9,167,3,35,53,90,48,22,14,244,13,81,2,14,0,0,7,38,6,24,60,48,25,36,104,0,11,27,4,29,13,25,62,0,0,574,23,0,33,68,0,7,56,0,144,0,76,11,0,3,0,18,5,0,13,5,0
42604f7f8bfc866837a5370b4b667382,0,0,15,92,0,0,2,0,3,19,0,23,0,0,0,24,0,12,0,0,86,0,69,0,18,28,9,14,7,0,0,0,0,8,6,22,0,29,0,9,31,33,18,10,8,2,34,0,0,5,0,0,0,0,0,0,0,17,27,0,34,33,0,8,0,7,0,3,9,56,15,0,37,11,0,0,0,11,144,0,22,0,0,41,18,40,0,0,0,9,15,0,5,0,22,37,23,16,21,0,9,0,0,41,0,21,0,15,8,0,0,25,25,0,99,0,13,0,16,0,57,0,45,0,11,11,3,17,0,4,0,25,0,0,13,28,0,0,0,0,0,6,0,0,0,0,0,0,15,0,87,8,22,13,14,0,0,0,0,0,0,0,6,43,0,0,0,18,60,20,0,8,0,0,18,99,66,102,39,0,26,35,0,100,16,0,0,16,0,0,0,51,0,0,0,0,20,21,35,8,28,6,31,4,49,2,16,14,18,0,6,44,62,38,0,35,0,14,4,8,20,0,22,48,11,24,0,13,28,3,15,13,17,5,4,0,29,23,25,53,6,0,23,3,33,29,0,0,0,12,6,0,0,4,0,0,0,0,19,11,2,18,41,0,75,7,0,11,0,0,0,14,100,0,0,7,9,0,39,16,0,11,13,17,17,11,39,4,0,0,8,0,34,0,147,19,7,19,176,20,2,0,7,0,87,10,0,14,26,0,14,0,28,0,0,0,54,33,0,3
de4edf45ab75f6490e1ada65b0e0306f,0,0,0,0,0,0,0,8,0,0,0,0,0,0,0,0,0,0,0,0,0,0,26,0,0,0,0,15,0,10,10,0,6,0,0,0,0,5,0,0,0,0,0,6,0,0,0,0,0,0,0,0,0,0,0,0,0,0,0,0,0,13,0,15,0,5,12,0,0,8,0,0,0,7,0,0,0,0,0,0,0,0,41,6,0,0,0,20,0,0,0,3,0,7,0,0,0,0,23,3,0,0,0,12,0,0,0,0,0,0,6,16,0,0,0,0,0,0,0,0,7,0,0,0,0,23,0,0,0,0,0,0,0,0,10,0,0,0,0,0,49,0,0,0,0,0,0,0,0,0,0,0,0,0,0,0,0,0,0,0,0,0,0,0,0,0,7,0,6,0,0,0,0,0,0,19,29,0,7,0,0,14,0,0,0,0,0,7,0,0,0,0,21,0,0,0,0,0,0,0,0,0,0,0,0,0,0,0,0,0,9,0,0,12,7,0,0,0,6,27,0,0,7,0,0,16,0,6,0,0,0,0,0,0,0,0,0,0,0,0,120,0,0,0,0,0,9,0,0,32,0,0,3,10,0,0,0,0,0,0,0,3,0,0,0,0,0,0,0,0,0,6,10,3,0,0,10,0,0,0,0,0,0,5,0,0,0,15,0,0,0,0,0,0,0,0,0,0,26,0,0,0,0,0,0,0,0,0,0,8,0,0,0,17,0,0,0,6,0,0
e1a9800482df461df81429b3b8f859a1,3,39,32,133,0,0,0,0,3,77,0,0,0,5,11,51,79,6,194,0,0,0,89,3,33,25,0,33,13,22,0,0,0,25,9,0,0,48,32,0,40,27,25,66,20,7,61,0,9,2,0,8,0,0,0,0,3,5,31,0,44,16,0,10,0,14,6,0,0,7,23,4,51,41,8,23,0,6,122,12,42,17,0,20,0,24,0,0,0,0,0,20,10,0,80,56,28,22,0,0,0,0,173,17,14,5,6,63,13,11,0,0,39,0,27,0,20,28,8,0,60,3,0,0,0,41,15,15,0,18,3,17,0,4,58,61,14,0,0,0,0,0,0,0,0,11,115,0,12,123,27,18,53,0,8,0,0,0,32,11,40,5,153,16,0,4,0,301,0,34,0,0,22,0,14,82,0,0,0,0,17,18,15,131,8,24,0,25,17,4,8,31,15,21,0,0,36,0,60,0,19,0,6,0,45,0,26,33,32,14,41,41,20,48,0,0,0,67,0,9,16,6,0,594,12,25,8,0,0,21,6,0,69,4,14,26,13,4,77,46,67,0,13,17,0,11,0,6,0,31,2,0,0,22,10,0,13,51,20,14,12,4,19,15,22,46,12,21,3,0,3,5,38,0,0,28,0,0,35,16,10,26,66,0,6,0,101,0,0,0,23,0,127,0,67,10,10,36,125,52,7,40,0,158,0,5,0,140,18,0,59,0,11,0,7,0,52,84,12,0
c38ee4acf990375c9b9df651cf77bf7c,34,122,30,504,0,393,0,7,4,291,7,6,58,0,26,322,1352,0,381,10,64,10,0,28,37,71,6,78,76,52,11,0,18,65,6,7,0,31,3,5,76,0,26,12,19,13,10,0,0,47,0,0,43,3,0,28,0,37,174,26,22,19,7,15,5,68,0,34,22,9,12,0,100,43,61,0,0,18,100,18,75,17,57,227,123,39,0,27,5,10,9,31,106,177,51,14,306,11,9,51,0,0,78,29,0,14,309,98,177,55,11,21,202,42,4,11,0,0,19,0,70,100,111,0,3,16,100,638,0,0,119,82,0,13,46,223,0,9,0,47,0,83,11,0,0,20,45,67,233,0,28,13,53,19,25,13,0,11,289,0,50,20,116,91,0,172,8,0,20,160,0,28,172,5,22,173,110,15,716,33,145,0,18,124,7,48,0,53,76,5,40,168,20,0,4,116,4,12,58,5,0,27,0,0,8,0,6,15,54,61,54,69,18,106,0,0,16,23,5,11,39,28,26,241,9,42,124,20,55,28,27,0,136,2,64,42,65,0,77,203,37,0,14,17,349,70,0,4,0,17,8,24,192,0,32,16,13,312,24,24,0,4,23,60,29,58,0,23,24,14,26,48,43,7,51,42,4,0,255,449,0,46,116,10,0,17,74,112,24,53,0,0,27,16,293,10,13,54,78,6,22,0,3,57,289,6,79,377,173,0,7,0,0,110,0,0,366,103,25,31
321b7763c5946d79f50284281735d5b0,0,14,31,219,0,0,0,0,10,26,0,6,0,6,32,0,0,0,24,0,23,0,21,6,4,0,0,0,0,0,0,0,7,20,0,7,0,38,0,0,86,0,0,0,22,0,44,0,0,6,0,0,0,0,0,0,8,0,0,0,10,0,8,5,0,15,23,27,0,0,31,0,0,0,0,0,0,13,39,0,33,0,0,18,47,0,0,0,0,0,0,0,9,0,0,0,3,2,0,0,0,0,0,4,0,0,0,152,0,14,0,0,0,0,51,0,9,0,64,0,48,41,0,0,20,0,12,35,0,0,26,0,0,5,28,4,0,0,0,0,0,10,0,0,15,0,0,0,125,64,0,3,17,0,12,7,0,15,0,0,0,9,0,12,0,6,0,0,5,13,0,32,0,0,0,25,54,4,6,15,49,29,0,40,7,7,0,0,4,4,0,0,0,0,0,16,0,0,120,0,45,7,0,6,16,0,12,0,9,0,0,56,91,35,0,27,0,21,0,0,26,0,8,13,14,0,7,0,44,0,0,0,70,10,23,0,99,0,63,12,46,0,16,0,23,0,6,0,0,0,0,0,32,0,15,0,0,4,0,32,0,84,0,3,13,19,9,9,0,0,0,5,18,0,0,32,0,0,98,8,13,0,6,0,0,0,61,0,0,20,6,0,5,0,41,0,0,71,29,3,7,0,0,66,95,67,0,0,30,0,0,0,8,0,0,0,13,0,0,0
01491b7ad3b35c7e644dd24ae831bee2,15,0,9,60,0,0,4,4,0,75,45,71,8,0,27,5,12,0,39,0,13,0,38,18,31,32,12,39,85,25,0,0,46,0,99,17,115,100,0,25,20,33,74,48,33,0,92,0,26,0,0,12,0,0,6,34,0,0,30,0,50,8,13,21,10,41,16,88,21,115,134,57,93,188,0,0,0,53,166,0,12,0,0,12,49,59,0,0,0,0,13,22,10,39,0,37,34,48,57,0,22,45,133,35,60,56,0,17,32,41,0,12,93,17,109,20,113,0,51,34,77,59,0,0,0,45,20,0,0,232,0,0,0,17,137,113,15,0,0,0,0,18,48,12,10,29,0,0,11,33,0,18,123,18,31,39,0,145,81,8,30,0,82,0,0,0,0,18,21,64,0,18,0,0,49,151,7,57,58,20,42,0,12,17,0,0,74,75,20,17,3,30,0,0,0,35,67,38,53,35,56,18,19,11,55,11,7,74,12,36,66,19,61,216,0,117,21,220,0,105,16,48,24,60,5,41,14,18,76,49,57,0,20,23,0,52,10,19,40,0,87,0,18,0,103,21,18,4,0,64,0,0,6,0,0,30,0,19,30,67,35,0,40,24,110,28,15,24,53,47,35,17,46,0,0,36,25,30,87,27,43,45,96,25,32,28,51,286,22,9,47,0,150,0,90,31,3,24,84,62,57,20,27,61,127,31,0,58,99,6,68,0,18,0,0,0,58,147,156,54
a67690654fca1914946ee270222b7247,6,89,99,301,12,0,0,0,25,115,0,115,27,160,173,343,26,0,881,41,193,39,192,40,88,183,27,67,75,51,15,0,26,46,133,26,369,98,17,5,37,29,155,62,62,33,71,19,12,168,0,76,27,8,3,41,265,77,179,53,54,14,145,19,37,62,37,101,30,114,41,46,42,139,9,33,27,80,206,9,78,177,34,44,98,65,0,23,4,32,35,123,29,289,27,37,11,53,99,49,44,12,89,68,33,8,46,444,37,69,28,2,9,13,256,8,80,1029,130,0,68,786,65,0,10,23,69,53,0,34,0,0,0,147,212,91,15,12,0,5,0,192,39,43,13,20,253,237,147,286,132,45,70,184,35,24,0,28,102,41,28,10,349,47,9,200,40,407,41,79,0,62,358,4,189,156,129,80,943,51,51,26,41,67,55,35,15,16,36,12,58,27,34,4,19,75,69,0,137,0,106,44,92,0,237,6,16,55,182,7,81,774,117,292,0,60,47,57,5,56,326,19,69,288,13,49,187,11,124,42,44,7,171,0,21,17,145,48,98,215,161,130,82,13,213,39,81,0,8,28,9,8,88,57,40,12,20,94,36,17,22,58,110,65,69,162,77,28,120,2,23,97,39,25,17,155,24,0,98,352,123,52,145,16,57,23,85,316,0,136,184,0,13,0,243,20,31,95,218,20,51,12,87,230,20,72,67,473,109,11,44,0,50,66,58,17,136,294,95,69
95c08da59378a0eb674c2b7dab943428,8,48,66,184,8,13,20,17,0,168,26,179,8,23,37,93,494,16,492,94,149,75,366,63,114,327,19,90,55,32,0,10,13,97,154,44,185,245,126,12,187,37,66,48,36,0,63,44,0,97,0,0,40,6,0,27,43,74,63,19,112,41,60,9,17,0,35,332,41,449,462,270,82,465,17,131,46,157,269,0,50,45,91,43,152,87,0,28,0,54,34,37,89,234,20,66,29,58,16,42,76,14,64,205,32,35,0,32,21,84,24,114,265,0,322,0,0,152,229,29,133,110,31,0,53,75,87,15,4,56,0,39,0,420,214,81,31,0,7,45,28,87,294,42,44,24,127,5,111,190,113,0,62,207,85,22,0,286,106,34,26,0,337,97,2,76,0,207,43,110,0,39,1242,5,52,101,249,102,458,79,81,39,12,116,76,27,25,111,31,45,150,184,0,6,4,57,36,0,152,14,66,74,566,12,81,41,67,147,127,101,26,86,31,302,0,86,37,119,0,45,109,32,39,94,31,53,28,99,145,58,63,0,184,38,21,74,221,84,87,153,28,0,82,87,200,71,216,23,19,39,66,0,32,45,60,99,33,76,37,72,6,102,137,101,206,193,68,73,52,48,24,66,44,9,6,179,44,7,37,124,49,114,75,17,66,9,108,152,0,35,152,0,112,24,178,29,16,89,268,122,125,13,57,166,193,116,214,299,454,0,85,0,152,18,28,11,85,131,41,272
6a49b0df18b1abfe220ecc00d5cbf296,0,204,66,365,13,16,0,0,0,66,0,48,11,67,42,67,337,0,366,18,96,8,98,83,225,164,19,31,13,33,19,0,14,81,42,25,49,154,0,7,52,22,103,54,51,41,103,0,8,65,0,35,0,0,0,31,26,30,77,39,16,7,50,18,23,32,63,13,130,25,50,31,75,167,51,65,10,126,82,50,94,38,0,14,65,65,0,42,6,0,55,79,52,21,29,46,47,31,63,33,26,0,96,65,22,0,0,475,5,41,6,0,160,0,73,13,103,44,71,0,117,41,0,0,0,0,51,0,0,17,60,29,0,82,131,27,29,0,8,11,0,80,16,16,71,53,211,173,309,268,193,15,25,31,37,47,0,0,0,64,27,0,43,56,23,213,0,80,15,61,0,48,275,0,91,93,100,103,267,30,88,54,35,54,25,32,19,24,48,55,32,78,31,0,0,40,10,0,167,10,17,31,6,0,27,0,38,40,125,31,22,705,37,327,0,53,33,0,0,31,171,15,0,149,14,0,75,19,123,0,0,0,203,43,156,30,148,324,186,146,92,41,34,24,212,34,49,24,32,32,32,21,94,32,43,36,12,118,52,0,30,58,115,43,85,363,17,30,34,0,41,75,45,14,20,86,22,7,75,157,52,54,73,0,0,0,60,91,3,116,159,0,8,69,143,17,10,194,270,0,26,50,37,113,80,65,36,251,153,0,0,12,33,50,0,0,148,31,26,13
5c4a1032c65d0d99d6d6bee379b63a2c,0,0,112,144,0,0,0,0,0,41,5,3,0,13,22,38,0,0,22,0,27,0,281,19,123,904,10,0,0,0,0,0,4,440,0,29,0,458,0,0,0,0,105,0,46,13,74,17,0,160,0,10,0,0,0,0,10,33,640,47,23,6,216,0,0,69,110,0,0,41,30,0,12,16,0,0,0,16,0,0,299,0,0,23,392,14,0,0,0,0,38,40,48,0,0,7,0,12,17,0,0,0,0,60,0,0,0,510,17,128,0,0,0,0,95,3,163,6,236,12,58,47,54,0,17,0,0,118,0,0,38,0,0,41,25,119,0,23,0,0,0,0,0,0,60,63,27,0,600,207,0,10,78,40,0,25,0,0,0,0,0,14,0,51,0,37,0,0,0,55,0,24,0,0,135,187,33,48,658,17,456,42,10,29,81,47,0,0,64,0,48,8,0,0,23,0,0,51,257,3,55,15,0,4,82,7,47,0,621,0,0,769,103,528,0,31,0,67,31,57,958,23,39,215,0,0,76,0,45,14,0,0,18,104,0,52,2400,642,222,107,9,0,39,12,585,0,0,0,4,21,6,0,0,0,0,47,0,107,13,104,0,13,254,55,0,166,10,40,28,0,59,194,5,0,0,43,5,0,0,192,46,0,285,6,0,0,87,6,0,86,91,0,0,0,363,0,0,362,650,39,0,0,0,0,172,28,0,0,150,0,89,0,20,0,0,0,142,0,0,0
c4228a5878f56464e576996e95eefc5e,0,0,0,14,0,6,0,0,9,6,8,22,2,21,0,9,0,0,0,0,8,0,8,10,0,0,0,5,3,3,0,0,3,0,19,5,0,49,35,8,11,60,22,2,5,6,21,0,0,0,29,13,0,16,0,0,0,3,0,0,0,38,0,5,0,0,12,0,14,384,16,0,21,0,0,0,0,10,96,0,0,0,0,0,0,8,0,0,0,16,28,16,3,0,0,8,0,93,0,0,16,8,0,8,15,0,0,0,4,0,73,0,0,0,38,26,17,0,20,0,27,0,12,0,0,16,0,0,0,13,0,15,0,0,21,0,11,0,0,0,0,28,6,0,3,3,0,0,0,33,20,0,0,0,9,21,0,0,0,0,19,4,0,0,0,0,15,17,26,36,0,13,0,2,3,55,0,23,24,0,33,21,5,69,34,0,18,31,7,5,0,16,0,0,0,0,0,19,7,13,4,0,19,0,41,0,9,34,49,0,0,0,30,21,0,19,0,34,13,24,3,0,5,21,2,12,0,3,19,18,0,15,0,22,0,0,0,36,3,16,26,3,0,11,0,5,30,0,0,19,0,0,0,0,0,7,0,0,5,8,23,16,154,0,86,3,18,9,12,0,8,0,18,0,6,0,13,0,0,10,45,0,21,25,22,8,11,14,0,0,3,0,11,0,34,0,4,3,77,10,9,5,18,2,12,8,0,0,9,0,19,12,7,0,13,0,0,7,0,0
f55e6f0203460ecfb665c9dbc579b714,7,27,155,160,7,0,11,0,32,334,18,105,0,171,0,10,639,0,226,23,74,0,142,14,33,0,19,4,25,93,0,0,0,0,25,66,0,120,0,3,30,11,148,213,43,19,109,0,6,93,0,31,59,6,0,19,28,5,45,22,4,26,30,58,32,109,0,174,144,120,405,5,14,118,0,0,35,0,317,0,178,0,7,52,85,74,0,0,0,0,16,97,80,297,131,72,9,57,10,0,0,0,14,90,18,40,0,429,40,8,10,73,0,0,260,0,98,0,111,0,50,67,41,0,0,21,44,332,0,56,7,169,2,0,55,202,0,35,0,11,0,46,0,0,55,119,100,0,215,347,206,20,89,10,0,167,0,18,477,18,0,91,0,69,0,0,0,14,140,81,0,78,310,18,123,186,73,0,204,91,216,59,9,274,54,47,0,39,111,43,67,59,9,21,3,0,56,21,44,0,302,109,182,14,93,0,10,106,86,71,45,109,43,300,0,33,30,30,9,22,3,3,113,562,63,23,137,12,42,0,71,0,128,12,13,11,34,107,105,131,120,46,27,0,160,31,58,10,35,67,20,29,257,0,27,26,0,182,75,74,39,47,49,39,152,94,26,83,9,0,37,346,164,0,7,94,11,8,0,64,30,29,81,9,21,0,171,43,0,23,228,21,49,0,141,0,26,52,143,10,9,32,40,7,512,70,87,0,78,23,84,23,0,60,0,33,205,5,0,57
b73c9d186b67a61bce0ba79c990aef39,23,0,0,0,0,0,11,0,0,146,19,86,0,86,0,0,0,12,26,9,3,0,0,91,217,0,3,0,12,194,0,0,142,28,22,183,0,190,0,0,57,0,0,94,42,35,0,0,21,0,0,6,0,36,0,0,19,49,31,0,21,31,0,53,0,57,0,300,0,613,229,71,38,0,0,0,0,0,0,0,17,0,28,380,0,37,0,0,0,0,0,26,0,0,0,20,0,51,0,0,22,55,0,33,0,0,0,4,134,3,24,0,0,0,308,0,61,0,268,0,0,0,56,0,9,4,8,0,0,5,0,0,0,30,44,6,0,91,0,97,0,363,0,0,289,0,11,0,8,26,0,16,153,0,18,371,0,112,0,258,0,26,252,0,0,31,0,171,7,73,0,0,0,0,53,357,359,87,0,144,0,136,22,1510,668,70,0,150,224,38,0,55,36,90,0,0,0,0,161,25,127,0,20,0,99,0,44,134,109,28,0,155,114,310,0,149,119,74,0,132,5,0,113,993,0,0,0,9,83,32,89,13,4,38,3,134,0,0,948,152,0,39,48,90,117,8,63,0,46,89,44,11,48,0,0,146,0,0,58,88,32,0,368,77,125,78,94,273,213,0,52,149,181,0,5,12,18,0,0,0,19,0,5,32,64,0,556,169,0,7,30,6,130,0,93,0,0,16,801,91,30,67,27,41,0,175,10,0,23,17,131,36,31,0,22,37,201,0,0,14
6960eba3db7d4d863d042ab497d7481a,12,3,0,0,0,18,0,5,10,29,7,12,0,0,0,4,0,8,68,9,38,0,111,31,38,0,0,0,11,57,124,0,32,3,0,8,0,7,0,0,0,16,7,14,0,29,12,21,0,5,120,19,0,0,0,5,23,3,6,0,0,45,7,59,0,20,65,12,0,61,2,45,36,65,29,0,0,0,34,0,0,0,287,3,8,24,0,0,2,7,10,27,5,70,48,0,0,5,53,133,0,74,0,30,58,17,0,10,29,0,18,0,4,0,12,14,9,3,22,17,23,10,3,0,0,6,16,279,0,0,0,236,0,2,8,0,0,0,0,46,195,4,7,0,9,0,0,21,12,6,8,7,0,0,32,28,6,0,0,99,12,5,35,61,0,15,46,81,0,36,5,134,0,0,0,218,12,0,27,7,163,51,4,45,24,9,29,78,116,0,0,53,31,0,20,6,0,0,132,28,35,0,0,4,7,6,0,23,0,98,14,31,95,39,27,34,0,23,0,0,0,10,8,0,0,19,30,47,10,26,3,0,4,8,0,0,7,0,0,0,296,30,0,18,41,42,0,0,9,233,17,9,17,7,0,19,0,8,15,66,0,11,0,8,5,11,0,53,31,0,52,24,51,0,45,0,38,0,0,234,13,0,51,0,0,0,0,42,5,17,6,5,27,12,0,0,0,0,33,0,0,40,4,0,0,0,0,91,11,3,9,15,0,26,0,28,6,16,3,0
d2a7d567b64364c09cf4bea1e3f5aef5,0,0,0,0,0,0,0,0,0,0,0,0,0,0,0,0,0,0,0,0,0,0,34,0,0,0,0,0,7,24,0,38,0,0,0,0,0,0,0,0,0,0,0,10,0,0,0,0,0,0,0,0,0,0,0,0,0,0,0,0,0,22,0,9,0,0,33,13,0,48,0,0,0,0,0,0,0,0,0,0,7,0,0,0,0,3,0,0,0,0,0,0,0,31,0,0,0,0,0,22,0,36,0,0,0,0,0,0,0,21,0,0,0,0,7,0,43,0,0,0,0,0,0,0,0,0,0,0,0,0,0,0,0,10,0,0,0,9,0,0,11,0,0,0,0,0,0,8,7,0,0,0,0,0,0,17,0,0,0,0,0,0,0,0,0,0,0,0,0,13,0,0,0,0,0,0,0,0,0,0,0,19,0,0,0,0,0,0,9,0,0,29,0,0,0,0,0,0,0,0,8,0,0,0,0,0,0,0,0,0,0,0,0,0,0,18,0,12,0,0,0,0,28,9,0,0,0,0,0,0,0,0,0,0,0,0,0,0,0,0,15,8,0,0,0,0,0,0,0,14,0,0,0,0,0,0,0,0,0,0,0,0,0,0,0,0,0,38,0,0,0,0,0,0,8,0,0,0,0,0,0,0,0,0,0,0,0,0,0,0,0,0,0,33,0,0,0,0,0,0,0,14,0,0,0,13,0,0,6,0,0,0,0,0,0,6,0,0,0,0
6545176af2fa076f03140433793c0d00,53,93,118,1226,0,27,0,29,157,489,39,110,8,71,281,72,196,7,299,11,106,0,308,302,635,133,57,172,24,438,0,81,52,96,32,81,174,348,68,0,84,47,28,154,89,31,125,0,10,60,0,19,16,6,0,85,106,9,159,119,50,190,98,116,3,47,338,220,63,450,378,159,1144,256,85,114,4,58,466,209,284,15,43,83,1421,98,3,45,22,63,57,320,139,179,678,28,327,30,90,56,7,519,86,41,201,15,0,410,53,175,65,0,1318,22,243,197,1184,225,133,46,132,359,83,91,117,42,89,117,26,77,90,18,15,46,251,341,33,36,0,18,0,75,16,11,27,91,455,0,237,350,292,292,117,30,137,113,53,0,0,314,90,143,310,1024,21,51,0,382,44,428,0,39,16,5,60,721,77,49,697,229,963,75,102,247,178,331,12,307,107,13,93,78,59,52,53,171,137,30,1003,115,161,67,112,58,172,17,77,167,46,117,153,123,241,168,699,413,95,63,0,78,97,224,555,633,19,0,359,136,79,116,42,0,76,238,57,102,485,33,307,1707,253,66,30,10,473,55,31,0,14,334,110,25,251,140,219,143,30,533,52,345,35,6,137,475,236,54,29,235,21,4,248,437,200,0,13,137,67,4,127,381,28,56,52,0,9,40,579,90,14,284,73,25,103,82,136,7,64,98,628,119,31,282,21,89,1105,82,248,1007,1399,10,140,28,46,40,0,179,366,47,130,70
ebc68f0a3a40711c1b0df994d93a6cac,0,0,0,0,0,0,0,0,5,1,0,0,0,0,0,0,0,0,0,0,9,0,0,0,14,0,0,0,0,0,0,0,0,0,0,0,0,0,0,0,0,0,0,0,0,0,0,0,0,0,0,0,0,0,0,0,0,0,0,0,0,0,0,0,0,0,0,0,0,4,0,0,6,0,0,0,0,0,0,0,1,0,10,0,0,0,0,0,0,0,0,11,0,0,0,0,0,0,0,0,0,12,0,0,6,0,0,9,0,0,0,0,0,0,0,0,6,0,0,0,8,0,0,0,0,0,0,0,0,0,0,0,0,0,0,0,0,0,0,0,0,0,0,0,0,0,0,0,4,0,0,3,21,0,0,0,0,0,0,0,0,15,0,0,0,0,0,0,0,5,0,0,0,0,0,1,0,0,5,0,0,7,0,0,0,0,0,0,0,0,6,5,0,0,0,0,0,0,1,0,0,0,0,0,0,0,0,0,0,0,0,0,0,0,0,0,0,0,0,0,20,0,6,0,0,0,0,0,0,0,0,0,0,0,0,0,0,0,0,2,0,0,0,0,0,0,0,0,0,14,0,0,0,0,0,0,0,0,0,11,0,0,0,13,0,3,0,0,0,0,0,0,0,0,6,0,0,0,0,0,0,0,0,0,0,0,1,0,0,0,0,0,0,0,0,0,0,0,0,0,0,0,0,0,0,0,0,0,0,0,0,0,0,0,0,0,0,3,0,0
719ab97ff4cf3c7b809b054134f4dc70,91,1055,724,8391,34,546,0,21,186,2061,30,41,510,240,25,652,598,22,941,33,719,31,425,313,423,2573,86,70,528,1042,141,0,63,605,2,102,1693,201,48,30,1275,275,34,621,271,305,521,0,91,346,0,17,378,0,10,0,592,66,683,105,335,67,161,67,21,207,182,354,189,458,167,0,846,240,193,55,174,89,1105,425,750,194,424,1906,690,710,9,549,13,61,561,692,2064,886,1204,251,936,60,362,434,0,54,2949,357,153,590,77,1150,777,448,195,33,1838,0,158,126,220,772,23,0,568,1396,196,14,409,12,576,2228,6,147,1160,633,0,76,308,1855,94,82,4,163,191,165,0,63,338,146,60,571,1263,1514,889,353,1287,542,458,79,0,53,3537,1673,47,195,5013,561,80,338,4,318,355,515,31,1016,114,69,323,1571,535,340,1545,415,1475,273,588,226,57,548,0,250,513,0,202,124,226,17,53,1292,186,44,453,113,435,593,665,59,292,5,32,118,106,507,331,1220,654,491,11,277,1027,241,28,0,360,357,147,2728,102,35,1289,221,553,131,133,0,1436,0,519,444,383,26,432,1079,837,15,428,48,606,413,160,16,83,462,151,385,1034,578,329,136,604,3269,129,382,21,198,21,405,315,762,196,213,312,0,132,1352,616,58,289,435,70,29,1580,870,21,390,507,6,0,342,990,825,293,284,787,64,1456,247,425,42,232,493,265,228,645,77,16,1622,1222,157,2146,1372,742,25,735,0,333,197,15,20,3586,1061,424,279
3fae853851bfe19cdb50e15749f373b6,1277,66079,13781,51234,400,3076,222,2782,2426,10439,1387,2298,6208,1781,6367,19072,16998,1127,20991,3115,15110,7300,4017,9700,7327,12043,2894,6333,4311,6059,6838,603,1563,7355,1965,4618,12958,8333,2253,1002,8043,6293,3243,5817,3765,6564,7267,619,1261,10075,2154,4700,2581,1408,293,2647,13527,1994,6045,4809,3316,3551,2328,5138,3025,5989,7287,7635,6970,7535,6101,598,10503,26975,6341,6521,3126,3847,14018,12921,16767,11593,4315,8053,6315,6020,2821,15402,1045,1301,8941,10868,16225,10287,21417,4833,13992,1992,10799,9754,3003,3116,15432,12939,2974,7911,5884,11519,4968,6176,2418,2594,9486,1543,5622,3337,2666,19608,6493,923,8470,5696,2148,1732,3838,8033,15199,13318,570,3567,7560,9719,544,10959,4511,15093,5386,2220,1734,858,13343,8696,3669,2775,3371,4191,9742,16074,17311,15241,12141,2742,5590,4340,9233,1663,6180,3318,24430,11582,11282,4585,37626,7693,751,14600,581,12653,9115,4476,3750,8996,16351,801,10715,7950,9773,3782,10301,3828,10029,1565,7464,1554,2649,4485,4147,5948,3760,710,3471,3289,3250,750,592,18882,2793,1730,9772,1650,2989,6323,8363,2418,4138,1126,2959,2571,3314,7228,7557,9497,8298,20403,8251,3029,6964,10370,669,1509,5965,5174,6790,14213,940,2009,18634,10165,4894,2743,5843,1128,17157,1443,12103,5399,2155,4037,16472,11393,6237,5666,1776,2247,3794,10360,4732,3847,768,12084,4002,1666,3569,7450,7209,4304,6644,20804,2520,4683,1237,1691,2309,6054,5807,10491,6335,4896,3700,1346,4448,11384,5444,2043,1463,10067,4452,1486,13422,12924,2556,7904,8985,2920,1513,1912,7256,4710,3002,3256,10325,734,10568,9954,11579,2634,4113,9757,11897,6247,5251,4200,1381,11744,14033,3626,16857,8065,8249,943,3929,1793,5889,12400,330,2025,10272,13089,2967,12951
a99fb503372ef5103fa41e0c743bbad2,11,17,11,11,0,0,0,59,13,0,84,70,16,40,37,115,37,26,124,40,8,169,41,0,0,10,10,48,19,9,17,52,6,24,20,25,21,16,9,10,8,0,13,0,0,21,18,0,0,14,0,18,0,62,0,19,9,13,11,51,15,38,34,11,0,38,220,27,28,104,0,79,117,9,32,10,6,17,26,47,13,78,230,33,108,20,43,34,68,19,123,72,7,71,39,20,22,28,119,47,16,146,48,5,0,20,31,12,0,17,71,29,6,34,12,43,36,14,8,0,12,34,33,41,0,120,6,17,10,28,0,103,23,86,13,48,29,53,3,7,27,0,12,53,100,30,0,6,6,42,27,0,14,58,18,27,34,78,16,23,5,19,14,4,3,15,23,0,15,6,29,22,22,12,14,19,46,18,11,0,22,19,52,0,33,0,166,80,19,10,6,290,39,3,26,69,0,13,158,80,29,0,13,11,11,11,0,0,19,111,0,15,35,40,108,21,18,37,0,14,3,0,90,16,6,90,22,87,41,72,42,4,0,0,0,28,39,14,4,23,8,27,0,39,11,73,15,0,0,44,22,0,106,126,10,107,19,0,15,9,80,47,63,2,13,6,7,15,26,0,25,18,17,14,38,15,28,8,0,0,7,34,25,30,8,43,14,139,109,26,63,9,28,165,45,21,0,4,70,0,28,29,25,4,0,42,18,16,3,74,32,31,2,15,11,76,17,60,64,23
